project,task_unit,model,split_strategy,experiment_id,train_source,query_source,target,window,MAP,MRR,P@1,R@1,P@3,R@3,P@5,R@5,P@10,R@10
celery,cross,bge-small,recent,desc_qtitle_file_w100_recent,desc,title,file,w100,0.56711427154195,0.6006924603174604,0.545,0.4055892857142857,0.3233333333333333,0.5694603174603174,0.223,0.6062698412698413,0.1295,0.6499384920634921
celery,cross,bge-small,recent,desc_qdesc_file_w100_recent,desc,desc,file,w100,0.5685635582010582,0.6022559523809524,0.555,0.4122559523809523,0.3116666666666667,0.5693650793650794,0.221,0.6179603174603175,0.1255,0.6459305555555556
celery,cross,bge-small,recent,desc_qcomments_file_w100_recent,desc,comments,file,w100,0.4548629298941799,0.4903154761904761,0.43,0.32825,0.2416666666666666,0.4656388888888888,0.166,0.5127698412698414,0.0939999999999999,0.5842281746031746
celery,cross,bge-small,recent,desc_qtitle_module_w100_recent,desc,title,module,w100,0.7950335317460318,0.8155119047619048,0.71,0.52325,0.4349999999999999,0.8825,0.286,0.9471666666666668,0.1505,0.995
celery,cross,bge-small,recent,desc_qdesc_module_w100_recent,desc,desc,module,w100,0.7845238095238096,0.8045476190476191,0.69,0.5065833333333333,0.43,0.8645833333333335,0.285,0.9455,0.1505,0.995
celery,cross,bge-small,recent,desc_qcomments_module_w100_recent,desc,comments,module,w100,0.7340327380952381,0.7552500000000001,0.62,0.4424166666666666,0.4083333333333332,0.8258333333333333,0.286,0.9455,0.1505,0.995
celery,cross,bge-small,recent,title_qtitle_file_w100_recent,title,title,file,w100,0.5775688019652305,0.6082936507936507,0.57,0.4178809523809523,0.3266666666666666,0.5612936507936508,0.229,0.6028174603174603,0.129,0.6467936507936508
celery,cross,bge-small,recent,title_qdesc_file_w100_recent,title,desc,file,w100,0.5445016369047618,0.5782876984126983,0.525,0.382047619047619,0.3116666666666666,0.5504126984126984,0.214,0.5865079365079365,0.124,0.6347400793650793
celery,cross,bge-small,recent,title_qcomments_file_w100_recent,title,comments,file,w100,0.446850281084656,0.4984186507936508,0.42,0.3065833333333334,0.26,0.4799007936507937,0.171,0.511984126984127,0.0995,0.5927876984126983
celery,cross,bge-small,recent,title_qtitle_module_w100_recent,title,title,module,w100,0.7904523809523809,0.8072261904761905,0.695,0.5074166666666666,0.435,0.86875,0.283,0.9271666666666668,0.1505,0.995
celery,cross,bge-small,recent,title_qdesc_module_w100_recent,title,desc,module,w100,0.7598075396825397,0.7765595238095239,0.645,0.46325,0.43,0.8579166666666667,0.284,0.9313333333333332,0.1505,0.995
celery,cross,bge-small,recent,title_qcomments_module_w100_recent,title,comments,module,w100,0.7531636904761905,0.7757976190476189,0.645,0.4645,0.4133333333333333,0.84,0.286,0.943,0.1505,0.995
celery,cross,bge-small,recent,diff_qtitle_file_w100_recent,diff,title,file,w100,0.5585569090136054,0.6030337301587301,0.545,0.3800535714285714,0.3216666666666666,0.5591547619047619,0.231,0.6071150793650794,0.1315,0.6599305555555556
celery,cross,bge-small,recent,diff_qdesc_file_w100_recent,diff,desc,file,w100,0.5613852465986394,0.6002757936507936,0.54,0.3850257936507937,0.3183333333333333,0.5655853174603174,0.233,0.626609126984127,0.1315,0.6654444444444444
celery,cross,bge-small,recent,diff_qcomments_file_w100_recent,diff,comments,file,w100,0.5140800217309145,0.5600674603174602,0.505,0.3594007936507936,0.2866666666666666,0.5095436507936507,0.209,0.564061507936508,0.12,0.6072242063492063
celery,cross,bge-small,recent,diff_qtitle_module_w100_recent,diff,title,module,w100,0.8138936507936507,0.8303928571428572,0.74,0.5586666666666666,0.4249999999999999,0.8645833333333335,0.287,0.9405,0.1505,0.995
celery,cross,bge-small,recent,diff_qdesc_module_w100_recent,diff,desc,module,w100,0.8247349206349207,0.8449761904761905,0.76,0.5724166666666667,0.425,0.8679166666666667,0.288,0.9438333333333332,0.1505,0.995
celery,cross,bge-small,recent,diff_qcomments_module_w100_recent,diff,comments,module,w100,0.7468271825396826,0.7634642857142856,0.66,0.4799166666666666,0.3916666666666666,0.7583333333333334,0.286,0.9363333333333332,0.1505,0.995
celery,cross,bge-small,recent,title_qtitle_file_w1000_recent,title,title,file,w1000,0.5276172650541698,0.5910674603174604,0.515,0.3729642857142858,0.2666666666666666,0.5146369047619048,0.203,0.6005853174603175,0.134,0.6965079365079364
celery,cross,bge-small,recent,title_qdesc_file_w1000_recent,title,desc,file,w1000,0.5208703121063241,0.5873670634920635,0.515,0.3714365079365079,0.2716666666666666,0.5192063492063492,0.1939999999999999,0.581843253968254,0.131,0.6899503968253967
celery,cross,bge-small,recent,title_qcomments_file_w1000_recent,title,comments,file,w1000,0.4434340876165281,0.5086468253968254,0.42,0.3158888888888889,0.2266666666666666,0.4569444444444444,0.164,0.5353253968253968,0.105,0.6366349206349206
celery,cross,bge-small,recent,title_qtitle_module_w1000_recent,title,title,module,w1000,0.7877303571428572,0.814047619047619,0.695,0.5201666666666667,0.4133333333333333,0.8606666666666666,0.288,0.9682499999999998,0.151,1.0
celery,cross,bge-small,recent,title_qdesc_module_w1000_recent,title,desc,module,w1000,0.7716759920634921,0.792297619047619,0.65,0.4780833333333333,0.4216666666666666,0.8798333333333334,0.289,0.9715833333333334,0.151,1.0
celery,cross,bge-small,recent,title_qcomments_module_w1000_recent,title,comments,module,w1000,0.7221194444444444,0.7404166666666667,0.595,0.4268333333333334,0.3966666666666665,0.8119166666666666,0.278,0.917,0.151,1.0
celery,cross,bge-small,recent,desc_qtitle_file_w1000_recent,desc,title,file,w1000,0.5234543753149408,0.5977281746031746,0.52,0.3776865079365079,0.2816666666666666,0.516281746031746,0.208,0.6043829365079365,0.13,0.6725496031746032
celery,cross,bge-small,recent,desc_qdesc_file_w1000_recent,desc,desc,file,w1000,0.5326002905328798,0.6118769841269841,0.545,0.3854920634920635,0.2783333333333333,0.5185396825396825,0.207,0.5955714285714286,0.1335,0.6968253968253968
celery,cross,bge-small,recent,desc_qcomments_file_w1000_recent,desc,comments,file,w1000,0.4265825892857143,0.4964742063492063,0.405,0.2996111111111111,0.23,0.4545337301587302,0.162,0.5169642857142857,0.1,0.6057837301587302
celery,cross,bge-small,recent,desc_qtitle_module_w1000_recent,desc,title,module,w1000,0.7661430555555555,0.7959999999999999,0.67,0.4951666666666666,0.4066666666666667,0.8481666666666666,0.288,0.9682499999999998,0.151,1.0
celery,cross,bge-small,recent,desc_qdesc_module_w1000_recent,desc,desc,module,w1000,0.7459468253968253,0.7727142857142857,0.625,0.44325,0.4116666666666667,0.8531666666666666,0.288,0.96575,0.151,1.0
celery,cross,bge-small,recent,desc_qcomments_module_w1000_recent,desc,comments,module,w1000,0.6817156746031745,0.7027142857142857,0.55,0.3740833333333333,0.3866666666666666,0.7741666666666666,0.276,0.9024166666666668,0.151,1.0
celery,cross,bge-small,recent,diff_qtitle_file_w1000_recent,diff,title,file,w1000,0.5237342261904762,0.5918948412698413,0.505,0.370047619047619,0.2866666666666666,0.5178273809523809,0.22,0.6074067460317462,0.1305,0.6736805555555556
celery,cross,bge-small,recent,diff_qdesc_file_w1000_recent,diff,desc,file,w1000,0.5212183752204586,0.5862777777777778,0.5,0.3599007936507937,0.2866666666666667,0.514329365079365,0.219,0.6064583333333333,0.13,0.6756289682539683
celery,cross,bge-small,recent,diff_qcomments_file_w1000_recent,diff,comments,file,w1000,0.4149360008818342,0.4801587301587301,0.41,0.284234126984127,0.235,0.4129603174603174,0.183,0.4902559523809524,0.107,0.556670634920635
celery,cross,bge-small,recent,diff_qtitle_module_w1000_recent,diff,title,module,w1000,0.751646626984127,0.786125,0.64,0.4689166666666666,0.4133333333333333,0.8573333333333332,0.286,0.961,0.151,1.0
celery,cross,bge-small,recent,diff_qdesc_module_w1000_recent,diff,desc,module,w1000,0.7523494047619047,0.7819583333333333,0.63,0.4690833333333333,0.4233333333333333,0.8823333333333333,0.287,0.9611666666666666,0.151,1.0
celery,cross,bge-small,recent,diff_qcomments_module_w1000_recent,diff,comments,module,w1000,0.6901575396825398,0.711577380952381,0.55,0.4040833333333333,0.3866666666666666,0.78125,0.269,0.8751666666666668,0.151,1.0
celery,cross,bge-small,recent,title_qtitle_file_all_recent,title,title,file,all,0.4260388692050894,0.5281210317460318,0.44,0.3169226190476191,0.225,0.4221785714285714,0.172,0.5196349206349207,0.1065,0.5970138888888888
celery,cross,bge-small,recent,title_qdesc_file_all_recent,title,desc,file,all,0.3888425925925925,0.5002777777777778,0.415,0.2983809523809524,0.1966666666666666,0.3853234126984127,0.156,0.4797123015873015,0.098,0.554890873015873
celery,cross,bge-small,recent,title_qcomments_file_all_recent,title,comments,file,all,0.237744708994709,0.289234126984127,0.205,0.1676666666666666,0.1216666666666666,0.2480615079365079,0.0969999999999999,0.3194980158730158,0.061,0.3826706349206348
celery,cross,bge-small,recent,title_qtitle_module_all_recent,title,title,module,all,0.7025410714285715,0.7388511904761904,0.585,0.4361666666666666,0.3666666666666666,0.7752500000000001,0.263,0.8949166666666667,0.15,0.99775
celery,cross,bge-small,recent,title_qdesc_module_all_recent,title,desc,module,all,0.6890509920634921,0.7247380952380954,0.57,0.4209999999999999,0.3666666666666666,0.7833333333333333,0.26,0.8940833333333333,0.148,0.9860833333333332
celery,cross,bge-small,recent,title_qcomments_module_all_recent,title,comments,module,all,0.5590712301587302,0.5773988095238095,0.38,0.28225,0.2966666666666666,0.62275,0.243,0.8351666666666665,0.147,0.9835833333333334
celery,cross,bge-small,recent,desc_qtitle_file_all_recent,desc,title,file,all,0.3806258668745276,0.4548630952380952,0.365,0.2681448412698413,0.1866666666666666,0.3728730158730158,0.145,0.4380575396825397,0.1094999999999999,0.581015873015873
celery,cross,bge-small,recent,desc_qdesc_file_all_recent,desc,desc,file,all,0.4221988095238095,0.5212876984126984,0.435,0.2957420634920635,0.2283333333333333,0.4307678571428571,0.168,0.5013571428571428,0.1125,0.5855833333333333
celery,cross,bge-small,recent,desc_qcomments_file_all_recent,desc,comments,file,all,0.3158519557823129,0.3951785714285714,0.3,0.2131111111111111,0.1716666666666666,0.3344583333333332,0.132,0.4111369047619047,0.0805,0.4786071428571428
celery,cross,bge-small,recent,desc_qtitle_module_all_recent,desc,title,module,all,0.7018678571428572,0.741654761904762,0.59,0.4445,0.37,0.7773333333333333,0.256,0.8789166666666667,0.1495,0.99675
celery,cross,bge-small,recent,desc_qdesc_module_all_recent,desc,desc,module,all,0.6849293650793651,0.7256369047619049,0.565,0.41225,0.37,0.7816666666666667,0.26,0.8917499999999999,0.1475,0.9869166666666668
celery,cross,bge-small,recent,desc_qcomments_module_all_recent,desc,comments,module,all,0.5746505952380951,0.6009424603174603,0.4,0.2805833333333333,0.3266666666666667,0.6954166666666666,0.242,0.8392499999999999,0.147,0.98275
celery,cross,bge-small,recent,diff_qtitle_file_all_recent,diff,title,file,all,0.4096516140715545,0.5095753968253969,0.4,0.2691448412698413,0.25,0.4593571428571428,0.184,0.5258412698412698,0.11,0.5876726190476191
celery,cross,bge-small,recent,diff_qdesc_file_all_recent,diff,desc,file,all,0.4344039351851851,0.5266646825396826,0.425,0.3025198412698412,0.25,0.4668988095238095,0.179,0.5283849206349206,0.109,0.6049880952380953
celery,cross,bge-small,recent,diff_qcomments_file_all_recent,diff,comments,file,all,0.3249076436130008,0.3875496031746032,0.295,0.2337698412698412,0.18,0.3476488095238095,0.1289999999999999,0.3903849206349206,0.0819999999999999,0.4642380952380951
celery,cross,bge-small,recent,diff_qtitle_module_all_recent,diff,title,module,all,0.6839909722222223,0.7178749999999999,0.545,0.4243333333333334,0.3516666666666667,0.7494166666666666,0.268,0.9155833333333334,0.1485,0.98275
celery,cross,bge-small,recent,diff_qdesc_module_all_recent,diff,desc,module,all,0.6902126984126984,0.721220238095238,0.545,0.4293333333333333,0.35,0.759,0.267,0.9201666666666664,0.15,0.994
celery,cross,bge-small,recent,diff_qcomments_module_all_recent,diff,comments,module,all,0.5965012896825397,0.6267103174603175,0.46,0.352,0.3083333333333333,0.6415000000000001,0.228,0.7695833333333333,0.146,0.96025
celery,cross,bge-small,modn,title_qtitle_file_w100_modn,title,title,file,w100,0.1525278817082388,0.202406746031746,0.145,0.0896507936507936,0.0933333333333333,0.1486765873015872,0.074,0.195422619047619,0.0545,0.2692678571428571
celery,cross,bge-small,modn,title_qdesc_file_w100_modn,title,desc,file,w100,0.1399669690098261,0.1933293650793651,0.145,0.0817341269841269,0.0866666666666666,0.1307599206349206,0.074,0.1988154761904761,0.0504999999999999,0.2415178571428571
celery,cross,bge-small,modn,title_qcomments_file_w100_modn,title,comments,file,w100,0.1201011621315192,0.1689821428571428,0.125,0.0742341269841269,0.07,0.1121210317460317,0.06,0.1746210317460317,0.0435,0.2191011904761904
celery,cross,bge-small,modn,title_qtitle_module_w100_modn,title,title,module,w100,0.650944246031746,0.6615476190476189,0.445,0.3249166666666667,0.3783333333333333,0.80625,0.27,0.9355,0.1425,0.9725
celery,cross,bge-small,modn,title_qdesc_module_w100_modn,title,desc,module,w100,0.5931386904761905,0.600797619047619,0.35,0.2349166666666666,0.3666666666666667,0.7725,0.271,0.9434166666666668,0.1425,0.9725
celery,cross,bge-small,modn,title_qcomments_module_w100_modn,title,comments,module,w100,0.5633039682539682,0.574047619047619,0.31,0.1974166666666666,0.3583333333333333,0.7564166666666665,0.267,0.9255,0.1425,0.9725
celery,cross,bge-small,modn,desc_qtitle_file_w100_modn,desc,title,file,w100,0.1492649470899471,0.2050198412698412,0.145,0.086079365079365,0.0966666666666666,0.1574265873015873,0.074,0.1957162698412698,0.0515,0.2616369047619047
celery,cross,bge-small,modn,desc_qdesc_file_w100_modn,desc,desc,file,w100,0.1606930886243386,0.2229980158730158,0.17,0.0996805555555555,0.0966666666666666,0.1626527777777777,0.078,0.2103591269841269,0.0535,0.2653869047619047
celery,cross,bge-small,modn,desc_qcomments_file_w100_modn,desc,comments,file,w100,0.1442239858906525,0.1988571428571428,0.14,0.0910416666666666,0.0783333333333333,0.147875,0.065,0.1936091269841269,0.049,0.2571369047619047
celery,cross,bge-small,modn,desc_qtitle_module_w100_modn,desc,title,module,w100,0.7278757936507936,0.7511309523809524,0.595,0.4436666666666666,0.3933333333333333,0.84875,0.2710000000000001,0.9434166666666668,0.1425,0.9725
celery,cross,bge-small,modn,desc_qdesc_module_w100_modn,desc,desc,module,w100,0.7147289682539681,0.7308809523809523,0.56,0.4153333333333333,0.4083333333333332,0.8729166666666666,0.275,0.95425,0.1425,0.9725
celery,cross,bge-small,modn,desc_qcomments_module_w100_modn,desc,comments,module,w100,0.7096730158730158,0.7277142857142858,0.565,0.417,0.4066666666666667,0.8580833333333334,0.273,0.94425,0.1425,0.9725
celery,cross,bge-small,modn,diff_qtitle_file_w100_modn,diff,title,file,w100,0.1541740079365079,0.2067341269841269,0.155,0.0948888888888888,0.1016666666666666,0.1595099206349206,0.075,0.1912519841269841,0.049,0.2440297619047619
celery,cross,bge-small,modn,diff_qdesc_file_w100_modn,diff,desc,file,w100,0.1638859788359788,0.221984126984127,0.165,0.1000972222222222,0.105,0.1645099206349206,0.081,0.2137519841269841,0.0544999999999999,0.2687440476190476
celery,cross,bge-small,modn,diff_qcomments_file_w100_modn,diff,comments,file,w100,0.1565407407407407,0.2127400793650793,0.16,0.1013472222222222,0.1033333333333333,0.1650654761904762,0.074,0.1985853174603174,0.0475,0.2418273809523809
celery,cross,bge-small,modn,diff_qtitle_module_w100_modn,diff,title,module,w100,0.6801184523809525,0.7015833333333333,0.515,0.3707499999999999,0.3816666666666667,0.8135000000000001,0.273,0.9525833333333332,0.1425,0.9725
celery,cross,bge-small,modn,diff_qdesc_module_w100_modn,diff,desc,module,w100,0.70557123015873,0.7279999999999999,0.57,0.4332499999999999,0.385,0.8172499999999999,0.272,0.9446666666666668,0.1425,0.9725
celery,cross,bge-small,modn,diff_qcomments_module_w100_modn,diff,comments,module,w100,0.680860515873016,0.6972976190476191,0.53,0.40075,0.3733333333333333,0.7872499999999999,0.277,0.9510833333333332,0.1425,0.9725
celery,cross,bge-small,modn,title_qtitle_file_w1000_modn,title,title,file,w1000,0.2684985670194003,0.3188829365079365,0.235,0.158204365079365,0.1616666666666666,0.2851686507936508,0.115,0.3196130952380953,0.0844999999999999,0.4313948412698413
celery,cross,bge-small,modn,title_qdesc_file_w1000_modn,title,desc,file,w1000,0.2670784281305114,0.3185436507936508,0.25,0.1724305555555555,0.1566666666666666,0.2695436507936508,0.1159999999999999,0.3141964285714286,0.0795,0.3930198412698412
celery,cross,bge-small,modn,title_qcomments_file_w1000_modn,title,comments,file,w1000,0.2431578042328042,0.2940138888888889,0.225,0.1477083333333333,0.1483333333333333,0.2527380952380952,0.108,0.2912103174603174,0.074,0.3719781746031746
celery,cross,bge-small,modn,title_qtitle_module_w1000_modn,title,title,module,w1000,0.6644125,0.6884563492063492,0.5,0.3618333333333334,0.3766666666666667,0.80025,0.266,0.9225833333333332,0.1435,0.9825
celery,cross,bge-small,modn,title_qdesc_module_w1000_modn,title,desc,module,w1000,0.6402845238095238,0.6631230158730159,0.455,0.3111666666666666,0.375,0.7873333333333333,0.267,0.9325833333333332,0.1435,0.9825
celery,cross,bge-small,modn,title_qcomments_module_w1000_modn,title,comments,module,w1000,0.6350583333333334,0.6572420634920636,0.445,0.302,0.375,0.7866666666666667,0.268,0.9384166666666668,0.1435,0.9825
celery,cross,bge-small,modn,desc_qtitle_file_w1000_modn,desc,title,file,w1000,0.2644180555555555,0.3121269841269841,0.225,0.1567460317460317,0.1616666666666666,0.2900575396825396,0.12,0.3414464285714285,0.08,0.4170198412698413
celery,cross,bge-small,modn,desc_qdesc_file_w1000_modn,desc,desc,file,w1000,0.2779016203703703,0.332704365079365,0.265,0.1811805555555555,0.1533333333333333,0.2603075396825396,0.119,0.3181130952380952,0.0835,0.4266507936507936
celery,cross,bge-small,modn,desc_qcomments_file_w1000_modn,desc,comments,file,w1000,0.2557403549382716,0.3112142857142857,0.245,0.1647916666666666,0.1433333333333333,0.2371964285714285,0.108,0.2894880952380952,0.0765,0.4095396825396825
celery,cross,bge-small,modn,desc_qtitle_module_w1000_modn,desc,title,module,w1000,0.709035119047619,0.7352896825396826,0.57,0.4253333333333333,0.3866666666666667,0.8285833333333333,0.261,0.9128333333333332,0.1435,0.9825
celery,cross,bge-small,modn,desc_qdesc_module_w1000_modn,desc,desc,module,w1000,0.6955013888888888,0.7222420634920634,0.55,0.4011666666666666,0.38,0.8119166666666667,0.26,0.9095,0.1435,0.9825
celery,cross,bge-small,modn,desc_qcomments_module_w1000_modn,desc,comments,module,w1000,0.6762444444444443,0.6994920634920635,0.525,0.3786666666666666,0.3716666666666666,0.7831666666666667,0.262,0.9145,0.1435,0.9825
celery,cross,bge-small,modn,diff_qtitle_file_w1000_modn,diff,title,file,w1000,0.2556638447971781,0.305843253968254,0.23,0.1557738095238095,0.16,0.2782043650793651,0.121,0.3237380952380952,0.075,0.385063492063492
celery,cross,bge-small,modn,diff_qdesc_file_w1000_modn,diff,desc,file,w1000,0.2730202601410935,0.3363353174603174,0.25,0.1634821428571428,0.1683333333333333,0.296954365079365,0.125,0.3445714285714285,0.0815,0.4264920634920635
celery,cross,bge-small,modn,diff_qcomments_file_w1000_modn,diff,comments,file,w1000,0.2397346781305114,0.3040416666666666,0.225,0.139204365079365,0.1533333333333333,0.2552738095238095,0.1169999999999999,0.3039801587301587,0.074,0.3716924603174603
celery,cross,bge-small,modn,diff_qtitle_module_w1000_modn,diff,title,module,w1000,0.697838492063492,0.7236369047619047,0.545,0.4061666666666666,0.3866666666666665,0.8254166666666666,0.264,0.9240833333333334,0.1435,0.9825
celery,cross,bge-small,modn,diff_qdesc_module_w1000_modn,diff,desc,module,w1000,0.7055418650793652,0.7351448412698411,0.57,0.4324166666666666,0.3916666666666666,0.8365,0.267,0.9278333333333332,0.1435,0.9825
celery,cross,bge-small,modn,diff_qcomments_module_w1000_modn,diff,comments,module,w1000,0.6752363095238095,0.701888888888889,0.525,0.3974166666666667,0.38,0.8016666666666665,0.266,0.9203333333333332,0.1435,0.9825
celery,cross,bge-small,modn,title_qtitle_file_all_modn,title,title,file,all,0.3176792328042327,0.4028214285714286,0.32,0.2108948412698413,0.1933333333333333,0.3318591269841269,0.139,0.3849345238095237,0.0889999999999999,0.4824206349206349
celery,cross,bge-small,modn,title_qdesc_file_all_modn,title,desc,file,all,0.3153992465041572,0.3992123015873015,0.325,0.2205972222222222,0.1733333333333333,0.3270853174603174,0.1289999999999999,0.3845773809523809,0.085,0.4624503968253968
celery,cross,bge-small,modn,title_qcomments_file_all_modn,title,comments,file,all,0.2498751558956916,0.3213789682539682,0.245,0.1756666666666667,0.1383333333333333,0.2744464285714285,0.1,0.3106190476190476,0.0675,0.3943095238095238
celery,cross,bge-small,modn,title_qtitle_module_all_modn,title,title,module,all,0.6392621031746032,0.6733650793650793,0.485,0.366,0.34,0.7384166666666667,0.24,0.8575,0.1395,0.97325
celery,cross,bge-small,modn,title_qdesc_module_all_modn,title,desc,module,all,0.6298881283068783,0.6704404761904762,0.5,0.3872499999999999,0.3183333333333333,0.6965833333333333,0.236,0.84525,0.139,0.9715833333333334
celery,cross,bge-small,modn,title_qcomments_module_all_modn,title,comments,module,all,0.5738336309523809,0.6154861111111112,0.44,0.3480833333333333,0.2883333333333333,0.63825,0.2179999999999999,0.7906666666666666,0.138,0.9682499999999998
celery,cross,bge-small,modn,desc_qtitle_file_all_modn,desc,title,file,all,0.2977831254724112,0.3822023809523809,0.295,0.1913115079365079,0.175,0.3094186507936508,0.133,0.3831785714285714,0.0855,0.4693710317460317
celery,cross,bge-small,modn,desc_qdesc_file_all_modn,desc,desc,file,all,0.3245605725623583,0.4104126984126984,0.31,0.2020853174603174,0.1933333333333333,0.3583353174603174,0.141,0.4150535714285714,0.0939999999999999,0.5110198412698412
celery,cross,bge-small,modn,desc_qcomments_file_all_modn,desc,comments,file,all,0.2895659958427815,0.3819801587301586,0.285,0.1769464285714286,0.1766666666666666,0.3221964285714286,0.127,0.3720178571428572,0.0825,0.471720238095238
celery,cross,bge-small,modn,desc_qtitle_module_all_modn,desc,title,module,all,0.673377380952381,0.7266646825396826,0.6,0.4685,0.31,0.6915833333333333,0.2269999999999999,0.8313333333333333,0.1415,0.98175
celery,cross,bge-small,modn,desc_qdesc_module_all_modn,desc,desc,module,all,0.6149777777777777,0.6612797619047619,0.495,0.3685,0.3066666666666666,0.671,0.225,0.8192499999999999,0.14,0.9771666666666668
celery,cross,bge-small,modn,desc_qcomments_module_all_modn,desc,comments,module,all,0.5632007936507937,0.609109126984127,0.42,0.3051666666666666,0.2933333333333333,0.6374166666666666,0.213,0.7788333333333334,0.139,0.9775833333333332
celery,cross,bge-small,modn,diff_qtitle_file_all_modn,diff,title,file,all,0.3265125,0.4116924603174602,0.325,0.2148630952380952,0.195,0.3568769841269841,0.142,0.4076607142857142,0.0885,0.4743551587301587
celery,cross,bge-small,modn,diff_qdesc_file_all_modn,diff,desc,file,all,0.3618982473544973,0.4428988095238095,0.335,0.2291488095238095,0.2066666666666666,0.3790615079365079,0.158,0.4636845238095237,0.099,0.5512123015873016
celery,cross,bge-small,modn,diff_qcomments_file_all_modn,diff,comments,file,all,0.3101571428571429,0.3787142857142857,0.285,0.2003988095238095,0.1766666666666666,0.3208452380952381,0.1309999999999999,0.390579365079365,0.085,0.4801626984126985
celery,cross,bge-small,modn,diff_qtitle_module_all_modn,diff,title,module,all,0.6028480158730158,0.6295337301587302,0.42,0.31625,0.3316666666666666,0.7145,0.246,0.8654166666666667,0.1425,0.9855
celery,cross,bge-small,modn,diff_qdesc_module_all_modn,diff,desc,module,all,0.6156140873015873,0.6490039682539682,0.45,0.3501666666666667,0.3116666666666666,0.6949166666666667,0.244,0.8591666666666665,0.143,0.99275
celery,cross,bge-small,modn,diff_qcomments_module_all_modn,diff,comments,module,all,0.570520634920635,0.593763888888889,0.39,0.3118333333333333,0.285,0.6365833333333333,0.227,0.8033333333333332,0.1425,0.98525
flink,cross,bge-small,recent,title_qtitle_file_w100_recent,title,title,file,w100,0.0006634615384615,0.0034999999999999,0.0,0.0,0.0016666666666666,0.00125,0.002,0.0014423076923076,0.001,0.0014423076923076
flink,cross,bge-small,recent,title_qdesc_file_w100_recent,title,desc,file,w100,0.0,0.0,0.0,0.0,0.0,0.0,0.0,0.0,0.0,0.0
flink,cross,bge-small,recent,title_qcomments_file_w100_recent,title,comments,file,w100,0.0002083333333333,0.0008333333333333,0.0,0.0,0.0,0.0,0.0,0.0,0.0005,0.00125
flink,cross,bge-small,recent,title_qtitle_module_w100_recent,title,title,module,w100,0.3360677933673469,0.4090436507936508,0.27,0.1819642857142857,0.195,0.3639702380952381,0.147,0.4546845238095238,0.1105,0.6389107142857142
flink,cross,bge-small,recent,title_qdesc_module_w100_recent,title,desc,module,w100,0.2975852182539682,0.365984126984127,0.215,0.144547619047619,0.1783333333333333,0.333595238095238,0.147,0.4606904761904761,0.107,0.6374940476190476
flink,cross,bge-small,recent,title_qcomments_module_w100_recent,title,comments,module,w100,0.2972380952380952,0.3555952380952381,0.22,0.156547619047619,0.1633333333333333,0.3072678571428571,0.147,0.4506071428571428,0.1075,0.6274940476190476
flink,cross,bge-small,recent,desc_qtitle_file_w100_recent,desc,title,file,w100,0.0022203822412155,0.0093888888888888,0.005,0.00125,0.0033333333333333,0.0014423076923076,0.002,0.0014423076923076,0.0025,0.0068165360873694
flink,cross,bge-small,recent,desc_qdesc_file_w100_recent,desc,desc,file,w100,0.0053507241215574,0.0075833333333333,0.005,0.005,0.0016666666666666,0.005,0.002,0.00625,0.002,0.0065040360873694
flink,cross,bge-small,recent,desc_qcomments_file_w100_recent,desc,comments,file,w100,0.0053213183421516,0.0069642857142857,0.005,0.005,0.0016666666666666,0.005,0.002,0.00625,0.0015,0.0063117283950617
flink,cross,bge-small,recent,desc_qtitle_module_w100_recent,desc,title,module,w100,0.3537859977324262,0.4349781746031745,0.305,0.211047619047619,0.1916666666666666,0.3589285714285714,0.153,0.4691904761904761,0.1094999999999999,0.6275773809523809
flink,cross,bge-small,recent,desc_qdesc_module_w100_recent,desc,desc,module,w100,0.3253257629440665,0.3923194444444444,0.24,0.1702559523809523,0.185,0.3562619047619047,0.144,0.4411071428571428,0.1125,0.660077380952381
flink,cross,bge-small,recent,desc_qcomments_module_w100_recent,desc,comments,module,w100,0.3116545304232804,0.3779623015873015,0.235,0.1658809523809523,0.175,0.3466845238095238,0.146,0.4453988095238095,0.1094999999999999,0.6506190476190477
flink,cross,bge-small,recent,diff_qtitle_file_w100_recent,diff,title,file,w100,0.0067534171075837,0.0185,0.015,0.0065625,0.0066666666666666,0.0069196428571428,0.005,0.0069813712522045,0.0025,0.0069813712522045
flink,cross,bge-small,recent,diff_qdesc_file_w100_recent,diff,desc,file,w100,0.0069468694885361,0.0130833333333333,0.01,0.00625,0.0033333333333333,0.00625,0.004,0.0088117283950617,0.0025,0.0091688712522045
flink,cross,bge-small,recent,diff_qcomments_file_w100_recent,diff,comments,file,w100,0.0059816406587239,0.0144365079365079,0.01,0.0054545454545454,0.005,0.0067045454545454,0.004,0.0070616883116883,0.0034999999999999,0.0074078718349551
flink,cross,bge-small,recent,diff_qtitle_module_w100_recent,diff,title,module,w100,0.331401242441421,0.4120535714285714,0.275,0.173047619047619,0.1899999999999999,0.3485119047619047,0.157,0.4723154761904762,0.1155,0.6810773809523809
flink,cross,bge-small,recent,diff_qdesc_module_w100_recent,diff,desc,module,w100,0.3350577380952381,0.4104801587301587,0.265,0.1709642857142857,0.1883333333333333,0.3666785714285714,0.153,0.4651904761904762,0.1155,0.6731607142857143
flink,cross,bge-small,recent,diff_qcomments_module_w100_recent,diff,comments,module,w100,0.3399662792894936,0.4120615079365079,0.27,0.173797619047619,0.195,0.3617678571428571,0.158,0.4741904761904761,0.1155,0.6744107142857143
flink,cross,bge-small,recent,title_qtitle_file_w1000_recent,title,title,file,w1000,0.0165766992266992,0.0476309523809523,0.04,0.0101629273504273,0.0216666666666666,0.0180689102564102,0.0139999999999999,0.0230689102564102,0.0105,0.0310454059829059
flink,cross,bge-small,recent,title_qdesc_file_w1000_recent,title,desc,file,w1000,0.0091148527398527,0.0304285714285714,0.02,0.0041003787878787,0.0116666666666666,0.0046051864801864,0.01,0.015160742035742,0.0075,0.027660742035742
flink,cross,bge-small,recent,title_qcomments_file_w1000_recent,title,comments,file,w1000,0.0129330738705738,0.0326984126984127,0.025,0.0092013888888888,0.0116666666666666,0.0103125,0.009,0.0111805555555555,0.008,0.0290865384615384
flink,cross,bge-small,recent,title_qtitle_module_w1000_recent,title,title,module,w1000,0.3831952239229025,0.4723313492063491,0.325,0.2310892857142857,0.2166666666666666,0.442970238095238,0.158,0.5184345238095238,0.1065,0.6515714285714286
flink,cross,bge-small,recent,title_qdesc_module_w1000_recent,title,desc,module,w1000,0.3739933390022675,0.446531746031746,0.3,0.2260892857142857,0.1966666666666666,0.3964226190476191,0.157,0.5197261904761905,0.1115,0.6782857142857143
flink,cross,bge-small,recent,title_qcomments_module_w1000_recent,title,comments,module,w1000,0.3973378826530612,0.468920634920635,0.315,0.240047619047619,0.2183333333333333,0.4491369047619048,0.16,0.5203988095238096,0.116,0.7001190476190476
flink,cross,bge-small,recent,desc_qtitle_file_w1000_recent,desc,title,file,w1000,0.0161601724563681,0.0470753968253968,0.03,0.0085619172494172,0.02,0.0186046522921522,0.0139999999999999,0.0208268745143745,0.0125,0.0392921290665855
flink,cross,bge-small,recent,desc_qdesc_file_w1000_recent,desc,desc,file,w1000,0.0110287431218137,0.0337698412698412,0.015,0.0024337121212121,0.015,0.0124764471639471,0.013,0.0205854215229215,0.0105,0.0349187316306881
flink,cross,bge-small,recent,desc_qcomments_file_w1000_recent,desc,comments,file,w1000,0.0132406033781033,0.0310059523809523,0.015,0.0069791666666666,0.0133333333333333,0.0145219017094017,0.011,0.0165197649572649,0.009,0.0306655982905982
flink,cross,bge-small,recent,desc_qtitle_module_w1000_recent,desc,title,module,w1000,0.3573094860166289,0.4409603174603175,0.305,0.2313392857142857,0.2,0.4128035714285714,0.145,0.4848035714285714,0.099,0.6157380952380952
flink,cross,bge-small,recent,desc_qdesc_module_w1000_recent,desc,desc,module,w1000,0.3682847741874527,0.4422738095238095,0.315,0.2480059523809523,0.1866666666666666,0.3788035714285714,0.1469999999999999,0.4890595238095238,0.1045,0.637702380952381
flink,cross,bge-small,recent,desc_qcomments_module_w1000_recent,desc,comments,module,w1000,0.3789802437641723,0.4558888888888889,0.32,0.2426309523809524,0.1933333333333333,0.4141369047619047,0.153,0.5041488095238096,0.105,0.640202380952381
flink,cross,bge-small,recent,diff_qtitle_file_w1000_recent,diff,title,file,w1000,0.0170556304806304,0.0478115079365079,0.025,0.0065518162393162,0.02,0.0206901223776223,0.02,0.0289294386169386,0.014,0.0451794386169386
flink,cross,bge-small,recent,diff_qdesc_file_w1000_recent,diff,desc,file,w1000,0.0168704489954489,0.041220238095238,0.02,0.0058952505827505,0.0183333333333333,0.0178188616938616,0.016,0.0243466394716394,0.0115,0.0417355283605283
flink,cross,bge-small,recent,diff_qcomments_file_w1000_recent,diff,comments,file,w1000,0.0210577119639619,0.0433948412698412,0.01,0.0053125,0.0266666666666666,0.0323365384615384,0.02,0.035661963036963,0.0155,0.0483179459429459
flink,cross,bge-small,recent,diff_qtitle_module_w1000_recent,diff,title,module,w1000,0.3602921249055177,0.4334662698412698,0.27,0.2067559523809523,0.21,0.4229702380952381,0.161,0.5211785714285715,0.1065,0.6494047619047619
flink,cross,bge-small,recent,diff_qdesc_module_w1000_recent,diff,desc,module,w1000,0.3924416997354497,0.4686289682539682,0.33,0.249672619047619,0.2116666666666666,0.4183452380952381,0.171,0.5466428571428572,0.1125,0.6810297619047618
flink,cross,bge-small,recent,diff_qcomments_module_w1000_recent,diff,comments,module,w1000,0.4094090608465608,0.481702380952381,0.335,0.249047619047619,0.215,0.4389285714285714,0.172,0.5373988095238095,0.117,0.6953333333333334
flink,cross,bge-small,recent,title_qtitle_file_all_recent,title,title,file,all,0.2310076480810443,0.4006488095238095,0.325,0.0937850764732343,0.2616666666666666,0.197052791810608,0.226,0.2596723756925919,0.177,0.3502894711972016
flink,cross,bge-small,recent,title_qdesc_file_all_recent,title,desc,file,all,0.1928643017224576,0.3384801587301587,0.255,0.0664240069871648,0.2349999999999999,0.1645170116185779,0.2019999999999999,0.2143354163132984,0.1575,0.3239231387931734
flink,cross,bge-small,recent,title_qcomments_file_all_recent,title,comments,file,all,0.2535837095498767,0.4415575396825397,0.355,0.1024039655853299,0.2783333333333333,0.2182237747348918,0.243,0.2913765049693154,0.188,0.3930612131307828
flink,cross,bge-small,recent,title_qtitle_module_all_recent,title,title,module,all,0.3408022817460318,0.4419563492063492,0.285,0.1874642857142857,0.195,0.4166309523809524,0.144,0.5019642857142856,0.1005,0.6852142857142858
flink,cross,bge-small,recent,title_qdesc_module_all_recent,title,desc,module,all,0.357899074074074,0.4527539682539682,0.3,0.2143809523809523,0.1916666666666666,0.4199642857142857,0.142,0.5043392857142858,0.0995,0.6755059523809525
flink,cross,bge-small,recent,title_qcomments_module_all_recent,title,comments,module,all,0.4119576719576719,0.5090515873015873,0.33,0.233547619047619,0.2266666666666666,0.5020476190476191,0.175,0.6199642857142857,0.11,0.7351369047619047
flink,cross,bge-small,recent,desc_qtitle_file_all_recent,desc,title,file,all,0.1896289519609695,0.3290793650793651,0.255,0.0731287605669184,0.21,0.1718633236646394,0.18,0.2230517220352746,0.1435,0.3064530414760678
flink,cross,bge-small,recent,desc_qdesc_file_all_recent,desc,desc,file,all,0.2119773734266145,0.3469642857142856,0.26,0.0735425229741019,0.2383333333333333,0.1831291702932365,0.216,0.2488150984484941,0.1675,0.356088917147225
flink,cross,bge-small,recent,desc_qcomments_file_all_recent,desc,comments,file,all,0.2685354052063605,0.451656746031746,0.365,0.1135802153621232,0.285,0.2279648506099164,0.248,0.2966804847199584,0.1945,0.4136680007939206
flink,cross,bge-small,recent,desc_qtitle_module_all_recent,desc,title,module,all,0.294890376984127,0.3793154761904762,0.225,0.1529642857142857,0.1616666666666666,0.3399642857142856,0.132,0.466797619047619,0.09,0.6132142857142856
flink,cross,bge-small,recent,desc_qdesc_module_all_recent,desc,desc,module,all,0.3669872354497354,0.4567261904761905,0.305,0.2231309523809523,0.1933333333333333,0.4116309523809524,0.154,0.5347559523809524,0.1,0.6668392857142856
flink,cross,bge-small,recent,desc_qcomments_module_all_recent,desc,comments,module,all,0.4168781533446711,0.5192162698412699,0.36,0.2510476190476191,0.2316666666666666,0.4849642857142857,0.175,0.6035952380952381,0.1125,0.7299404761904762
flink,cross,bge-small,recent,diff_qtitle_file_all_recent,diff,title,file,all,0.2351615976922836,0.4100952380952381,0.325,0.1187684676187181,0.2666666666666666,0.2313676565876439,0.208,0.2568732858751026,0.157,0.3363894192300518
flink,cross,bge-small,recent,diff_qdesc_file_all_recent,diff,desc,file,all,0.2580752864328176,0.4317321428571428,0.325,0.1156109034240613,0.2716666666666666,0.2299311942674475,0.236,0.3119316825552212,0.173,0.3985038168289218
flink,cross,bge-small,recent,diff_qcomments_file_all_recent,diff,comments,file,all,0.3173160471017284,0.5110674603174603,0.425,0.1601355523862103,0.3133333333333333,0.2778977484868932,0.271,0.3515073754575229,0.1945,0.4571244263128461
flink,cross,bge-small,recent,diff_qtitle_module_all_recent,diff,title,module,all,0.4206977182539683,0.5161984126984127,0.35,0.2552142857142856,0.2316666666666666,0.472297619047619,0.176,0.5950535714285714,0.1135,0.7324285714285713
flink,cross,bge-small,recent,diff_qdesc_module_all_recent,diff,desc,module,all,0.4223116402116402,0.5233531746031747,0.35,0.2458392857142857,0.235,0.4865119047619048,0.184,0.6229702380952381,0.115,0.7438869047619048
flink,cross,bge-small,recent,diff_qcomments_module_all_recent,diff,comments,module,all,0.4871284391534392,0.5807619047619048,0.42,0.3131309523809523,0.2683333333333333,0.5719285714285715,0.187,0.6350238095238097,0.119,0.769529761904762
flink,cross,bge-small,modn,title_qtitle_file_w100_modn,title,title,file,w100,0.0126624231742224,0.0288115079365079,0.015,0.0085,0.0149999999999999,0.0121017074323525,0.012,0.0173319533768842,0.0095,0.0205118438561277
flink,cross,bge-small,modn,title_qdesc_file_w100_modn,title,desc,file,w100,0.0175581072826967,0.0419841269841269,0.035,0.0113873413408297,0.0183333333333333,0.0160155464690348,0.015,0.0180803186144521,0.01,0.0254592773749898
flink,cross,bge-small,modn,title_qcomments_file_w100_modn,title,comments,file,w100,0.0178412010153136,0.0417341269841269,0.035,0.0118266178266178,0.02,0.0165711020245903,0.014,0.0179996734531618,0.009,0.0241286322136995
flink,cross,bge-small,modn,title_qtitle_module_w100_modn,title,title,module,w100,0.3628294957357457,0.450204365079365,0.3,0.2036030497280497,0.2133333333333333,0.4018962703962704,0.172,0.5047589355089355,0.1225,0.6826039238539238
flink,cross,bge-small,modn,title_qdesc_module_w100_modn,title,desc,module,w100,0.3663011710511711,0.4581309523809523,0.295,0.2015197163947163,0.2283333333333333,0.4367573815073814,0.1689999999999999,0.5201243201243201,0.1185,0.6613635392385393
flink,cross,bge-small,modn,title_qcomments_module_w100_modn,title,comments,module,w100,0.3660044874107374,0.462015873015873,0.305,0.1971030497280497,0.2266666666666666,0.4196740481740482,0.174,0.5253043900543901,0.123,0.6766589937839937
flink,cross,bge-small,modn,desc_qtitle_file_w100_modn,desc,title,file,w100,0.0122586459856864,0.0299861111111111,0.02,0.0086020408163265,0.0133333333333333,0.0108255431204739,0.011,0.0160819533768842,0.009,0.0198695888680081
flink,cross,bge-small,modn,desc_qdesc_file_w100_modn,desc,desc,file,w100,0.0173369710122335,0.036375,0.03,0.0112591362126245,0.0166666666666666,0.0159106513641397,0.013,0.022180492633981,0.008,0.0236897092238427
flink,cross,bge-small,modn,desc_qcomments_file_w100_modn,desc,comments,file,w100,0.0180207046358471,0.0415952380952381,0.035,0.0118146917681801,0.0199999999999999,0.017180492633981,0.013,0.022180492633981,0.008,0.0238722219572892
flink,cross,bge-small,modn,desc_qtitle_module_w100_modn,desc,title,module,w100,0.3543147510668343,0.4174087301587301,0.24,0.1731485042735042,0.2133333333333333,0.3983546037296037,0.177,0.5215644910644911,0.126,0.700103923853924
flink,cross,bge-small,modn,desc_qdesc_module_w100_modn,desc,desc,module,w100,0.3564369512432012,0.4474603174603174,0.295,0.1941485042735043,0.2166666666666666,0.4030073815073814,0.17,0.5046659867909868,0.12,0.6583122571872572
flink,cross,bge-small,modn,desc_qcomments_module_w100_modn,desc,comments,module,w100,0.3507754726754726,0.43825,0.28,0.180436383061383,0.2183333333333333,0.4030073815073814,0.17,0.50317939005439,0.1215,0.6692802059052059
flink,cross,bge-small,modn,diff_qtitle_file_w100_modn,diff,title,file,w100,0.0193542060252241,0.0529642857142857,0.045,0.0152888564923448,0.0233333333333333,0.0209170616205499,0.017,0.0218635076476411,0.0095,0.0226822210979335
flink,cross,bge-small,modn,diff_qdesc_file_w100_modn,diff,desc,file,w100,0.0222811345032474,0.0560674603174603,0.05,0.0168020143870817,0.0233333333333333,0.0214302195152868,0.017,0.0223837396793333,0.012,0.0268005526410771
flink,cross,bge-small,modn,diff_qcomments_file_w100_modn,diff,comments,file,w100,0.0224304424752842,0.0571785714285714,0.05,0.0168020143870817,0.025,0.0221445052295725,0.019,0.0234857804956598,0.011,0.0254699074797868
flink,cross,bge-small,modn,diff_qtitle_module_w100_modn,diff,title,module,w100,0.3661932636807636,0.4468313492063492,0.275,0.1954780497280497,0.2133333333333333,0.4091783216783217,0.176,0.5225452602952604,0.127,0.7180344794094795
flink,cross,bge-small,modn,diff_qdesc_module_w100_modn,diff,desc,module,w100,0.4275441972379472,0.5149821428571428,0.365,0.2598530497280497,0.24,0.4635907148407148,0.187,0.5603187645687645,0.131,0.7273400349650351
flink,cross,bge-small,modn,diff_qcomments_module_w100_modn,diff,comments,module,w100,0.443923432007807,0.536327380952381,0.38,0.2700197163947164,0.2566666666666666,0.4921740481740481,0.192,0.5723604312354312,0.1305,0.728802156177156
flink,cross,bge-small,modn,title_qtitle_file_w1000_modn,title,title,file,w1000,0.0290493655154369,0.050547619047619,0.045,0.0159591575091575,0.0266666666666666,0.0224206959706959,0.024,0.0290218864468864,0.0185,0.0346528388278388
flink,cross,bge-small,modn,title_qdesc_file_w1000_modn,title,desc,file,w1000,0.0303209895070589,0.0490059523809523,0.035,0.0156309523809523,0.0266666666666666,0.0283424908424908,0.024,0.0349171032455916,0.0175,0.0395238758589431
flink,cross,bge-small,modn,title_qcomments_file_w1000_modn,title,comments,file,w1000,0.0283442383509347,0.0404166666666666,0.025,0.0139166666666666,0.025,0.0233571428571428,0.023,0.030532967032967,0.0185,0.037271423021423
flink,cross,bge-small,modn,title_qtitle_module_w1000_modn,title,title,module,w1000,0.3767385612073111,0.4583611111111111,0.29,0.2173568376068376,0.205,0.4299182206682206,0.1609999999999999,0.5180250582750583,0.1185,0.6919667832167832
flink,cross,bge-small,modn,title_qdesc_module_w1000_modn,title,desc,module,w1000,0.4037132661320161,0.4716805555555555,0.32,0.2524679487179487,0.2183333333333333,0.4487376651126651,0.1659999999999999,0.5353583916083916,0.123,0.7128097319347318
flink,cross,bge-small,modn,title_qcomments_module_w1000_modn,title,comments,module,w1000,0.4070608784733784,0.4685079365079365,0.3,0.2349679487179486,0.2283333333333333,0.4584556138306139,0.181,0.5776462703962704,0.127,0.730379662004662
flink,cross,bge-small,modn,desc_qtitle_file_w1000_modn,desc,title,file,w1000,0.030249438464761,0.0576091269841269,0.045,0.0157448717948717,0.0299999999999999,0.0230013411319862,0.024,0.0284775316081767,0.0195,0.0420633901940353
flink,cross,bge-small,modn,desc_qdesc_file_w1000_modn,desc,desc,file,w1000,0.0307168239895268,0.0518253968253968,0.04,0.0168809523809523,0.0266666666666666,0.0239555647840531,0.022,0.0275520560121233,0.0185,0.0419560448803979
flink,cross,bge-small,modn,desc_qcomments_file_w1000_modn,desc,comments,file,w1000,0.0266060523676023,0.0517559523809523,0.04,0.0120238095238095,0.025,0.0193571428571428,0.023,0.0283874004215339,0.019,0.041346213851212
flink,cross,bge-small,modn,desc_qtitle_module_w1000_modn,desc,title,module,w1000,0.329099934363476,0.4031765873015873,0.22,0.1588846153846153,0.18,0.3776581196581196,0.158,0.503618006993007,0.1144999999999999,0.6766334498834499
flink,cross,bge-small,modn,desc_qdesc_module_w1000_modn,desc,desc,module,w1000,0.3700182862662029,0.4455496031746031,0.28,0.205551282051282,0.2116666666666666,0.4308899572649572,0.165,0.5131596736596736,0.117,0.6820501165501165
flink,cross,bge-small,modn,desc_qcomments_module_w1000_modn,desc,comments,module,w1000,0.3855162209703875,0.4560277777777777,0.28,0.213051282051282,0.22,0.4415111693861693,0.1709999999999999,0.5386142191142191,0.122,0.709004662004662
flink,cross,bge-small,modn,diff_qtitle_file_w1000_modn,diff,title,file,w1000,0.0360104169287502,0.0660059523809523,0.05,0.0161509324009324,0.0399999999999999,0.0354311521811521,0.033,0.0416987512487512,0.0245,0.0537201742701742
flink,cross,bge-small,modn,diff_qdesc_file_w1000_modn,diff,desc,file,w1000,0.0429762686172569,0.0959444444444444,0.08,0.0273602850637734,0.0483333333333333,0.0415532032566916,0.037,0.0452018879053762,0.0275,0.0549759888044771
flink,cross,bge-small,modn,diff_qcomments_file_w1000_modn,diff,comments,file,w1000,0.0415926500602361,0.0994087301587301,0.085,0.0275031422066305,0.0433333333333333,0.0356730140015023,0.034,0.0414115992466665,0.03,0.0540341630863356
flink,cross,bge-small,modn,diff_qtitle_module_w1000_modn,diff,title,module,w1000,0.3650201344951345,0.4446984126984127,0.27,0.1956901709401709,0.205,0.4099871794871795,0.1709999999999999,0.5443818958818959,0.1185,0.6979357031857032
flink,cross,bge-small,modn,diff_qdesc_module_w1000_modn,diff,desc,module,w1000,0.4240450785325784,0.5087321428571429,0.34,0.2420096153846153,0.245,0.4952232905982905,0.188,0.5836500582750582,0.1265,0.7293940365190366
flink,cross,bge-small,modn,diff_qcomments_module_w1000_modn,diff,comments,module,w1000,0.4603939347689348,0.5437936507936508,0.395,0.290926282051282,0.2566666666666666,0.5110945027195027,0.1979999999999999,0.6111937645687645,0.1255,0.726189491064491
flink,cross,bge-small,modn,title_qtitle_file_all_modn,title,title,file,all,0.2563509631427485,0.4951388888888888,0.445,0.1116877801931686,0.3383333333333334,0.1924624870854195,0.296,0.2595790377156402,0.2214999999999999,0.3285822402137771
flink,cross,bge-small,modn,title_qdesc_file_all_modn,title,desc,file,all,0.2399545985581833,0.4485555555555555,0.405,0.1021965991519876,0.3166666666666666,0.1797774805651577,0.274,0.236654460720855,0.208,0.3114048316761446
flink,cross,bge-small,modn,title_qcomments_file_all_modn,title,comments,file,all,0.2538179459047858,0.4889503968253968,0.44,0.1053483993037878,0.3483333333333333,0.1970342552310658,0.294,0.2503125597902444,0.222,0.330366050087345
flink,cross,bge-small,modn,title_qtitle_module_all_modn,title,title,module,all,0.2968957921707921,0.3763551587301587,0.245,0.16675,0.16,0.3278846153846154,0.127,0.4181447163947163,0.0895,0.5589058857808857
flink,cross,bge-small,modn,title_qdesc_module_all_modn,title,desc,module,all,0.3508931797369297,0.4493353174603174,0.31,0.2131805555555555,0.1966666666666666,0.4076068376068376,0.153,0.4951361693861694,0.103,0.6252071678321678
flink,cross,bge-small,modn,title_qcomments_module_all_modn,title,comments,module,all,0.3980544663669663,0.5045198412698413,0.35,0.2358472222222222,0.225,0.4477735042735042,0.174,0.5637649572649572,0.115,0.6998872377622376
flink,cross,bge-small,modn,desc_qtitle_file_all_modn,desc,title,file,all,0.2168987196337197,0.4291289682539682,0.38,0.0877546944957972,0.3166666666666666,0.1786233908466992,0.259,0.2059698605503744,0.196,0.2827645470885352
flink,cross,bge-small,modn,desc_qdesc_file_all_modn,desc,desc,file,all,0.2565317769286158,0.49725,0.44,0.1023284914510812,0.36,0.2077267771325899,0.311,0.2683618615844351,0.2295,0.3394768579654716
flink,cross,bge-small,modn,desc_qcomments_file_all_modn,desc,comments,file,all,0.2555413590078073,0.5115515873015872,0.45,0.0996871578438811,0.36,0.1887342219267254,0.324,0.2595388262141114,0.246,0.3485888898354494
flink,cross,bge-small,modn,desc_qtitle_module_all_modn,desc,title,module,all,0.2262885989010989,0.2981170634920635,0.16,0.0953333333333333,0.1299999999999999,0.2606346153846154,0.113,0.3640891608391608,0.085,0.525513209013209
flink,cross,bge-small,modn,desc_qdesc_module_all_modn,desc,desc,module,all,0.33161830993081,0.4326150793650793,0.3,0.1933472222222222,0.1933333333333333,0.3703846153846154,0.15,0.4723904428904428,0.104,0.6255826534576534
flink,cross,bge-small,modn,desc_qcomments_module_all_modn,desc,comments,module,all,0.4017162588568838,0.5201448412698413,0.405,0.2687638888888889,0.2233333333333333,0.4282179487179487,0.1689999999999999,0.5313071095571096,0.1115,0.6773230380730381
flink,cross,bge-small,modn,diff_qtitle_file_all_modn,diff,title,file,all,0.2546949210733765,0.5076924603174603,0.46,0.1161530261541043,0.3516666666666667,0.2020245938028282,0.3,0.2542728672323934,0.2275,0.3394161802228542
flink,cross,bge-small,modn,diff_qdesc_file_all_modn,diff,desc,file,all,0.3073747883262612,0.5640892857142857,0.51,0.1390939200555245,0.3783333333333333,0.2530369886906821,0.316,0.3071050692074306,0.243,0.4033636146209233
flink,cross,bge-small,modn,diff_qcomments_file_all_modn,diff,comments,file,all,0.2946353568677339,0.5477321428571428,0.48,0.1221267891190387,0.39,0.2303457680304116,0.328,0.2894137332440494,0.2575,0.3958329654846134
flink,cross,bge-small,modn,diff_qtitle_module_all_modn,diff,title,module,all,0.3866853257853258,0.476561507936508,0.315,0.2275891608391608,0.2266666666666666,0.4505260295260295,0.172,0.5478790792540792,0.113,0.6831167443667444
flink,cross,bge-small,modn,diff_qdesc_module_all_modn,diff,desc,module,all,0.4277217574092574,0.5224404761904762,0.37,0.2575517676767676,0.2466666666666666,0.501220473970474,0.188,0.6064207459207459,0.12,0.7143667443667444
flink,cross,bge-small,modn,diff_qcomments_module_all_modn,diff,comments,module,all,0.4491908587554421,0.5510833333333334,0.41,0.2779305555555555,0.26,0.5194401709401709,0.186,0.596051282051282,0.1215,0.7367589355089355
hadoop,cross,bge-small,recent,title_qtitle_file_w100_recent,title,title,file,w100,0.0010401404151404,0.00875,0.005,0.0007142857142857,0.0033333333333333,0.0012698412698412,0.003,0.0014621489621489,0.0015,0.0014621489621489
hadoop,cross,bge-small,recent,title_qdesc_file_w100_recent,title,desc,file,w100,0.0017334776162415,0.011595238095238,0.0,0.0,0.0066666666666666,0.0020703270159791,0.006,0.0046427907840951,0.004,0.0059126320539364
hadoop,cross,bge-small,recent,title_qcomments_file_w100_recent,title,comments,file,w100,0.0014715851781069,0.0119722222222222,0.0,0.0,0.005,0.0013034188034188,0.005,0.0032677045177045,0.0045,0.0064126320539364
hadoop,cross,bge-small,recent,title_qtitle_module_w100_recent,title,title,module,w100,0.6386785714285714,0.6398392857142856,0.375,0.3666666666666667,0.305,0.895,0.2,0.9716666666666668,0.104,1.0
hadoop,cross,bge-small,recent,title_qdesc_module_w100_recent,title,desc,module,w100,0.7940535714285712,0.8007698412698412,0.645,0.6283333333333333,0.325,0.95,0.203,0.9841666666666664,0.104,1.0
hadoop,cross,bge-small,recent,title_qcomments_module_w100_recent,title,comments,module,w100,0.7677083333333331,0.7746388888888889,0.58,0.5633333333333332,0.3283333333333333,0.96,0.204,0.9891666666666664,0.104,1.0
hadoop,cross,bge-small,recent,desc_qtitle_file_w100_recent,desc,title,file,w100,0.0020593908779392,0.014797619047619,0.005,0.0007142857142857,0.005,0.0025198412698412,0.006,0.0041010378510378,0.004,0.0047623281736184
hadoop,cross,bge-small,recent,desc_qdesc_file_w100_recent,desc,desc,file,w100,0.0047535399188624,0.0220833333333333,0.01,0.003,0.0116666666666666,0.0063867521367521,0.008,0.0065480424593327,0.005,0.0076591535704438
hadoop,cross,bge-small,recent,desc_qcomments_file_w100_recent,desc,comments,file,w100,0.0014518886131789,0.0183333333333333,0.01,0.0006612903225806,0.0083333333333333,0.0019647091259994,0.005,0.0019647091259994,0.003,0.0027980424593327
hadoop,cross,bge-small,recent,desc_qtitle_module_w100_recent,desc,title,module,w100,0.6655575396825397,0.6661984126984126,0.44,0.4316666666666667,0.3033333333333333,0.8933333333333334,0.1989999999999999,0.9641666666666666,0.104,1.0
hadoop,cross,bge-small,recent,desc_qdesc_module_w100_recent,desc,desc,module,w100,0.7267480158730157,0.7326309523809524,0.535,0.5216666666666666,0.3183333333333333,0.93,0.2,0.9691666666666666,0.103,0.9933333333333332
hadoop,cross,bge-small,recent,desc_qcomments_module_w100_recent,desc,comments,module,w100,0.7189642857142856,0.7246666666666667,0.505,0.4916666666666667,0.32,0.935,0.203,0.9841666666666664,0.103,0.9933333333333332
hadoop,cross,bge-small,recent,diff_qtitle_file_w100_recent,diff,title,file,w100,0.0022542908626358,0.020047619047619,0.01,0.0013224637681159,0.0116666666666666,0.0031983463396506,0.008,0.0033596366622313,0.0045,0.0038141821167767
hadoop,cross,bge-small,recent,diff_qdesc_file_w100_recent,diff,desc,file,w100,0.0027587854719692,0.023047619047619,0.01,0.0005724637681159,0.0133333333333333,0.0033596366622313,0.009,0.0041929699955646,0.0065,0.0090540811066757
hadoop,cross,bge-small,recent,diff_qcomments_file_w100_recent,diff,comments,file,w100,0.0017786267418104,0.0212142857142857,0.01,0.0005724637681159,0.0116666666666666,0.0021096366622313,0.007,0.0021096366622313,0.005,0.0054429699955646
hadoop,cross,bge-small,recent,diff_qtitle_module_w100_recent,diff,title,module,w100,0.6968035714285715,0.6958531746031746,0.5,0.495,0.3,0.8766666666666667,0.2,0.9716666666666666,0.104,1.0
hadoop,cross,bge-small,recent,diff_qdesc_module_w100_recent,diff,desc,module,w100,0.7511111111111112,0.7557777777777777,0.58,0.5666666666666668,0.32,0.935,0.201,0.9741666666666666,0.1039999999999999,1.0
hadoop,cross,bge-small,recent,diff_qcomments_module_w100_recent,diff,comments,module,w100,0.6917777777777778,0.695388888888889,0.49,0.4791666666666667,0.3,0.875,0.2019999999999999,0.9791666666666664,0.1035,0.9983333333333332
hadoop,cross,bge-small,recent,title_qtitle_file_w1000_recent,title,title,file,w1000,0.0302539447567485,0.0722123015873015,0.045,0.0094383394383394,0.0333333333333333,0.0294359392847296,0.029,0.0438526059513962,0.0235,0.0703245415465787
hadoop,cross,bge-small,recent,title_qdesc_file_w1000_recent,title,desc,file,w1000,0.0414144460496944,0.1001369047619047,0.06,0.0171050061050061,0.05,0.0438480616605616,0.0409999999999999,0.0593630720125285,0.031,0.0874720463715028
hadoop,cross,bge-small,recent,title_qcomments_file_w1000_recent,title,comments,file,w1000,0.0362199146069763,0.1017063492063492,0.055,0.0098966727716727,0.0566666666666666,0.0439204822954822,0.045,0.0536741639224107,0.03,0.0806687875783247
hadoop,cross,bge-small,recent,title_qtitle_module_w1000_recent,title,title,module,w1000,0.8228809523809525,0.8277222222222222,0.745,0.7308333333333333,0.2966666666666667,0.8608333333333333,0.2,0.965,0.104,1.0
hadoop,cross,bge-small,recent,title_qdesc_module_w1000_recent,title,desc,module,w1000,0.8596785714285714,0.8634007936507936,0.79,0.7766666666666667,0.3116666666666667,0.9033333333333334,0.2019999999999999,0.97,0.104,1.0
hadoop,cross,bge-small,recent,title_qcomments_module_w1000_recent,title,comments,module,w1000,0.8432539682539684,0.8451785714285713,0.76,0.7491666666666665,0.315,0.9133333333333334,0.2,0.9625,0.104,1.0
hadoop,cross,bge-small,recent,desc_qtitle_file_w1000_recent,desc,title,file,w1000,0.0292564796191549,0.0618769841269841,0.03,0.0082738095238095,0.025,0.0211934523809523,0.0279999999999999,0.0481079822954822,0.026,0.079518123327117
hadoop,cross,bge-small,recent,desc_qdesc_file_w1000_recent,desc,desc,file,w1000,0.0425452750803093,0.1064960317460317,0.065,0.0123579822954822,0.0566666666666666,0.0445425061050061,0.048,0.0611605616605616,0.034,0.0951779795512263
hadoop,cross,bge-small,recent,desc_qcomments_file_w1000_recent,desc,comments,file,w1000,0.038403144828705,0.1052876984126984,0.065,0.0126704822954822,0.06,0.0451651059513962,0.044,0.0539930629406435,0.0325,0.0831935308089503
hadoop,cross,bge-small,recent,desc_qtitle_module_w1000_recent,desc,title,module,w1000,0.8320476190476191,0.8345476190476191,0.755,0.7466666666666667,0.2966666666666667,0.8616666666666666,0.2,0.965,0.104,1.0
hadoop,cross,bge-small,recent,desc_qdesc_module_w1000_recent,desc,desc,module,w1000,0.8447480158730158,0.8491646825396825,0.77,0.7566666666666666,0.3066666666666667,0.8983333333333333,0.2009999999999999,0.9683333333333334,0.104,1.0
hadoop,cross,bge-small,recent,desc_qcomments_module_w1000_recent,desc,comments,module,w1000,0.7930952380952383,0.7949285714285714,0.69,0.6791666666666666,0.305,0.8908333333333335,0.198,0.9558333333333334,0.104,1.0
hadoop,cross,bge-small,recent,diff_qtitle_file_w1000_recent,diff,title,file,w1000,0.0490689592947179,0.1114702380952381,0.075,0.0254126751871317,0.0516666666666666,0.0442457218934252,0.046,0.0643792344382281,0.033,0.0934670028789377
hadoop,cross,bge-small,recent,diff_qdesc_file_w1000_recent,diff,desc,file,w1000,0.0608329366485448,0.1466507936507936,0.1,0.0296844143175664,0.075,0.0605584296391624,0.063,0.0868764659934891,0.039,0.1135268638337846
hadoop,cross,bge-small,recent,diff_qcomments_file_w1000_recent,diff,comments,file,w1000,0.0541166459311275,0.1376666666666666,0.095,0.02184962976092,0.0783333333333333,0.0527269032977307,0.0629999999999999,0.0779937100204198,0.0395,0.1074801353597863
hadoop,cross,bge-small,recent,diff_qtitle_module_w1000_recent,diff,title,module,w1000,0.874297619047619,0.8776031746031745,0.815,0.8041666666666667,0.3133333333333333,0.9108333333333334,0.201,0.9675,0.104,1.0
hadoop,cross,bge-small,recent,diff_qdesc_module_w1000_recent,diff,desc,module,w1000,0.9049642857142856,0.9090833333333334,0.865,0.8516666666666667,0.315,0.9166666666666664,0.204,0.9858333333333336,0.104,1.0
hadoop,cross,bge-small,recent,diff_qcomments_module_w1000_recent,diff,comments,module,w1000,0.8827142857142857,0.8872083333333333,0.83,0.8166666666666665,0.3116666666666666,0.9041666666666666,0.203,0.9808333333333332,0.104,1.0
hadoop,cross,bge-small,recent,title_qtitle_file_all_recent,title,title,file,all,0.2863912179531313,0.4112003968253968,0.365,0.1778372552889867,0.2283333333333333,0.2645697215761257,0.175,0.310667185262624,0.1235,0.3670736934782805
hadoop,cross,bge-small,recent,title_qdesc_file_all_recent,title,desc,file,all,0.2432025896590516,0.3857619047619047,0.31,0.113077068391966,0.225,0.2227962343496231,0.198,0.3002518008282178,0.1385,0.3730396219513969
hadoop,cross,bge-small,recent,title_qcomments_file_all_recent,title,comments,file,all,0.2215275898293274,0.3667341269841269,0.305,0.100448275839905,0.2233333333333333,0.1931465210731618,0.185,0.2738746344630399,0.1335,0.3461197161008696
hadoop,cross,bge-small,recent,title_qtitle_module_all_recent,title,title,module,all,0.6411031746031746,0.6455714285714285,0.53,0.5216666666666667,0.2433333333333333,0.7125,0.168,0.815,0.0944999999999999,0.9083333333333334
hadoop,cross,bge-small,recent,title_qdesc_module_all_recent,title,desc,module,all,0.6941428571428571,0.6999285714285713,0.58,0.5683333333333332,0.275,0.8025,0.179,0.8675,0.0935,0.9016666666666666
hadoop,cross,bge-small,recent,title_qcomments_module_all_recent,title,comments,module,all,0.6128948412698413,0.6209365079365079,0.525,0.5108333333333333,0.2233333333333333,0.6525,0.1549999999999999,0.7441666666666665,0.087,0.8366666666666666
hadoop,cross,bge-small,recent,desc_qtitle_file_all_recent,desc,title,file,all,0.3404573542722079,0.4746150793650793,0.4,0.1832762142058868,0.2883333333333333,0.3141909814437091,0.229,0.3907152916922841,0.1555,0.4662557669392914
hadoop,cross,bge-small,recent,desc_qdesc_file_all_recent,desc,desc,file,all,0.3041825989373632,0.4674742063492063,0.385,0.1411716009019397,0.2833333333333333,0.2803736120727809,0.223,0.3538647095303105,0.1635,0.456807110441397
hadoop,cross,bge-small,recent,desc_qcomments_file_all_recent,desc,comments,file,all,0.2357647859450943,0.3871825396825397,0.31,0.113130584320482,0.2266666666666666,0.221693500273274,0.184,0.2777225058409676,0.1295,0.3684152077823908
hadoop,cross,bge-small,recent,desc_qtitle_module_all_recent,desc,title,module,all,0.747297619047619,0.7524781746031747,0.665,0.6558333333333333,0.2716666666666666,0.795,0.1829999999999999,0.8833333333333334,0.0975,0.9383333333333336
hadoop,cross,bge-small,recent,desc_qdesc_module_all_recent,desc,desc,module,all,0.8004484126984126,0.805845238095238,0.725,0.7141666666666666,0.2916666666666667,0.8525,0.1879999999999999,0.91,0.0985,0.9516666666666664
hadoop,cross,bge-small,recent,desc_qcomments_module_all_recent,desc,comments,module,all,0.7014682539682541,0.7074543650793652,0.63,0.6191666666666666,0.2533333333333333,0.7375,0.1679999999999999,0.8091666666666666,0.0944999999999999,0.9116666666666666
hadoop,cross,bge-small,recent,diff_qtitle_file_all_recent,diff,title,file,all,0.254645453841257,0.3701646825396825,0.305,0.1425474635658459,0.2183333333333333,0.2361912049520848,0.18,0.2895581727671076,0.1275,0.3576696528653308
hadoop,cross,bge-small,recent,diff_qdesc_file_all_recent,diff,desc,file,all,0.3437032727429592,0.4943174603174603,0.415,0.1794264749530094,0.2933333333333333,0.3245523364281357,0.238,0.3900734271412021,0.1615,0.4742562942705206
hadoop,cross,bge-small,recent,diff_qcomments_file_all_recent,diff,comments,file,all,0.3001511203806714,0.4447420634920636,0.37,0.1596926532191877,0.2516666666666666,0.2875491035499028,0.201,0.3383887319344481,0.142,0.4296905703702379
hadoop,cross,bge-small,recent,diff_qtitle_module_all_recent,diff,title,module,all,0.7644285714285713,0.7690813492063492,0.665,0.6566666666666666,0.2833333333333334,0.8325,0.183,0.8841666666666665,0.1009999999999999,0.9733333333333334
hadoop,cross,bge-small,recent,diff_qdesc_module_all_recent,diff,desc,module,all,0.8386507936507936,0.845234126984127,0.775,0.7608333333333335,0.3016666666666666,0.8825,0.191,0.925,0.1005,0.9683333333333334
hadoop,cross,bge-small,recent,diff_qcomments_module_all_recent,diff,comments,module,all,0.7694067460317462,0.778359126984127,0.705,0.6883333333333332,0.28,0.8175,0.18,0.8725,0.096,0.9233333333333336
hadoop,cross,bge-small,modn,title_qtitle_file_w100_modn,title,title,file,w100,0.0264736053361053,0.048,0.04,0.0148530838530838,0.0249999999999999,0.0283925848925848,0.021,0.0358808038808038,0.0125,0.0366606895356895
hadoop,cross,bge-small,modn,title_qdesc_file_w100_modn,title,desc,file,w100,0.0241012603720937,0.0483055555555555,0.04,0.0127697505197505,0.0233333333333333,0.0236741164241164,0.022,0.0334956687456687,0.016,0.0415736024486024
hadoop,cross,bge-small,modn,title_qcomments_file_w100_modn,title,comments,file,w100,0.0265808560391893,0.0514365079365079,0.045,0.0177697505197505,0.0233333333333333,0.0236741164241164,0.018,0.0300272002772002,0.0145,0.0412616655116655
hadoop,cross,bge-small,modn,title_qtitle_module_w100_modn,title,title,module,w100,0.3368938492063492,0.3587420634920634,0.205,0.1688888888888889,0.1633333333333333,0.38,0.1339999999999999,0.5119444444444444,0.0925,0.7069444444444444
hadoop,cross,bge-small,modn,title_qdesc_module_w100_modn,title,desc,module,w100,0.3323353174603174,0.3619523809523809,0.225,0.1772222222222222,0.1566666666666666,0.3541666666666666,0.13,0.4902777777777778,0.09,0.6822222222222223
hadoop,cross,bge-small,modn,title_qcomments_module_w100_modn,title,comments,module,w100,0.3021954365079365,0.3309087301587301,0.18,0.1363888888888889,0.1533333333333333,0.3516666666666666,0.133,0.5027777777777778,0.0875,0.6663888888888888
hadoop,cross,bge-small,modn,desc_qtitle_file_w100_modn,desc,title,file,w100,0.0291028363528363,0.0513888888888888,0.045,0.0198530838530838,0.0233333333333333,0.0282574497574497,0.02,0.0351623354123354,0.014,0.037816658004158
hadoop,cross,bge-small,modn,desc_qdesc_file_w100_modn,desc,desc,file,w100,0.0338978277728277,0.0573055555555555,0.055,0.0252697505197505,0.0266666666666666,0.029090783090783,0.022,0.0359956687456687,0.0154999999999999,0.047754158004158
hadoop,cross,bge-small,modn,desc_qcomments_file_w100_modn,desc,comments,file,w100,0.0323669933669933,0.0567499999999999,0.055,0.0252697505197505,0.0249999999999999,0.0286741164241164,0.021,0.035579002079002,0.0135,0.0417856895356895
hadoop,cross,bge-small,modn,desc_qtitle_module_w100_modn,desc,title,module,w100,0.3070386904761905,0.3275515873015873,0.17,0.1388888888888889,0.1466666666666666,0.3466666666666666,0.127,0.4827777777777778,0.087,0.6619444444444444
hadoop,cross,bge-small,modn,desc_qdesc_module_w100_modn,desc,desc,module,w100,0.3217996031746031,0.350295634920635,0.21,0.1672222222222222,0.145,0.3441666666666666,0.134,0.5102777777777778,0.089,0.6747222222222223
hadoop,cross,bge-small,modn,desc_qcomments_module_w100_modn,desc,comments,module,w100,0.3139623015873015,0.3431150793650793,0.205,0.1613888888888889,0.1516666666666666,0.3658333333333333,0.132,0.4986111111111111,0.084,0.6322222222222222
hadoop,cross,bge-small,modn,diff_qtitle_file_w100_modn,diff,title,file,w100,0.0314235059235059,0.0551388888888888,0.045,0.0198530838530838,0.0266666666666666,0.0342574497574497,0.024,0.0443284823284823,0.0144999999999999,0.0478588877338877
hadoop,cross,bge-small,modn,diff_qdesc_file_w100_modn,diff,desc,file,w100,0.0345449659824659,0.0656666666666666,0.055,0.0208947505197505,0.0316666666666666,0.034715783090783,0.028,0.0475928909678909,0.0185,0.0510458246708246
hadoop,cross,bge-small,modn,diff_qcomments_file_w100_modn,diff,comments,file,w100,0.0325174742049742,0.0566666666666666,0.05,0.0227697505197505,0.0266666666666666,0.029090783090783,0.023,0.0369716447216447,0.015,0.0444598637098637
hadoop,cross,bge-small,modn,diff_qtitle_module_w100_modn,diff,title,module,w100,0.3293807319223985,0.3512460317460317,0.195,0.1605555555555555,0.1483333333333333,0.3516666666666666,0.133,0.5152777777777778,0.0965,0.7411111111111112
hadoop,cross,bge-small,modn,diff_qdesc_module_w100_modn,diff,desc,module,w100,0.3225972222222222,0.351061507936508,0.19,0.1472222222222222,0.155,0.3691666666666666,0.1339999999999999,0.5102777777777778,0.0955,0.7422222222222223
hadoop,cross,bge-small,modn,diff_qcomments_module_w100_modn,diff,comments,module,w100,0.3089578924162257,0.3414285714285714,0.19,0.1438888888888889,0.14,0.32,0.136,0.5152777777777777,0.092,0.7163888888888889
hadoop,cross,bge-small,modn,title_qtitle_file_w1000_modn,title,title,file,w1000,0.0524911801922691,0.1126289682539682,0.085,0.0302570463455218,0.055,0.0465457479726989,0.048,0.0702639323977799,0.037,0.0871529651187092
hadoop,cross,bge-small,modn,title_qdesc_file_w1000_modn,title,desc,file,w1000,0.0540048995743188,0.1250734126984126,0.085,0.0277786106730072,0.0683333333333333,0.0561468577547298,0.055,0.0743819879533355,0.04,0.0944619913415285
hadoop,cross,bge-small,modn,title_qcomments_file_w1000_modn,title,comments,file,w1000,0.0577559548373239,0.1322281746031746,0.095,0.0303959352344107,0.0699999999999999,0.0570350156494666,0.054,0.0703085068367509,0.0405,0.0924263890128227
hadoop,cross,bge-small,modn,title_qtitle_module_w1000_modn,title,title,module,w1000,0.4788489858906525,0.4929146825396824,0.335,0.2980555555555555,0.215,0.5283333333333333,0.1669999999999999,0.6702777777777778,0.109,0.8541666666666665
hadoop,cross,bge-small,modn,title_qdesc_module_w1000_modn,title,desc,module,w1000,0.5695367063492064,0.5913154761904762,0.455,0.3930555555555555,0.2566666666666666,0.6291666666666667,0.1889999999999999,0.7694444444444444,0.1125,0.8861111111111112
hadoop,cross,bge-small,modn,title_qcomments_module_w1000_modn,title,comments,module,w1000,0.5427229938271604,0.5673571428571428,0.435,0.3730555555555556,0.2483333333333333,0.6099999999999999,0.1809999999999999,0.7344444444444445,0.111,0.8711111111111112
hadoop,cross,bge-small,modn,desc_qtitle_file_w1000_modn,desc,title,file,w1000,0.0540290022467578,0.1211150793650793,0.09,0.0299098241232996,0.0616666666666666,0.0502860077129587,0.055,0.0700032000745476,0.041,0.088242800809838
hadoop,cross,bge-small,modn,desc_qdesc_file_w1000_modn,desc,desc,file,w1000,0.0542416823800557,0.1338194444444444,0.09,0.0287362130121885,0.0766666666666666,0.0541175372944882,0.057,0.0684645095983571,0.042,0.0892893593757931
hadoop,cross,bge-small,modn,desc_qcomments_file_w1000_modn,desc,comments,file,w1000,0.0600262446785035,0.1467837301587301,0.11,0.0330973241232996,0.08,0.0591800372944883,0.06,0.0723565550529026,0.042,0.0957943881114253
hadoop,cross,bge-small,modn,desc_qtitle_module_w1000_modn,desc,title,module,w1000,0.4762140652557319,0.4952480158730158,0.35,0.3080555555555556,0.2016666666666666,0.5075,0.158,0.6236111111111111,0.1085,0.8466666666666666
hadoop,cross,bge-small,modn,desc_qdesc_module_w1000_modn,desc,desc,module,w1000,0.5255087081128748,0.5466587301587302,0.4,0.3413888888888888,0.2416666666666666,0.5941666666666667,0.174,0.7027777777777777,0.113,0.8841666666666665
hadoop,cross,bge-small,modn,desc_qcomments_module_w1000_modn,desc,comments,module,w1000,0.4947744708994709,0.5180277777777778,0.37,0.3130555555555555,0.23,0.565,0.176,0.7077777777777777,0.11,0.8630555555555556
hadoop,cross,bge-small,modn,diff_qtitle_file_w1000_modn,diff,title,file,w1000,0.0546112203520906,0.1208809523809523,0.095,0.0293157584667339,0.0616666666666666,0.0534873966018476,0.049,0.0631222476935952,0.0395,0.0865333779436657
hadoop,cross,bge-small,modn,diff_qdesc_file_w1000_modn,diff,desc,file,w1000,0.0577002730071808,0.1430674603174603,0.105,0.0293296473556228,0.0733333333333333,0.0522415452309962,0.062,0.0758079439417915,0.047,0.0990244784234121
hadoop,cross,bge-small,modn,diff_qcomments_file_w1000_modn,diff,comments,file,w1000,0.0617830246305575,0.1451587301587301,0.105,0.027926869577845,0.0783333333333333,0.0570651383045893,0.07,0.0938426661640137,0.049,0.1081018593757931
hadoop,cross,bge-small,modn,diff_qtitle_module_w1000_modn,diff,title,module,w1000,0.4933462301587301,0.5127896825396825,0.365,0.3238888888888888,0.2116666666666666,0.5383333333333333,0.165,0.6669444444444445,0.112,0.8791666666666665
hadoop,cross,bge-small,modn,diff_qdesc_module_w1000_modn,diff,desc,module,w1000,0.5574739858906524,0.5854146825396825,0.46,0.3980555555555555,0.2383333333333333,0.5925,0.181,0.7344444444444445,0.112,0.8811111111111112
hadoop,cross,bge-small,modn,diff_qcomments_module_w1000_modn,diff,comments,module,w1000,0.5367635582010581,0.5623531746031746,0.425,0.3655555555555556,0.2466666666666666,0.6058333333333333,0.179,0.7305555555555556,0.1125,0.8836111111111111
hadoop,cross,bge-small,modn,title_qtitle_file_all_modn,title,title,file,all,0.2069703583068281,0.3951944444444444,0.36,0.0845512618073413,0.2666666666666666,0.1653140184638361,0.22,0.2125153270654617,0.162,0.2771769438296467
hadoop,cross,bge-small,modn,title_qdesc_file_all_modn,title,desc,file,all,0.239494669776353,0.4624007936507937,0.405,0.1037680731685492,0.315,0.2049221076041394,0.247,0.2434088846423681,0.174,0.3389597350427932
hadoop,cross,bge-small,modn,title_qcomments_file_all_modn,title,comments,file,all,0.2608412514837072,0.5044027777777778,0.445,0.1194500064172928,0.3216666666666666,0.2236742931960371,0.263,0.2802454575417135,0.1845,0.3557438088030909
hadoop,cross,bge-small,modn,title_qtitle_module_all_modn,title,title,module,all,0.4469540343915343,0.4743630952380953,0.315,0.2780555555555555,0.2016666666666666,0.5119444444444444,0.157,0.6466666666666666,0.104,0.8333333333333333
hadoop,cross,bge-small,modn,title_qdesc_module_all_modn,title,desc,module,all,0.5282225529100529,0.5620615079365079,0.405,0.35,0.2383333333333333,0.6044444444444445,0.177,0.735,0.107,0.8622222222222221
hadoop,cross,bge-small,modn,title_qcomments_module_all_modn,title,comments,module,all,0.5315079365079365,0.5656626984126985,0.425,0.37,0.2366666666666666,0.5961111111111111,0.17,0.6933333333333332,0.1025,0.8205555555555556
hadoop,cross,bge-small,modn,desc_qtitle_file_all_modn,desc,title,file,all,0.1940029546441378,0.3831011904761904,0.34,0.0922441317880403,0.2549999999999999,0.1574682186568294,0.208,0.1979036959116913,0.1505,0.2497469252669716
hadoop,cross,bge-small,modn,desc_qdesc_file_all_modn,desc,desc,file,all,0.2601967552501481,0.4895753968253969,0.42,0.1036602024271712,0.3316666666666666,0.2311984406618359,0.267,0.2846505482523901,0.1875,0.358981066468059
hadoop,cross,bge-small,modn,desc_qcomments_file_all_modn,desc,comments,file,all,0.2588280718941673,0.493140873015873,0.42,0.1040684782232646,0.32,0.2163794636303475,0.267,0.2882166286326889,0.1935,0.3861521903885023
hadoop,cross,bge-small,modn,desc_qtitle_module_all_modn,desc,title,module,all,0.4883237433862434,0.5128829365079365,0.36,0.3263888888888888,0.1983333333333333,0.5227777777777777,0.1639999999999999,0.6772222222222222,0.1075,0.8633333333333333
hadoop,cross,bge-small,modn,desc_qdesc_module_all_modn,desc,desc,module,all,0.5848429232804232,0.6252083333333334,0.5,0.435,0.25,0.638611111111111,0.182,0.7591666666666668,0.109,0.875
hadoop,cross,bge-small,modn,desc_qcomments_module_all_modn,desc,comments,module,all,0.5446889329805996,0.5771130952380953,0.445,0.3933333333333333,0.235,0.6019444444444445,0.172,0.7058333333333334,0.106,0.8516666666666667
hadoop,cross,bge-small,modn,diff_qtitle_file_all_modn,diff,title,file,all,0.2163202062934358,0.3981924603174603,0.335,0.1008033399409984,0.265,0.1986067626641347,0.216,0.2395687459714782,0.1465,0.2906370937018374
hadoop,cross,bge-small,modn,diff_qdesc_file_all_modn,diff,desc,file,all,0.2579371470915992,0.483311507936508,0.42,0.1186006196929061,0.3283333333333333,0.2262555625390009,0.25,0.2690119486967028,0.178,0.3519576638203317
hadoop,cross,bge-small,modn,diff_qcomments_file_all_modn,diff,comments,file,all,0.2972771887119894,0.5313293650793651,0.445,0.1323958591756456,0.35,0.2667563917832512,0.275,0.3192378488257447,0.1985,0.4234890810948297
hadoop,cross,bge-small,modn,diff_qtitle_module_all_modn,diff,title,module,all,0.55038778659612,0.577765873015873,0.425,0.3847222222222222,0.24,0.6077777777777779,0.181,0.7463888888888889,0.11,0.8788888888888888
hadoop,cross,bge-small,modn,diff_qdesc_module_all_modn,diff,desc,module,all,0.6427285052910052,0.6843908730158731,0.555,0.4805555555555555,0.29,0.7369444444444444,0.193,0.7958333333333334,0.111,0.8958333333333333
hadoop,cross,bge-small,modn,diff_qcomments_module_all_modn,diff,comments,module,all,0.6472592592592592,0.6856011904761905,0.585,0.5213888888888889,0.27,0.6894444444444445,0.189,0.7794444444444444,0.107,0.8627777777777778
kubernetes,cross,bge-small,recent,title_qtitle_file_w100_recent,title,title,file,w100,0.0172548440771543,0.0321448412698412,0.015,0.0101428571428571,0.015,0.0222142857142857,0.011,0.0279285714285714,0.0085,0.0372783275432501
kubernetes,cross,bge-small,recent,title_qdesc_file_w100_recent,title,desc,file,w100,0.0144182810805481,0.0237083333333333,0.015,0.0083333333333333,0.0099999999999999,0.019047619047619,0.0069999999999999,0.024047619047619,0.006,0.0312491373360938
kubernetes,cross,bge-small,recent,title_qcomments_file_w100_recent,title,comments,file,w100,0.0135293921916592,0.022375,0.015,0.0083333333333333,0.0083333333333333,0.014047619047619,0.006,0.019047619047619,0.005,0.0256935817805383
kubernetes,cross,bge-small,recent,title_qtitle_module_w100_recent,title,title,module,w100,0.5602348922902494,0.6021666666666667,0.42,0.333797619047619,0.3133333333333333,0.6981309523809522,0.224,0.8220952380952382,0.121,0.8454404761904761
kubernetes,cross,bge-small,recent,title_qdesc_module_w100_recent,title,desc,module,w100,0.5026628968253968,0.5519166666666666,0.365,0.268297619047619,0.2916666666666666,0.6608809523809523,0.223,0.8197619047619048,0.121,0.845440476190476
kubernetes,cross,bge-small,recent,title_qcomments_module_w100_recent,title,comments,module,w100,0.4969119047619047,0.5463333333333332,0.355,0.260797619047619,0.2766666666666666,0.6246309523809525,0.222,0.8176785714285714,0.121,0.8454404761904761
kubernetes,cross,bge-small,recent,desc_qtitle_file_w100_recent,desc,title,file,w100,0.0238532197903315,0.0337281746031746,0.025,0.0201428571428571,0.0116666666666666,0.0236428571428571,0.008,0.0244761904761904,0.0075,0.039455486542443
kubernetes,cross,bge-small,recent,desc_qdesc_file_w100_recent,desc,desc,file,w100,0.017449307204527,0.0270337301587301,0.015,0.0116666666666666,0.01,0.0175238095238095,0.007,0.0225238095238095,0.0085,0.0364424383853271
kubernetes,cross,bge-small,recent,desc_qcomments_file_w100_recent,desc,comments,file,w100,0.0205307049864898,0.030422619047619,0.02,0.0166666666666666,0.01,0.0175238095238095,0.009,0.0250238095238095,0.008,0.0325535494964382
kubernetes,cross,bge-small,recent,desc_qtitle_module_w100_recent,desc,title,module,w100,0.5593109126984127,0.61125,0.415,0.3202142857142857,0.3133333333333333,0.718797619047619,0.22,0.8110952380952381,0.121,0.845440476190476
kubernetes,cross,bge-small,recent,desc_qdesc_module_w100_recent,desc,desc,module,w100,0.529863492063492,0.5809166666666666,0.38,0.2822976190476191,0.31,0.7073809523809524,0.22,0.8152619047619046,0.121,0.8454404761904761
kubernetes,cross,bge-small,recent,desc_qcomments_module_w100_recent,desc,comments,module,w100,0.5373396825396825,0.5943333333333333,0.41,0.299547619047619,0.3016666666666666,0.6898809523809524,0.2189999999999999,0.8102619047619047,0.121,0.8454404761904764
kubernetes,cross,bge-small,recent,diff_qtitle_file_w100_recent,diff,title,file,w100,0.0163207896152811,0.0316309523809523,0.015,0.0076428571428571,0.0116666666666666,0.019547619047619,0.013,0.0346323648103309,0.008,0.0370609362389023
kubernetes,cross,bge-small,recent,diff_qdesc_file_w100_recent,diff,desc,file,w100,0.0177202268854811,0.0294444444444444,0.02,0.0118095238095238,0.0116666666666666,0.0200238095238095,0.008,0.0207380952380952,0.0075,0.0341218724778046
kubernetes,cross,bge-small,recent,diff_qcomments_file_w100_recent,diff,comments,file,w100,0.0170453995157385,0.0295138888888888,0.02,0.0118095238095238,0.0116666666666666,0.0183571428571428,0.01,0.0232380952380952,0.0075,0.0341218724778046
kubernetes,cross,bge-small,recent,diff_qtitle_module_w100_recent,diff,title,module,w100,0.5497906462585034,0.599,0.4,0.3031309523809524,0.325,0.7405119047619046,0.222,0.8170952380952382,0.121,0.845440476190476
kubernetes,cross,bge-small,recent,diff_qdesc_module_w100_recent,diff,desc,module,w100,0.5485470238095238,0.5968333333333332,0.4,0.3072976190476191,0.3216666666666667,0.7408809523809523,0.22,0.8140119047619048,0.121,0.8454404761904761
kubernetes,cross,bge-small,recent,diff_qcomments_module_w100_recent,diff,comments,module,w100,0.5480291666666667,0.601,0.405,0.304547619047619,0.3183333333333333,0.7333809523809524,0.22,0.8152619047619047,0.121,0.8454404761904761
kubernetes,cross,bge-small,recent,title_qtitle_file_w1000_recent,title,title,file,w1000,0.0342244223154326,0.0789841269841269,0.045,0.0183519871420222,0.0333333333333333,0.034039335810303,0.027,0.0466461734171406,0.0245,0.0790466101035593
kubernetes,cross,bge-small,recent,title_qdesc_file_w1000_recent,title,desc,file,w1000,0.0265865429702196,0.0469087301587301,0.02,0.0133333333333333,0.02,0.0246011904761904,0.021,0.0387891108420769,0.0155,0.0561563993023665
kubernetes,cross,bge-small,recent,title_qcomments_file_w1000_recent,title,comments,file,w1000,0.0233854170010852,0.0432361111111111,0.02,0.0126666666666666,0.02,0.0206859362389023,0.018,0.0332335552865213,0.0145,0.0485553892013564
kubernetes,cross,bge-small,recent,title_qtitle_module_w1000_recent,title,title,module,w1000,0.6303854828042329,0.6655813492063493,0.495,0.3874166666666666,0.3333333333333332,0.7334285714285714,0.236,0.8594761904761904,0.1395,0.965452380952381
kubernetes,cross,bge-small,recent,title_qdesc_module_w1000_recent,title,desc,module,w1000,0.672561574074074,0.7134642857142857,0.57,0.4611666666666666,0.3283333333333333,0.7387142857142857,0.238,0.8565595238095238,0.138,0.9580714285714284
kubernetes,cross,bge-small,recent,title_qcomments_module_w1000_recent,title,comments,module,w1000,0.6628337301587303,0.699204365079365,0.535,0.4355,0.3316666666666666,0.7524642857142857,0.242,0.8753095238095239,0.1385,0.9630714285714284
kubernetes,cross,bge-small,recent,desc_qtitle_file_w1000_recent,desc,title,file,w1000,0.0307393386042313,0.0720178571428571,0.04,0.0141680790960451,0.0333333333333333,0.0199468980548218,0.029,0.04569543034445,0.024,0.0813308566789018
kubernetes,cross,bge-small,recent,desc_qdesc_file_w1000_recent,desc,desc,file,w1000,0.0283165772235103,0.0669702380952381,0.035,0.0148026944806605,0.0316666666666666,0.0308868244798256,0.028,0.0429146022576034,0.018,0.0593558751139113
kubernetes,cross,bge-small,recent,desc_qcomments_file_w1000_recent,desc,comments,file,w1000,0.0265889264609019,0.0612142857142857,0.04,0.0155609362389023,0.025,0.0247507966658317,0.022,0.0328077646507658,0.016,0.0592490375070737
kubernetes,cross,bge-small,recent,desc_qtitle_module_w1000_recent,desc,title,module,w1000,0.6172729119425547,0.6558373015873016,0.49,0.379797619047619,0.315,0.6985476190476192,0.233,0.8490595238095239,0.139,0.9637857142857144
kubernetes,cross,bge-small,recent,desc_qdesc_module_w1000_recent,desc,desc,module,w1000,0.6540447089947091,0.6964920634920635,0.54,0.427,0.3283333333333333,0.7388452380952382,0.239,0.8623928571428572,0.1385,0.958904761904762
kubernetes,cross,bge-small,recent,desc_qcomments_module_w1000_recent,desc,comments,module,w1000,0.6476806216931217,0.6851031746031745,0.505,0.4053333333333333,0.3333333333333332,0.7513452380952381,0.242,0.8736428571428572,0.139,0.963904761904762
kubernetes,cross,bge-small,recent,diff_qtitle_file_w1000_recent,diff,title,file,w1000,0.04816295117743,0.1172837301587301,0.085,0.0238624241935551,0.0649999999999999,0.0531224425043169,0.05,0.0626540232316186,0.032,0.0912530944998381
kubernetes,cross,bge-small,recent,diff_qdesc_file_w1000_recent,diff,desc,file,w1000,0.0408795208165174,0.089515873015873,0.04,0.0176019871420222,0.0483333333333333,0.0522240267201927,0.037,0.0641480581971903,0.0255,0.086789727878895
kubernetes,cross,bge-small,recent,diff_qcomments_file_w1000_recent,diff,comments,file,w1000,0.0309514282170265,0.0741130952380952,0.035,0.010411510951546,0.0399999999999999,0.0368394113355773,0.033,0.0552634428125749,0.023,0.077184302701436
kubernetes,cross,bge-small,recent,diff_qtitle_module_w1000_recent,diff,title,module,w1000,0.5944644935752078,0.6206190476190475,0.455,0.3564642857142857,0.315,0.6901428571428572,0.228,0.8203571428571429,0.14,0.9547857142857142
kubernetes,cross,bge-small,recent,diff_qdesc_module_w1000_recent,diff,desc,module,w1000,0.6145621220710507,0.6635575396825396,0.51,0.3978333333333333,0.3,0.6721785714285715,0.227,0.8249404761904762,0.1385,0.952404761904762
kubernetes,cross,bge-small,recent,diff_qcomments_module_w1000_recent,diff,comments,module,w1000,0.6250867252456538,0.6727242063492063,0.515,0.4053333333333333,0.3066666666666667,0.6934285714285715,0.23,0.8361904761904762,0.1385,0.9622380952380952
kubernetes,cross,bge-small,recent,title_qtitle_file_all_recent,title,title,file,all,0.3126536197001894,0.4646805555555555,0.385,0.1713395516532281,0.2866666666666667,0.2978873954767232,0.225,0.3488990582855468,0.1515,0.4207965267793924
kubernetes,cross,bge-small,recent,title_qdesc_file_all_recent,title,desc,file,all,0.2522677462692902,0.3707936507936507,0.29,0.1304658785188446,0.2183333333333333,0.2367494576957254,0.179,0.3052787461806651,0.1295,0.3988092509280946
kubernetes,cross,bge-small,recent,title_qcomments_file_all_recent,title,comments,file,all,0.2141376205014169,0.3163492063492063,0.245,0.1132410506160506,0.17,0.2098310369208256,0.137,0.2616997790941453,0.102,0.3350848454552593
kubernetes,cross,bge-small,recent,title_qtitle_module_all_recent,title,title,module,all,0.5315493055555556,0.576656746031746,0.38,0.3015833333333333,0.27,0.6394642857142857,0.209,0.7904285714285715,0.1275,0.9134761904761904
kubernetes,cross,bge-small,recent,title_qdesc_module_all_recent,title,desc,module,all,0.4219013369236583,0.4568968253968253,0.27,0.22225,0.1966666666666666,0.4645833333333333,0.165,0.6312142857142857,0.122,0.8749880952380952
kubernetes,cross,bge-small,recent,title_qcomments_module_all_recent,title,comments,module,all,0.3920150273998488,0.42225,0.225,0.1855833333333333,0.1883333333333333,0.4469166666666666,0.154,0.588547619047619,0.1225,0.8837380952380951
kubernetes,cross,bge-small,recent,desc_qtitle_file_all_recent,desc,title,file,all,0.294841007782074,0.450781746031746,0.395,0.1694472211328452,0.2616666666666666,0.2663090341792826,0.212,0.3314341626210818,0.145,0.4016251129248284
kubernetes,cross,bge-small,recent,desc_qdesc_file_all_recent,desc,desc,file,all,0.3013929979064668,0.4311865079365079,0.36,0.1766096768305121,0.25,0.2849022865572178,0.1989999999999999,0.3426642255373848,0.1365,0.4195736557118839
kubernetes,cross,bge-small,recent,desc_qcomments_file_all_recent,desc,comments,file,all,0.2524627385874749,0.3767003968253968,0.305,0.1495199011514801,0.2133333333333333,0.2440690095388489,0.17,0.2936587331092893,0.114,0.3657898995834685
kubernetes,cross,bge-small,recent,desc_qtitle_module_all_recent,desc,title,module,all,0.5368254346182918,0.5781011904761904,0.375,0.3071309523809523,0.2766666666666666,0.6598809523809525,0.208,0.7754285714285715,0.128,0.9137261904761904
kubernetes,cross,bge-small,recent,desc_qdesc_module_all_recent,desc,desc,module,all,0.4808573412698412,0.5229702380952381,0.34,0.2749166666666667,0.2333333333333333,0.5423809523809524,0.201,0.738892857142857,0.1245,0.8930238095238096
kubernetes,cross,bge-small,recent,desc_qcomments_module_all_recent,desc,comments,module,all,0.4752006944444444,0.5093968253968254,0.31,0.25475,0.2283333333333333,0.5309642857142858,0.195,0.7166428571428571,0.128,0.9276071428571429
kubernetes,cross,bge-small,recent,diff_qtitle_file_all_recent,diff,title,file,all,0.293230585546647,0.4525257936507937,0.365,0.1545310030887949,0.26,0.2848738864309789,0.217,0.361520521884957,0.155,0.4358391358102305
kubernetes,cross,bge-small,recent,diff_qdesc_file_all_recent,diff,desc,file,all,0.2627999253311043,0.3982559523809523,0.33,0.1541985880297189,0.215,0.2527961452672579,0.179,0.3390745417765866,0.1275,0.398170045267194
kubernetes,cross,bge-small,recent,diff_qcomments_file_all_recent,diff,comments,file,all,0.2502007277398485,0.3773353174603174,0.31,0.1470835407962507,0.2083333333333333,0.2417309180967675,0.171,0.3069480235579631,0.1235,0.3700428924492517
kubernetes,cross,bge-small,recent,diff_qtitle_module_all_recent,diff,title,module,all,0.5097871362433862,0.5428214285714286,0.365,0.2943333333333333,0.2516666666666666,0.5761309523809524,0.2,0.7415952380952381,0.128,0.8907857142857142
kubernetes,cross,bge-small,recent,diff_qdesc_module_all_recent,diff,desc,module,all,0.4115129960317459,0.4374503968253968,0.21,0.1684999999999999,0.2216666666666666,0.4868809523809524,0.186,0.6689285714285714,0.129,0.8949047619047619
kubernetes,cross,bge-small,recent,diff_qcomments_module_all_recent,diff,comments,module,all,0.3992410714285714,0.4275198412698412,0.2,0.1597499999999999,0.21,0.4737976190476191,0.182,0.6662619047619047,0.1285,0.9059880952380952
kubernetes,cross,bge-small,modn,title_qtitle_file_w100_modn,title,title,file,w100,0.006680080623232,0.0174345238095238,0.005,0.0016666666666666,0.0083333333333333,0.0087589693411611,0.008,0.0101946051339397,0.0069999999999999,0.0125805300622867
kubernetes,cross,bge-small,modn,title_qdesc_file_w100_modn,title,desc,file,w100,0.0105713039448126,0.0235833333333333,0.01,0.0066666666666666,0.0116666666666666,0.0107893772893772,0.012,0.0171469860863207,0.0075,0.0172744076133071
kubernetes,cross,bge-small,modn,title_qcomments_file_w100_modn,title,comments,file,w100,0.0111112510347597,0.0236388888888888,0.01,0.0066666666666666,0.0116666666666666,0.0147893772893772,0.011,0.0169088908482254,0.008,0.0175521853910849
kubernetes,cross,bge-small,modn,title_qtitle_module_w100_modn,title,title,module,w100,0.5463214285714285,0.5752261904761905,0.39,0.3252559523809523,0.2933333333333333,0.7068511904761905,0.196,0.7573154761904763,0.1105,0.8363630952380953
kubernetes,cross,bge-small,modn,title_qdesc_module_w100_modn,title,desc,module,w100,0.6003098072562358,0.6364345238095238,0.495,0.415922619047619,0.2933333333333333,0.7073869047619047,0.198,0.7635654761904762,0.1105,0.8363630952380953
kubernetes,cross,bge-small,modn,title_qcomments_module_w100_modn,title,comments,module,w100,0.6039477040816326,0.6403214285714286,0.495,0.415922619047619,0.2966666666666667,0.7136369047619049,0.201,0.7752321428571429,0.1105,0.8363630952380953
kubernetes,cross,bge-small,modn,desc_qtitle_file_w100_modn,desc,title,file,w100,0.0064690476190476,0.01425,0.01,0.0020238095238095,0.0066666666666666,0.0086904761904761,0.005,0.0094047619047619,0.003,0.0104047619047619
kubernetes,cross,bge-small,modn,desc_qdesc_file_w100_modn,desc,desc,file,w100,0.0104976764660726,0.0293333333333333,0.02,0.0070714285714285,0.0116666666666666,0.0138065883887801,0.01,0.0168578704400622,0.0069999999999999,0.0172233872051438
kubernetes,cross,bge-small,modn,desc_qcomments_file_w100_modn,desc,comments,file,w100,0.0158689528304996,0.0360833333333333,0.03,0.0137380952380952,0.0116666666666666,0.0154047619047619,0.01,0.0168578704400622,0.008,0.0178583078400645
kubernetes,cross,bge-small,modn,desc_qtitle_module_w100_modn,desc,title,module,w100,0.5275248015873015,0.5466547619047618,0.335,0.284422619047619,0.295,0.7139345238095237,0.195,0.7548154761904761,0.1105,0.8363630952380953
kubernetes,cross,bge-small,modn,desc_qdesc_module_w100_modn,desc,desc,module,w100,0.5744665532879819,0.6114940476190476,0.445,0.3673392857142857,0.2916666666666666,0.7057202380952381,0.196,0.7548154761904762,0.1105,0.8363630952380953
kubernetes,cross,bge-small,modn,desc_qcomments_module_w100_modn,desc,comments,module,w100,0.5884348072562358,0.6311845238095237,0.48,0.3910892857142857,0.29,0.7032202380952381,0.197,0.7602321428571429,0.1105,0.8363630952380953
kubernetes,cross,bge-small,modn,diff_qtitle_file_w100_modn,diff,title,file,w100,0.0061558269100203,0.0180833333333333,0.01,0.0023809523809523,0.0083333333333333,0.0094047619047619,0.0069999999999999,0.009711350293542,0.005,0.0108133911098686
kubernetes,cross,bge-small,modn,diff_qdesc_file_w100_modn,diff,desc,file,w100,0.0057294532836467,0.019547619047619,0.01,0.0023809523809523,0.0083333333333333,0.0054047619047619,0.008,0.006711350293542,0.006,0.0121980064944839
kubernetes,cross,bge-small,modn,diff_qcomments_file_w100_modn,diff,comments,file,w100,0.0098405643947578,0.0228333333333333,0.015,0.0073809523809523,0.01,0.0104047619047619,0.008,0.0114732550554468,0.006,0.0121980064944839
kubernetes,cross,bge-small,modn,diff_qtitle_module_w100_modn,diff,title,module,w100,0.4854813988095238,0.5098035714285715,0.315,0.255672619047619,0.2749999999999999,0.6636845238095238,0.197,0.761065476190476,0.1105,0.8363630952380953
kubernetes,cross,bge-small,modn,diff_qdesc_module_w100_modn,diff,desc,module,w100,0.516172902494331,0.5383214285714285,0.33,0.2785892857142857,0.2933333333333333,0.7089345238095237,0.196,0.7608988095238095,0.1105,0.8363630952380953
kubernetes,cross,bge-small,modn,diff_qcomments_module_w100_modn,diff,comments,module,w100,0.5004318310657596,0.5260059523809524,0.305,0.2473392857142857,0.29,0.6968511904761905,0.197,0.7650654761904763,0.1105,0.8363630952380953
kubernetes,cross,bge-small,modn,title_qtitle_file_w1000_modn,title,title,file,w1000,0.0442562520629839,0.0740694444444444,0.05,0.0301977466977466,0.04,0.0455847366918795,0.032,0.0503338209409638,0.025,0.0651474274041464
kubernetes,cross,bge-small,modn,title_qdesc_file_w1000_modn,title,desc,file,w1000,0.0359026901654528,0.0656845238095238,0.045,0.0276578580150008,0.0283333333333333,0.0329825888397316,0.025,0.0378614587963518,0.018,0.0562220030140388
kubernetes,cross,bge-small,modn,title_qcomments_file_w1000_modn,title,comments,file,w1000,0.0285257749587308,0.0630654761904761,0.04,0.0182828580150008,0.03,0.0261760819904166,0.025,0.0352225699074629,0.0175,0.0511227966648325
kubernetes,cross,bge-small,modn,title_qtitle_module_w1000_modn,title,title,module,w1000,0.5718352678571429,0.5903630952380952,0.395,0.336297619047619,0.2833333333333333,0.6871785714285714,0.214,0.8390238095238095,0.124,0.9389107142857144
kubernetes,cross,bge-small,modn,title_qdesc_module_w1000_modn,title,desc,module,w1000,0.5929509778911565,0.6246626984126985,0.45,0.3785892857142857,0.28,0.6823869047619047,0.214,0.840440476190476,0.124,0.9389107142857144
kubernetes,cross,bge-small,modn,title_qcomments_module_w1000_modn,title,comments,module,w1000,0.5869480017006803,0.6196825396825397,0.44,0.3635892857142857,0.2816666666666667,0.6853035714285715,0.21,0.8271071428571429,0.124,0.9389107142857144
kubernetes,cross,bge-small,modn,desc_qtitle_file_w1000_modn,desc,title,file,w1000,0.030788555477789,0.0497341269841269,0.03,0.0171421911421911,0.0266666666666666,0.0292837162837162,0.022,0.0370767565767565,0.019,0.0516205217700979
kubernetes,cross,bge-small,modn,desc_qdesc_file_w1000_modn,desc,desc,file,w1000,0.038895345479158,0.0791448412698412,0.055,0.0272668773092993,0.0366666666666666,0.043518510078403,0.028,0.0468228327398686,0.019,0.0573501975775126
kubernetes,cross,bge-small,modn,desc_qcomments_file_w1000_modn,desc,comments,file,w1000,0.0327295897027921,0.0753531746031746,0.05,0.0222668773092993,0.0349999999999999,0.0348379545228475,0.03,0.0417533882954241,0.0195,0.0559414674187824
kubernetes,cross,bge-small,modn,desc_qtitle_module_w1000_modn,desc,title,module,w1000,0.595188988095238,0.6150694444444444,0.43,0.3702559523809523,0.2933333333333333,0.7160178571428572,0.211,0.8221488095238095,0.124,0.9389107142857144
kubernetes,cross,bge-small,modn,desc_qdesc_module_w1000_modn,desc,desc,module,w1000,0.5953561366213153,0.6268392857142857,0.46,0.3885892857142856,0.285,0.6878035714285714,0.216,0.8444404761904761,0.123,0.9359940476190476
kubernetes,cross,bge-small,modn,desc_qcomments_module_w1000_modn,desc,comments,module,w1000,0.5927329223356008,0.6256547619047619,0.46,0.3823392857142857,0.2916666666666666,0.6994702380952381,0.205,0.8061071428571429,0.123,0.9359940476190476
kubernetes,cross,bge-small,modn,diff_qtitle_file_w1000_modn,diff,title,file,w1000,0.0518085695176864,0.0900873015873015,0.065,0.0347087721306471,0.0433333333333333,0.0523223688513867,0.036,0.06203308010452,0.0285,0.0822272226982388
kubernetes,cross,bge-small,modn,diff_qdesc_file_w1000_modn,diff,desc,file,w1000,0.0449760093518135,0.09125,0.07,0.0310689555979734,0.0416666666666666,0.0489145605257701,0.034,0.0563597040133357,0.023,0.072189506492703
kubernetes,cross,bge-small,modn,diff_qcomments_file_w1000_modn,diff,comments,file,w1000,0.0383882244328611,0.0764861111111111,0.05,0.0239074972646401,0.0366666666666666,0.0438451160813257,0.03,0.0521632754419071,0.022,0.0652549826831792
kubernetes,cross,bge-small,modn,diff_qtitle_module_w1000_modn,diff,title,module,w1000,0.531392786281179,0.5493134920634921,0.35,0.3004642857142857,0.2533333333333333,0.6221369047619048,0.204,0.8041011904761904,0.125,0.9389880952380952
kubernetes,cross,bge-small,modn,diff_qdesc_module_w1000_modn,diff,desc,module,w1000,0.5460660903250188,0.5708194444444444,0.385,0.3310892857142857,0.2633333333333333,0.640142857142857,0.202,0.7947261904761905,0.1245,0.9395357142857144
kubernetes,cross,bge-small,modn,diff_qcomments_module_w1000_modn,diff,comments,module,w1000,0.5292592120181406,0.5537916666666667,0.375,0.3185892857142857,0.2466666666666666,0.6012261904761904,0.203,0.7930595238095237,0.1245,0.9395357142857144
kubernetes,cross,bge-small,modn,title_qtitle_file_all_modn,title,title,file,all,0.272720837339133,0.4190575396825396,0.35,0.155024766289311,0.235,0.2617570565435238,0.185,0.3196909813951207,0.135,0.4163243498100844
kubernetes,cross,bge-small,modn,title_qdesc_file_all_modn,title,desc,file,all,0.2249193899340716,0.3433075396825397,0.27,0.1202422391664566,0.1833333333333333,0.2074440852121002,0.154,0.2660330658191533,0.121,0.3939007353073165
kubernetes,cross,bge-small,modn,title_qcomments_file_all_modn,title,comments,file,all,0.1625421270034219,0.2417718253968254,0.175,0.0860184890854133,0.1266666666666666,0.1497894115327488,0.108,0.2010175781172232,0.0855,0.2938102364347453
kubernetes,cross,bge-small,modn,title_qtitle_module_all_modn,title,title,module,all,0.4867884424603174,0.5180992063492063,0.31,0.26975,0.23,0.5857202380952381,0.188,0.7771785714285714,0.114,0.910767857142857
kubernetes,cross,bge-small,modn,title_qdesc_module_all_modn,title,desc,module,all,0.4499523809523809,0.4707916666666666,0.28,0.2475,0.2116666666666666,0.540672619047619,0.1629999999999999,0.6758511904761905,0.1125,0.8886071428571429
kubernetes,cross,bge-small,modn,title_qcomments_module_all_modn,title,comments,module,all,0.4004866402116402,0.4266765873015873,0.225,0.1904166666666666,0.1883333333333333,0.466922619047619,0.158,0.6456011904761906,0.1125,0.8833571428571428
kubernetes,cross,bge-small,modn,desc_qtitle_file_all_modn,desc,title,file,all,0.2309167919684939,0.3646666666666667,0.28,0.1108139819755855,0.22,0.2414611477764402,0.183,0.2978276864080124,0.129,0.3746866402528718
kubernetes,cross,bge-small,modn,desc_qdesc_file_all_modn,desc,desc,file,all,0.2816412363908929,0.4316904761904762,0.345,0.1465445505584512,0.25,0.3057217178167286,0.1979999999999999,0.3553536418913247,0.1455,0.4575889484744466
kubernetes,cross,bge-small,modn,desc_qcomments_file_all_modn,desc,comments,file,all,0.2042819337371852,0.3256765873015873,0.255,0.1083608717984856,0.185,0.2143122225938142,0.147,0.258854922167421,0.1095,0.3361338569972963
kubernetes,cross,bge-small,modn,desc_qtitle_module_all_modn,desc,title,module,all,0.4785951105442176,0.504563492063492,0.295,0.259125,0.2383333333333333,0.6026369047619048,0.186,0.7592202380952381,0.1165,0.923059523809524
kubernetes,cross,bge-small,modn,desc_qdesc_module_all_modn,desc,desc,module,all,0.5044309807256235,0.5285535714285714,0.35,0.3066666666666666,0.2283333333333333,0.5834226190476189,0.177,0.7187678571428572,0.1155,0.9068988095238094
kubernetes,cross,bge-small,modn,desc_qcomments_module_all_modn,desc,comments,module,all,0.466734089191232,0.4937579365079365,0.305,0.2604166666666667,0.22,0.5563392857142857,0.177,0.7026845238095237,0.117,0.9089821428571428
kubernetes,cross,bge-small,modn,diff_qtitle_file_all_modn,diff,title,file,all,0.2098210396332067,0.3459186507936508,0.27,0.11130278342837,0.1866666666666666,0.2016250132989441,0.151,0.2619466559882588,0.115,0.3621168151671075
kubernetes,cross,bge-small,modn,diff_qdesc_file_all_modn,diff,desc,file,all,0.247203600773917,0.3867738095238095,0.305,0.141975885769037,0.2183333333333333,0.2419515557140374,0.178,0.3062950434340057,0.131,0.4154608692937754
kubernetes,cross,bge-small,modn,diff_qcomments_file_all_modn,diff,comments,file,all,0.2219544917641795,0.3342916666666666,0.26,0.1308139052233941,0.1766666666666666,0.2118421305191343,0.147,0.2792259561691464,0.1144999999999999,0.3741389111393819
kubernetes,cross,bge-small,modn,diff_qtitle_module_all_modn,diff,title,module,all,0.4661175099206349,0.485297619047619,0.295,0.256625,0.2266666666666666,0.5567619047619047,0.177,0.7073452380952381,0.116,0.9035238095238096
kubernetes,cross,bge-small,modn,diff_qdesc_module_all_modn,diff,desc,module,all,0.4321714616402116,0.4445416666666666,0.235,0.2166666666666666,0.21,0.5302559523809524,0.1689999999999999,0.6850952380952381,0.1135,0.8933571428571428
kubernetes,cross,bge-small,modn,diff_qcomments_module_all_modn,diff,comments,module,all,0.4283393187830688,0.4446408730158731,0.24,0.2166666666666666,0.2016666666666666,0.511922619047619,0.1689999999999999,0.6896785714285716,0.113,0.8793571428571428
pulumi,cross,bge-small,recent,title_qtitle_file_w100_recent,title,title,file,w100,0.0231555766242632,0.0596984126984127,0.025,0.004797619047619,0.0316666666666666,0.0280965848965848,0.0279999999999999,0.0432360498223401,0.022,0.056123964685255
pulumi,cross,bge-small,recent,title_qdesc_file_w100_recent,title,desc,file,w100,0.01501592153615,0.0305932539682539,0.01,0.0066666666666666,0.0083333333333333,0.0090779569892473,0.012,0.0252862903225806,0.0125,0.0432774519387422
pulumi,cross,bge-small,recent,title_qcomments_file_w100_recent,title,comments,file,w100,0.0161854548797905,0.036765873015873,0.01,0.0066666666666666,0.015,0.0107960305823209,0.016,0.0264686496299399,0.0144999999999999,0.0455718242331145
pulumi,cross,bge-small,recent,title_qtitle_module_w100_recent,title,title,module,w100,0.5271333333333333,0.5923928571428572,0.34,0.2001666666666666,0.325,0.6138333333333333,0.2690000000000001,0.8105,0.167,0.9885
pulumi,cross,bge-small,recent,title_qdesc_module_w100_recent,title,desc,module,w100,0.4816037698412698,0.526984126984127,0.265,0.1435,0.305,0.5509166666666667,0.264,0.775,0.168,0.9945
pulumi,cross,bge-small,recent,title_qcomments_module_w100_recent,title,comments,module,w100,0.4942402777777778,0.5391845238095239,0.285,0.15975,0.305,0.55175,0.266,0.77875,0.168,0.9945
pulumi,cross,bge-small,recent,desc_qtitle_file_w100_recent,desc,title,file,w100,0.0188446789321789,0.0428809523809523,0.015,0.002547619047619,0.0283333333333333,0.0188234126984126,0.025,0.03090386002886,0.0205,0.0466357864357864
pulumi,cross,bge-small,recent,desc_qdesc_file_w100_recent,desc,desc,file,w100,0.0125217786328897,0.0334365079365079,0.015,0.0072499999999999,0.0116666666666666,0.0108737373737373,0.011,0.0168737373737373,0.0105,0.0301909571909571
pulumi,cross,bge-small,recent,desc_qcomments_file_w100_recent,desc,comments,file,w100,0.0148153392389503,0.0441031746031745,0.025,0.0081158008658008,0.015,0.0132546897546897,0.0139999999999999,0.0217546897546897,0.011,0.0350719095719095
pulumi,cross,bge-small,recent,desc_qtitle_module_w100_recent,desc,title,module,w100,0.5061057539682539,0.5669960317460316,0.325,0.1958333333333333,0.32,0.5859166666666666,0.265,0.804,0.166,0.9851666666666666
pulumi,cross,bge-small,recent,desc_qdesc_module_w100_recent,desc,desc,module,w100,0.516656746031746,0.5744464285714286,0.365,0.2261666666666666,0.3133333333333333,0.5623333333333334,0.2710000000000001,0.8029166666666666,0.1675,0.9928333333333332
pulumi,cross,bge-small,recent,desc_qcomments_module_w100_recent,desc,comments,module,w100,0.5158630952380953,0.5795,0.375,0.2245,0.3183333333333333,0.5748333333333333,0.2690000000000001,0.7920833333333333,0.1675,0.9928333333333332
pulumi,cross,bge-small,recent,diff_qtitle_file_w100_recent,diff,title,file,w100,0.0275408017247302,0.0633115079365079,0.04,0.013797619047619,0.0283333333333333,0.0236091269841269,0.029,0.0340586219336219,0.0225,0.0485878066378066
pulumi,cross,bge-small,recent,diff_qdesc_file_w100_recent,diff,desc,file,w100,0.0173754698343984,0.0407142857142857,0.015,0.0072499999999999,0.015,0.0169848484848484,0.019,0.0310176767676767,0.016,0.0434098124098124
pulumi,cross,bge-small,recent,diff_qcomments_file_w100_recent,diff,comments,file,w100,0.0182223313062598,0.0463392857142857,0.02,0.0071158008658008,0.0166666666666666,0.0176991341991342,0.02,0.0317319624819624,0.0165,0.0488968253968253
pulumi,cross,bge-small,recent,diff_qtitle_module_w100_recent,diff,title,module,w100,0.530349007936508,0.5911924603174603,0.39,0.2501666666666666,0.295,0.5426666666666666,0.262,0.7873333333333333,0.1665,0.9868333333333332
pulumi,cross,bge-small,recent,diff_qdesc_module_w100_recent,diff,desc,module,w100,0.4723505952380952,0.4976230158730159,0.245,0.1589166666666666,0.275,0.48275,0.275,0.80125,0.1675,0.9895
pulumi,cross,bge-small,recent,diff_qcomments_module_w100_recent,diff,comments,module,w100,0.4644369047619048,0.4907698412698413,0.24,0.15075,0.2683333333333333,0.46525,0.27,0.78125,0.1675,0.9895
pulumi,cross,bge-small,recent,title_qtitle_file_w1000_recent,title,title,file,w1000,0.0308737378797672,0.0824702380952381,0.05,0.0110930187459599,0.0399999999999999,0.0405073044602456,0.034,0.052165178721061,0.025,0.0656790969379204
pulumi,cross,bge-small,recent,title_qdesc_file_w1000_recent,title,desc,file,w1000,0.0229475531139,0.0493472222222222,0.025,0.0110084033613445,0.0266666666666666,0.0329310224089635,0.019,0.035815080379978,0.0139999999999999,0.0461163624312601
pulumi,cross,bge-small,recent,title_qcomments_file_w1000_recent,title,comments,file,w1000,0.0238917541590975,0.0559999999999999,0.03,0.0113930187459599,0.0283333333333333,0.0329080290979268,0.02,0.0361996957645934,0.015,0.0480103018251995
pulumi,cross,bge-small,recent,title_qtitle_module_w1000_recent,title,title,module,w1000,0.4319997354497353,0.5276785714285714,0.28,0.1780833333333333,0.2666666666666666,0.50825,0.222,0.7094166666666666,0.1485,0.9043333333333332
pulumi,cross,bge-small,recent,title_qdesc_module_w1000_recent,title,desc,module,w1000,0.4389507275132275,0.5406448412698412,0.33,0.1986666666666666,0.2466666666666666,0.46425,0.218,0.6994166666666666,0.1565,0.9414166666666668
pulumi,cross,bge-small,recent,title_qcomments_module_w1000_recent,title,comments,module,w1000,0.4525998677248677,0.5533174603174603,0.345,0.217,0.25,0.4709166666666667,0.221,0.7044166666666666,0.1565,0.9414166666666668
pulumi,cross,bge-small,recent,desc_qtitle_file_w1000_recent,desc,title,file,w1000,0.0392553183206287,0.1074980158730158,0.07,0.0170190094219505,0.05,0.0395956882986294,0.047,0.0559802103125632,0.034,0.075294733343998
pulumi,cross,bge-small,recent,desc_qdesc_file_w1000_recent,desc,desc,file,w1000,0.0224766771944468,0.0542757936507936,0.015,0.0058333333333333,0.0216666666666666,0.0230833333333333,0.025,0.0330427287581699,0.0235,0.0617128119429589
pulumi,cross,bge-small,recent,desc_qcomments_file_w1000_recent,desc,comments,file,w1000,0.0241108773307302,0.0609007936507936,0.02,0.0083333333333333,0.025,0.023165404040404,0.025,0.0354585296239708,0.025,0.0591114410915881
pulumi,cross,bge-small,recent,desc_qtitle_module_w1000_recent,desc,title,module,w1000,0.4565863095238095,0.5617539682539683,0.32,0.19725,0.2933333333333333,0.5539999999999999,0.224,0.7010833333333334,0.149,0.9051666666666668
pulumi,cross,bge-small,recent,desc_qdesc_module_w1000_recent,desc,desc,module,w1000,0.4808197751322751,0.6111091269841269,0.4,0.2445,0.3166666666666666,0.5860833333333333,0.231,0.7173333333333334,0.136,0.8489166666666665
pulumi,cross,bge-small,recent,desc_qcomments_module_w1000_recent,desc,comments,module,w1000,0.4953078703703704,0.6279444444444444,0.43,0.2669999999999999,0.3183333333333333,0.5885833333333333,0.231,0.7173333333333334,0.1365,0.8514166666666667
pulumi,cross,bge-small,recent,diff_qtitle_file_w1000_recent,diff,title,file,w1000,0.0446293636003296,0.1184265873015873,0.08,0.0216887955182072,0.0583333333333333,0.041539808756177,0.054,0.0555017962240468,0.037,0.0829505714412044
pulumi,cross,bge-small,recent,diff_qdesc_file_w1000_recent,diff,desc,file,w1000,0.0390684596452882,0.0802380952380952,0.05,0.0194642857142857,0.0333333333333333,0.0350160533910533,0.032,0.04589904937254,0.026,0.0738863859738472
pulumi,cross,bge-small,recent,diff_qcomments_file_w1000_recent,diff,comments,file,w1000,0.0410565248208533,0.0910595238095238,0.06,0.0204285714285714,0.0383333333333333,0.035460137085137,0.037,0.050115860339351,0.0275,0.0787749141123754
pulumi,cross,bge-small,recent,diff_qtitle_module_w1000_recent,diff,title,module,w1000,0.5185982142857143,0.5987440476190475,0.41,0.2730833333333333,0.275,0.5348333333333334,0.236,0.7431666666666666,0.1645,0.9736666666666668
pulumi,cross,bge-small,recent,diff_qdesc_module_w1000_recent,diff,desc,module,w1000,0.4768238095238095,0.5250992063492064,0.27,0.1682499999999999,0.2833333333333333,0.534,0.254,0.7769166666666666,0.166,0.9878333333333332
pulumi,cross,bge-small,recent,diff_qcomments_module_w1000_recent,diff,comments,module,w1000,0.4855684523809524,0.5342956349206349,0.285,0.18325,0.2866666666666667,0.539,0.253,0.7802499999999999,0.1655,0.9853333333333332
pulumi,cross,bge-small,recent,title_qtitle_file_all_recent,title,title,file,all,0.2563154217398901,0.4509900793650794,0.38,0.1305138417862455,0.2716666666666666,0.2360720033005435,0.224,0.2897301886725208,0.159,0.3686115778226237
pulumi,cross,bge-small,recent,title_qdesc_file_all_recent,title,desc,file,all,0.1487691425413223,0.2618392857142857,0.2,0.0830230370474935,0.1416666666666666,0.1391378966531807,0.1159999999999999,0.1767990107524393,0.081,0.2245110001751301
pulumi,cross,bge-small,recent,title_qcomments_file_all_recent,title,comments,file,all,0.1471988945729165,0.2567757936507936,0.19,0.0802730370474935,0.1416666666666666,0.1410567278220118,0.1119999999999999,0.1717266803051089,0.081,0.2195280636671936
pulumi,cross,bge-small,recent,title_qtitle_module_all_recent,title,title,module,all,0.4467916666666666,0.4952440476190476,0.26,0.1985,0.2316666666666666,0.4788333333333333,0.202,0.67525,0.159,0.9499166666666669
pulumi,cross,bge-small,recent,title_qdesc_module_all_recent,title,desc,module,all,0.4397173611111111,0.4891071428571428,0.26,0.1785,0.2316666666666666,0.4644999999999999,0.211,0.6676666666666666,0.163,0.9700833333333332
pulumi,cross,bge-small,recent,title_qcomments_module_all_recent,title,comments,module,all,0.4427072420634921,0.4843928571428572,0.255,0.1785,0.2333333333333333,0.4711666666666666,0.213,0.6725,0.1645,0.9755
pulumi,cross,bge-small,recent,desc_qtitle_file_all_recent,desc,title,file,all,0.2417277719482865,0.4261170634920635,0.36,0.1316869722408405,0.2516666666666666,0.2183406324439356,0.203,0.2636006271146494,0.1455,0.3408864715676294
pulumi,cross,bge-small,recent,desc_qdesc_file_all_recent,desc,desc,file,all,0.1701915170282142,0.3203234126984127,0.275,0.097243929854377,0.1833333333333333,0.170694023154818,0.135,0.1949865535658452,0.098,0.250566065848627
pulumi,cross,bge-small,recent,desc_qcomments_file_all_recent,desc,comments,file,all,0.1570082305066986,0.3049265873015873,0.255,0.0864105965210437,0.1816666666666666,0.1601405928894312,0.135,0.1829518431072217,0.0935,0.235218603814094
pulumi,cross,bge-small,recent,desc_qtitle_module_all_recent,desc,title,module,all,0.47620042989418,0.5193531746031746,0.31,0.2341666666666666,0.2416666666666666,0.4800833333333333,0.221,0.70875,0.16,0.95675
pulumi,cross,bge-small,recent,desc_qdesc_module_all_recent,desc,desc,module,all,0.4562719576719576,0.5029146825396825,0.265,0.17825,0.24,0.4717499999999999,0.223,0.7039166666666666,0.1675,0.9896666666666668
pulumi,cross,bge-small,recent,desc_qcomments_module_all_recent,desc,comments,module,all,0.4586684523809524,0.5053730158730159,0.26,0.1780833333333333,0.255,0.4998333333333333,0.228,0.7197499999999999,0.166,0.9821666666666666
pulumi,cross,bge-small,recent,diff_qtitle_file_all_recent,diff,title,file,all,0.2115294458808028,0.4051369047619048,0.34,0.1144197292422822,0.2333333333333333,0.2062399436428138,0.188,0.2437974881301537,0.133,0.2985890113389186
pulumi,cross,bge-small,recent,diff_qdesc_file_all_recent,diff,desc,file,all,0.1797959646857359,0.3244742063492063,0.255,0.0823764284668723,0.185,0.1517877286091476,0.16,0.2267232013530148,0.1225,0.3069931221928575
pulumi,cross,bge-small,recent,diff_qcomments_file_all_recent,diff,comments,file,all,0.1876870856659754,0.3379861111111111,0.26,0.081590714181158,0.1983333333333333,0.1620173232898293,0.169,0.2376369230178235,0.1295,0.3183290724363593
pulumi,cross,bge-small,recent,diff_qtitle_module_all_recent,diff,title,module,all,0.4956636574074073,0.5442361111111111,0.3,0.21325,0.285,0.5588333333333333,0.23,0.72875,0.1625,0.9655
pulumi,cross,bge-small,recent,diff_qdesc_module_all_recent,diff,desc,module,all,0.4646857142857142,0.5265714285714286,0.27,0.1740833333333333,0.2883333333333333,0.5363333333333332,0.237,0.7086666666666666,0.163,0.9563333333333334
pulumi,cross,bge-small,recent,diff_qcomments_module_all_recent,diff,comments,module,all,0.4711869047619048,0.5263928571428571,0.27,0.17475,0.2883333333333333,0.5355,0.244,0.7339166666666667,0.164,0.9613333333333332
pulumi,cross,bge-small,modn,title_qtitle_file_w100_modn,title,title,file,w100,0.0244566365217978,0.0721865079365079,0.04,0.0066822887257669,0.0383333333333333,0.015415793998038,0.041,0.0323385282530303,0.0255,0.0439813853958874
pulumi,cross,bge-small,modn,title_qdesc_file_w100_modn,title,desc,file,w100,0.0153835400786647,0.0684503968253968,0.05,0.0065471436436412,0.0316666666666666,0.01197781440657,0.0289999999999999,0.0185715363355693,0.0204999999999999,0.0281385486243558
pulumi,cross,bge-small,modn,title_qcomments_file_w100_modn,title,comments,file,w100,0.0151590030416276,0.0676865079365079,0.05,0.0065471436436412,0.0316666666666666,0.01297781440657,0.029,0.0185715363355693,0.019,0.0251802152910224
pulumi,cross,bge-small,modn,title_qtitle_module_w100_modn,title,title,module,w100,0.5830892857142856,0.6630119047619047,0.465,0.25525,0.38,0.6406666666666666,0.306,0.82375,0.178,0.9496666666666668
pulumi,cross,bge-small,modn,title_qdesc_module_w100_modn,title,desc,module,w100,0.5829460317460317,0.6446785714285714,0.425,0.2405,0.3783333333333333,0.6610833333333334,0.311,0.8391666666666666,0.178,0.9496666666666668
pulumi,cross,bge-small,modn,title_qcomments_module_w100_modn,title,comments,module,w100,0.5895686507936507,0.6469285714285714,0.425,0.2415833333333333,0.3883333333333333,0.67625,0.316,0.8505833333333334,0.178,0.9496666666666668
pulumi,cross,bge-small,modn,desc_qtitle_file_w100_modn,desc,title,file,w100,0.0388347372235929,0.1062539682539682,0.07,0.0076919714777179,0.0566666666666666,0.0243545552367992,0.054,0.0536268034150079,0.042,0.0901756889679257
pulumi,cross,bge-small,modn,desc_qdesc_file_w100_modn,desc,desc,file,w100,0.0404729427661255,0.1035198412698412,0.065,0.0131480369687982,0.06,0.0294167228227614,0.0579999999999999,0.053920427912402,0.039,0.0767204558414623
pulumi,cross,bge-small,modn,desc_qcomments_file_w100_modn,desc,comments,file,w100,0.0417500469663914,0.1020138888888888,0.065,0.0131480369687982,0.0633333333333333,0.0322108404698202,0.057,0.0594435760605502,0.037,0.0756640585350649
pulumi,cross,bge-small,modn,desc_qtitle_module_w100_modn,desc,title,module,w100,0.5672299603174603,0.6513690476190476,0.44,0.2442499999999999,0.3583333333333333,0.60775,0.298,0.80525,0.1779999999999999,0.9496666666666668
pulumi,cross,bge-small,modn,desc_qdesc_module_w100_modn,desc,desc,module,w100,0.5995382936507936,0.6716130952380953,0.47,0.2710833333333333,0.3816666666666666,0.6494166666666666,0.307,0.83375,0.178,0.9496666666666668
pulumi,cross,bge-small,modn,desc_qcomments_module_w100_modn,desc,comments,module,w100,0.610775,0.6831607142857143,0.495,0.2948333333333333,0.38,0.6475833333333334,0.305,0.8285833333333333,0.178,0.9496666666666668
pulumi,cross,bge-small,modn,diff_qtitle_file_w100_modn,diff,title,file,w100,0.0372718210162194,0.0994087301587301,0.07,0.0128216896474259,0.0549999999999999,0.031792244421,0.05,0.0480944490262239,0.0365,0.0618139962879439
pulumi,cross,bge-small,modn,diff_qdesc_file_w100_modn,diff,desc,file,w100,0.037535217144034,0.1062420634920635,0.065,0.0107394315829098,0.065,0.0329182756177925,0.059,0.0520989993409735,0.0395,0.0708842392433861
pulumi,cross,bge-small,modn,diff_qcomments_file_w100_modn,diff,comments,file,w100,0.0381626097677501,0.1008095238095238,0.06,0.0100251458686241,0.0633333333333333,0.0341484343479512,0.054,0.0500720774611104,0.0405,0.0725705526576407
pulumi,cross,bge-small,modn,diff_qtitle_module_w100_modn,diff,title,module,w100,0.5425032738095238,0.610875,0.4,0.2204999999999999,0.355,0.5902499999999999,0.291,0.7795833333333333,0.178,0.9496666666666668
pulumi,cross,bge-small,modn,diff_qdesc_module_w100_modn,diff,desc,module,w100,0.5640751984126984,0.6381964285714286,0.45,0.2450833333333333,0.3566666666666666,0.5877499999999999,0.302,0.8265,0.178,0.9496666666666668
pulumi,cross,bge-small,modn,diff_qcomments_module_w100_modn,diff,comments,module,w100,0.5609184523809524,0.6273273809523809,0.425,0.2321666666666667,0.3683333333333333,0.6123333333333333,0.303,0.8240000000000001,0.178,0.9496666666666668
pulumi,cross,bge-small,modn,title_qtitle_file_w1000_modn,title,title,file,w1000,0.1238078953076342,0.2259583333333333,0.19,0.0465688177580572,0.145,0.0981997869502325,0.1239999999999999,0.1261505758651688,0.087,0.156436976689692
pulumi,cross,bge-small,modn,title_qdesc_file_w1000_modn,title,desc,file,w1000,0.102477167927093,0.2054841269841269,0.165,0.039186684129412,0.1366666666666666,0.0864947526559447,0.11,0.1095009220824898,0.0765,0.1329270472956211
pulumi,cross,bge-small,modn,title_qcomments_file_w1000_modn,title,comments,file,w1000,0.1034735605629769,0.2060238095238095,0.17,0.038561684129412,0.1316666666666666,0.0845503082115003,0.107,0.1074537475507951,0.081,0.1397517534715587
pulumi,cross,bge-small,modn,title_qtitle_module_w1000_modn,title,title,module,w1000,0.5505020502645502,0.6594642857142857,0.47,0.2823333333333333,0.3366666666666666,0.585,0.259,0.7390833333333333,0.1795,0.9635833333333336
pulumi,cross,bge-small,modn,title_qdesc_module_w1000_modn,title,desc,module,w1000,0.5394760912698413,0.627795634920635,0.425,0.2473333333333333,0.3383333333333332,0.5816666666666667,0.26,0.7375833333333333,0.1825,0.9731666666666666
pulumi,cross,bge-small,modn,title_qcomments_module_w1000_modn,title,comments,module,w1000,0.532141369047619,0.6229543650793651,0.42,0.24025,0.33,0.5620833333333334,0.262,0.7398333333333333,0.1835,0.9765
pulumi,cross,bge-small,modn,desc_qtitle_file_w1000_modn,desc,title,file,w1000,0.1399451616199087,0.2427599206349206,0.185,0.0544761198945981,0.1716666666666666,0.117928767485924,0.141,0.1471089654280784,0.1,0.1789604282432075
pulumi,cross,bge-small,modn,desc_qdesc_file_w1000_modn,desc,desc,file,w1000,0.141106320995266,0.2636150793650794,0.21,0.0513339886982282,0.1716666666666666,0.1158492696921726,0.15,0.1480730553815762,0.1085,0.1873811019472882
pulumi,cross,bge-small,modn,desc_qcomments_file_w1000_modn,desc,comments,file,w1000,0.1384212179754593,0.2626428571428572,0.21,0.0512784331426726,0.17,0.1108738686841629,0.149,0.1467211681906507,0.1055,0.1807854879352254
pulumi,cross,bge-small,modn,desc_qtitle_module_w1000_modn,desc,title,module,w1000,0.551246693121693,0.6700515873015873,0.465,0.2673333333333333,0.3483333333333333,0.6019166666666667,0.263,0.73925,0.1785,0.962
pulumi,cross,bge-small,modn,desc_qdesc_module_w1000_modn,desc,desc,module,w1000,0.5571240079365078,0.6570992063492064,0.455,0.2598333333333333,0.3533333333333333,0.60875,0.262,0.7368333333333333,0.185,0.9865
pulumi,cross,bge-small,modn,desc_qcomments_module_w1000_modn,desc,comments,module,w1000,0.5580577380952382,0.6609960317460317,0.465,0.2656666666666666,0.355,0.6079166666666667,0.265,0.7505833333333334,0.1845,0.9806666666666666
pulumi,cross,bge-small,modn,diff_qtitle_file_w1000_modn,diff,title,file,w1000,0.1339106041433997,0.2358789682539682,0.18,0.0480979545199211,0.16,0.1091988705095153,0.141,0.1458964046742162,0.1015,0.1846169469399625
pulumi,cross,bge-small,modn,diff_qdesc_file_w1000_modn,diff,desc,file,w1000,0.1501547483799982,0.2714742063492063,0.22,0.0614493733136128,0.165,0.1173288487403221,0.147,0.1565685305721706,0.1075,0.2073889914807535
pulumi,cross,bge-small,modn,diff_qcomments_file_w1000_modn,diff,comments,file,w1000,0.1433994295434093,0.2544900793650793,0.205,0.0564969923612318,0.1633333333333333,0.1118318862437206,0.148,0.1479955098745109,0.105,0.1910356443447976
pulumi,cross,bge-small,modn,diff_qtitle_module_w1000_modn,diff,title,module,w1000,0.5424892195767196,0.6306369047619047,0.42,0.2194166666666666,0.3466666666666666,0.5858333333333333,0.29,0.8006666666666666,0.1855,0.9884166666666668
pulumi,cross,bge-small,modn,diff_qdesc_module_w1000_modn,diff,desc,module,w1000,0.5447354166666666,0.6120654761904762,0.385,0.2029999999999999,0.3516666666666666,0.5785833333333333,0.304,0.8285833333333333,0.1855,0.98275
pulumi,cross,bge-small,modn,diff_qcomments_module_w1000_modn,diff,comments,module,w1000,0.5553959325396824,0.6234761904761904,0.4,0.2109166666666667,0.3633333333333333,0.6110833333333333,0.311,0.8431666666666666,0.186,0.98525
pulumi,cross,bge-small,modn,title_qtitle_file_all_modn,title,title,file,all,0.3124269533919949,0.5380337301587301,0.475,0.1239958888003357,0.3866666666666667,0.2637197725301721,0.315,0.3325353426667769,0.2275,0.4278966099517871
pulumi,cross,bge-small,modn,title_qdesc_file_all_modn,title,desc,file,all,0.2436065702670257,0.4516646825396825,0.38,0.1062325619852995,0.3,0.2080318563461609,0.261,0.2663759652549579,0.196,0.3448336463494641
pulumi,cross,bge-small,modn,title_qcomments_file_all_modn,title,comments,file,all,0.2283335145944968,0.4503809523809524,0.39,0.1092517790354154,0.2833333333333333,0.1974399646428111,0.243,0.2525750074136214,0.1809999999999999,0.3210593863090431
pulumi,cross,bge-small,modn,title_qtitle_module_all_modn,title,title,module,all,0.3876028439153439,0.4733075396825397,0.235,0.14475,0.2516666666666666,0.4474166666666667,0.211,0.6098333333333332,0.1545,0.8524166666666667
pulumi,cross,bge-small,modn,title_qdesc_module_all_modn,title,desc,module,all,0.4267884259259258,0.4942380952380952,0.27,0.1701666666666666,0.2683333333333333,0.473,0.227,0.6491666666666667,0.1614999999999999,0.8857499999999999
pulumi,cross,bge-small,modn,title_qcomments_module_all_modn,title,comments,module,all,0.4170458664021164,0.4914781746031745,0.28,0.167,0.2516666666666666,0.4252500000000001,0.221,0.621,0.1625,0.8874166666666666
pulumi,cross,bge-small,modn,desc_qtitle_file_all_modn,desc,title,file,all,0.2416770253408617,0.4316666666666666,0.355,0.0947543815153501,0.3033333333333333,0.1956432465816794,0.2689999999999999,0.2669849033008005,0.2045,0.3587978528522169
pulumi,cross,bge-small,modn,desc_qdesc_file_all_modn,desc,desc,file,all,0.3200332651832988,0.5576428571428572,0.49,0.1366237969115272,0.39,0.2723438413675819,0.33,0.340755997255215,0.239,0.430776074583707
pulumi,cross,bge-small,modn,desc_qcomments_file_all_modn,desc,comments,file,all,0.2947733279045204,0.5254742063492064,0.45,0.1208261778639082,0.3716666666666667,0.2423309575123067,0.321,0.3084258180984245,0.2365,0.4120801551141341
pulumi,cross,bge-small,modn,desc_qtitle_module_all_modn,desc,title,module,all,0.3887089947089946,0.4716785714285714,0.245,0.14725,0.24,0.4265833333333333,0.202,0.5759166666666666,0.158,0.8705833333333334
pulumi,cross,bge-small,modn,desc_qdesc_module_all_modn,desc,desc,module,all,0.4788632936507936,0.5910515873015872,0.375,0.2263333333333333,0.3149999999999999,0.5548333333333333,0.252,0.7155,0.161,0.8840833333333333
pulumi,cross,bge-small,modn,desc_qcomments_module_all_modn,desc,comments,module,all,0.4604910714285715,0.5705634920634921,0.35,0.20425,0.3016666666666666,0.5240833333333333,0.251,0.7092499999999999,0.1605,0.8835000000000001
pulumi,cross,bge-small,modn,diff_qtitle_file_all_modn,diff,title,file,all,0.2712335435550412,0.509,0.41,0.110545256099703,0.3433333333333334,0.2404073150601059,0.3,0.3149358235840172,0.214,0.3916410536175694
pulumi,cross,bge-small,modn,diff_qdesc_file_all_modn,diff,desc,file,all,0.3152409757061324,0.545670634920635,0.475,0.1383409205501625,0.3716666666666666,0.252477563148701,0.319,0.3209993812508488,0.243,0.4339627978091064
pulumi,cross,bge-small,modn,diff_qcomments_file_all_modn,diff,comments,file,all,0.2978454761950798,0.5341845238095237,0.465,0.1300245329903538,0.365,0.2403648096741054,0.316,0.3086729291941336,0.2395,0.4067203630802307
pulumi,cross,bge-small,modn,diff_qtitle_module_all_modn,diff,title,module,all,0.4283482142857143,0.5127361111111111,0.295,0.1755833333333333,0.2616666666666666,0.4756666666666666,0.225,0.6606666666666666,0.161,0.8909999999999999
pulumi,cross,bge-small,modn,diff_qdesc_module_all_modn,diff,desc,module,all,0.4854072420634921,0.5719047619047619,0.37,0.2151666666666666,0.2966666666666666,0.51075,0.253,0.701,0.174,0.9415833333333332
pulumi,cross,bge-small,modn,diff_qcomments_module_all_modn,diff,comments,module,all,0.4833474537037037,0.5634920634920635,0.365,0.20975,0.2933333333333333,0.4990833333333333,0.251,0.6911666666666667,0.1775,0.9540833333333332
rubocop,cross,bge-small,recent,title_qtitle_file_w100_recent,title,title,file,w100,0.0798660351400754,0.1908492063492063,0.155,0.0420213148920045,0.09,0.0750028349299541,0.068,0.0918041169812361,0.0465,0.12488307155157
rubocop,cross,bge-small,recent,title_qdesc_file_w100_recent,title,desc,file,w100,0.0601316257023752,0.1464186507936508,0.095,0.0295352037808934,0.0766666666666666,0.0652607714378906,0.0569999999999999,0.0773083904855096,0.037,0.099193005870125
rubocop,cross,bge-small,recent,title_qcomments_file_w100_recent,title,comments,file,w100,0.0625685069471211,0.1564960317460317,0.11,0.0320793214279522,0.0783333333333333,0.0666444923681232,0.06,0.0808083904855096,0.038,0.1002049106320298
rubocop,cross,bge-small,recent,title_qtitle_module_w100_recent,title,title,module,w100,0.8358724206349205,0.9102142857142858,0.85,0.28825,0.6616666666666667,0.6734166666666667,0.5609999999999999,0.9528333333333332,0.294,0.995
rubocop,cross,bge-small,recent,title_qdesc_module_w100_recent,title,desc,module,w100,0.8329194444444445,0.91975,0.86,0.3078333333333334,0.6766666666666665,0.6988333333333333,0.5569999999999999,0.9453333333333334,0.2939999999999999,0.995
rubocop,cross,bge-small,recent,title_qcomments_module_w100_recent,title,comments,module,w100,0.8279958333333333,0.9089166666666668,0.84,0.2945,0.68,0.7017500000000001,0.5589999999999999,0.9488333333333332,0.294,0.995
rubocop,cross,bge-small,recent,desc_qtitle_file_w100_recent,desc,title,file,w100,0.0729918588581567,0.1821785714285714,0.11,0.0291465201465201,0.1033333333333333,0.0886174474416254,0.074,0.1014314063585255,0.047,0.1251710752145737
rubocop,cross,bge-small,recent,desc_qdesc_file_w100_recent,desc,desc,file,w100,0.0719634149990334,0.1840198412698412,0.145,0.0455795266824678,0.085,0.0726797274818466,0.065,0.0894036285807477,0.04,0.1069990282790886
rubocop,cross,bge-small,recent,desc_qcomments_file_w100_recent,desc,comments,file,w100,0.071242397571747,0.1900813492063492,0.155,0.0438769404755713,0.0833333333333333,0.0725634484120792,0.065,0.0892726761997953,0.0405,0.1072966473267077
rubocop,cross,bge-small,recent,desc_qtitle_module_w100_recent,desc,title,module,w100,0.824088492063492,0.911297619047619,0.85,0.2961666666666667,0.6733333333333335,0.6917500000000001,0.5339999999999999,0.9053333333333332,0.2939999999999999,0.995
rubocop,cross,bge-small,recent,desc_qdesc_module_w100_recent,desc,desc,module,w100,0.8231833333333333,0.907547619047619,0.84,0.292,0.6716666666666667,0.6938333333333334,0.568,0.96175,0.2939999999999999,0.995
rubocop,cross,bge-small,recent,desc_qcomments_module_w100_recent,desc,comments,module,w100,0.8235097222222223,0.9100476190476192,0.845,0.2936666666666667,0.67,0.6917500000000001,0.57,0.9646666666666668,0.2939999999999999,0.995
rubocop,cross,bge-small,recent,diff_qtitle_file_w100_recent,diff,title,file,w100,0.0669202868424755,0.153656746031746,0.1,0.0273509852216748,0.0766666666666666,0.0707685463427243,0.059,0.0841579020850212,0.041,0.1156142512913705
rubocop,cross,bge-small,recent,diff_qdesc_file_w100_recent,diff,desc,file,w100,0.0621233754918769,0.1416071428571428,0.09,0.0261309523809523,0.0716666666666666,0.0662407685649466,0.055,0.0800904417675609,0.0415,0.1129849654685142
rubocop,cross,bge-small,recent,diff_qcomments_file_w100_recent,diff,comments,file,w100,0.0674370945130771,0.1568630952380952,0.11,0.0336750700280112,0.0783333333333333,0.0704602738089046,0.057,0.0821321084342276,0.041,0.1136397273732761
rubocop,cross,bge-small,recent,diff_qtitle_module_w100_recent,diff,title,module,w100,0.8364329365079365,0.894125,0.81,0.27825,0.7166666666666666,0.7346666666666667,0.566,0.9584166666666668,0.2939999999999999,0.995
rubocop,cross,bge-small,recent,diff_qdesc_module_w100_recent,diff,desc,module,w100,0.8107984126984127,0.8536309523809524,0.735,0.2511666666666666,0.6933333333333335,0.7184166666666667,0.564,0.9553333333333334,0.2939999999999999,0.995
rubocop,cross,bge-small,recent,diff_qcomments_module_w100_recent,diff,comments,module,w100,0.8142617063492065,0.8536309523809524,0.735,0.2511666666666666,0.7,0.7238333333333334,0.566,0.95825,0.2939999999999999,0.995
rubocop,cross,bge-small,recent,title_qtitle_file_w1000_recent,title,title,file,w1000,0.1839103790631907,0.349109126984127,0.29,0.0920593185550082,0.1983333333333333,0.1821486042692939,0.142,0.2142232166723946,0.084,0.2501597246089026
rubocop,cross,bge-small,recent,title_qdesc_file_w1000_recent,title,desc,file,w1000,0.1230727242999338,0.2315575396825396,0.16,0.0550057471264367,0.1216666666666666,0.1181279785771566,0.096,0.1523598161839942,0.069,0.212044339993518
rubocop,cross,bge-small,recent,title_qcomments_file_w1000_recent,title,comments,file,w1000,0.1193165458207903,0.2274821428571428,0.155,0.0533390804597701,0.1166666666666666,0.1137259852216748,0.096,0.1506633876125656,0.0675,0.2058836257078037
rubocop,cross,bge-small,recent,title_qtitle_module_w1000_recent,title,title,module,w1000,0.8208688492063493,0.9045416666666668,0.835,0.2834166666666667,0.65,0.6738333333333334,0.5239999999999999,0.8951666666666667,0.2949999999999999,1.0
rubocop,cross,bge-small,recent,title_qdesc_module_w1000_recent,title,desc,module,w1000,0.7961184523809525,0.9012083333333334,0.835,0.28325,0.655,0.6725833333333333,0.485,0.8305833333333333,0.2949999999999999,1.0
rubocop,cross,bge-small,recent,title_qcomments_module_w1000_recent,title,comments,module,w1000,0.794939880952381,0.9042916666666666,0.845,0.2865833333333333,0.6466666666666666,0.6600833333333334,0.485,0.8301666666666665,0.2949999999999999,1.0
rubocop,cross,bge-small,recent,desc_qtitle_file_w1000_recent,desc,title,file,w1000,0.1673004294835776,0.3223035714285714,0.235,0.0716820291777188,0.1866666666666666,0.1727328320570101,0.14,0.216294339993518,0.0865,0.2595324352316132
rubocop,cross,bge-small,recent,desc_qdesc_file_w1000_recent,desc,desc,file,w1000,0.1444371890665395,0.2665674603174602,0.185,0.0587172642914423,0.1516666666666666,0.1485327404819185,0.118,0.1871359150850931,0.0775,0.2344307342506019
rubocop,cross,bge-small,recent,desc_qcomments_file_w1000_recent,desc,comments,file,w1000,0.1411457109842465,0.2615555555555555,0.18,0.0585448504983388,0.1483333333333333,0.1410327404819185,0.118,0.1810644865136645,0.0765,0.2296928442670222
rubocop,cross,bge-small,recent,desc_qtitle_module_w1000_recent,desc,title,module,w1000,0.7815321428571429,0.8739583333333334,0.78,0.2675833333333333,0.6533333333333333,0.6771666666666667,0.497,0.8520833333333333,0.295,1.0
rubocop,cross,bge-small,recent,desc_qdesc_module_w1000_recent,desc,desc,module,w1000,0.8025271825396826,0.917875,0.855,0.2961666666666667,0.6566666666666667,0.6784166666666667,0.4760000000000001,0.8172499999999999,0.295,1.0
rubocop,cross,bge-small,recent,desc_qcomments_module_w1000_recent,desc,comments,module,w1000,0.7993059523809524,0.9157916666666668,0.855,0.2924166666666666,0.6566666666666667,0.67675,0.47,0.8068333333333334,0.295,1.0
rubocop,cross,bge-small,recent,diff_qtitle_file_w1000_recent,diff,title,file,w1000,0.1580782060613126,0.3141527777777778,0.24,0.0733422642914423,0.1666666666666666,0.1620089309581089,0.126,0.1964017881009661,0.084,0.2498935463427243
rubocop,cross,bge-small,recent,diff_qdesc_file_w1000_recent,diff,desc,file,w1000,0.1575374295701975,0.2994960317460317,0.21,0.0624613119104899,0.1716666666666666,0.154181550005728,0.14,0.2109970261962042,0.088,0.2632567415766092
rubocop,cross,bge-small,recent,diff_qcomments_file_w1000_recent,diff,comments,file,w1000,0.1557427701355424,0.2998988095238095,0.205,0.0629138981173864,0.1683333333333333,0.1514434547676328,0.139,0.2075446452438233,0.089,0.2650847946369138
rubocop,cross,bge-small,recent,diff_qtitle_module_w1000_recent,diff,title,module,w1000,0.7835767857142858,0.8150059523809524,0.685,0.2234166666666666,0.685,0.6950833333333334,0.5499999999999998,0.9288333333333332,0.295,1.0
rubocop,cross,bge-small,recent,diff_qdesc_module_w1000_recent,diff,desc,module,w1000,0.8092956349206348,0.8494583333333332,0.76,0.2578333333333333,0.6866666666666668,0.6971666666666667,0.5519999999999999,0.9374166666666666,0.2949999999999999,1.0
rubocop,cross,bge-small,recent,diff_qcomments_module_w1000_recent,diff,comments,module,w1000,0.8090059523809523,0.8492083333333333,0.76,0.2571666666666667,0.6866666666666668,0.6955000000000001,0.5519999999999999,0.9349166666666666,0.2949999999999999,1.0
rubocop,cross,bge-small,recent,title_qtitle_file_all_recent,title,title,file,all,0.4296172389079656,0.7169285714285715,0.67,0.2138186163707355,0.4516666666666666,0.413685746243473,0.303,0.450073340205245,0.1735,0.5033629275224988
rubocop,cross,bge-small,recent,title_qdesc_file_all_recent,title,desc,file,all,0.3468815945602442,0.5886626984126984,0.53,0.1723622671643863,0.3716666666666666,0.3416004287831555,0.2479999999999999,0.3694889171993104,0.146,0.4167236333875149
rubocop,cross,bge-small,recent,title_qcomments_file_all_recent,title,comments,file,all,0.3362248085913791,0.5748234126984128,0.51,0.165528933831053,0.3583333333333333,0.3287254287831556,0.25,0.3692807891204926,0.1455,0.4128960471806184
rubocop,cross,bge-small,recent,title_qtitle_module_all_recent,title,title,module,all,0.6797665674603175,0.8385416666666667,0.735,0.247,0.61,0.6260000000000001,0.42,0.7220833333333333,0.268,0.9174166666666664
rubocop,cross,bge-small,recent,title_qdesc_module_all_recent,title,desc,module,all,0.5890374007936507,0.7541428571428571,0.625,0.20925,0.5516666666666667,0.5549166666666667,0.405,0.69,0.2395,0.821
rubocop,cross,bge-small,recent,title_qcomments_module_all_recent,title,comments,module,all,0.5899788690476191,0.7570595238095237,0.63,0.21175,0.5533333333333333,0.5568333333333334,0.408,0.6945833333333333,0.2385,0.8184999999999999
rubocop,cross,bge-small,recent,desc_qtitle_file_all_recent,desc,title,file,all,0.3938229086706958,0.6807757936507938,0.625,0.1950329020850213,0.4316666666666666,0.3858166986244253,0.29,0.4217876259195307,0.163,0.468574170770029
rubocop,cross,bge-small,recent,desc_qdesc_file_all_recent,desc,desc,file,all,0.354955903621584,0.5833849206349206,0.525,0.1681991018982799,0.3716666666666666,0.3431239767080726,0.2689999999999999,0.3989099626289764,0.1555,0.4425186454889565
rubocop,cross,bge-small,recent,desc_qcomments_file_all_recent,desc,comments,file,all,0.3455346550666956,0.5654980158730158,0.5,0.1611933547718431,0.3633333333333333,0.3367848962483025,0.259,0.3837765592676319,0.1565,0.4421469416350012
rubocop,cross,bge-small,recent,desc_qtitle_module_all_recent,desc,title,module,all,0.6361094246031747,0.7964305555555555,0.66,0.22325,0.5866666666666667,0.6090833333333333,0.424,0.7304166666666667,0.2629999999999999,0.90075
rubocop,cross,bge-small,recent,desc_qdesc_module_all_recent,desc,desc,module,all,0.5899857142857143,0.7610892857142858,0.655,0.2188333333333333,0.5383333333333333,0.546,0.398,0.6765000000000001,0.2379999999999999,0.8161666666666666
rubocop,cross,bge-small,recent,desc_qcomments_module_all_recent,desc,comments,module,all,0.5857982142857143,0.7620059523809525,0.66,0.2171666666666666,0.5366666666666667,0.5378333333333333,0.397,0.6748333333333334,0.238,0.81575
rubocop,cross,bge-small,recent,diff_qtitle_file_all_recent,diff,title,file,all,0.380854784254722,0.622186507936508,0.52,0.1613662354183546,0.3833333333333333,0.3507090889138745,0.288,0.4276645100507252,0.1825,0.5330086461547793
rubocop,cross,bge-small,recent,diff_qdesc_file_all_recent,diff,desc,file,all,0.4488621419532144,0.7078710317460317,0.645,0.2025165622157402,0.4633333333333334,0.419848183057279,0.324,0.4742706632310563,0.193,0.5578282816128528
rubocop,cross,bge-small,recent,diff_qcomments_file_all_recent,diff,comments,file,all,0.4495331290152851,0.7094880952380953,0.65,0.2025641812633593,0.4616666666666666,0.4147350878191838,0.327,0.475568487533191,0.196,0.5630187578033291
rubocop,cross,bge-small,recent,diff_qtitle_module_all_recent,diff,title,module,all,0.5413244708994709,0.5876230158730158,0.34,0.1138333333333333,0.3866666666666666,0.3972499999999999,0.425,0.7266666666666666,0.29,0.9854166666666668
rubocop,cross,bge-small,recent,diff_qdesc_module_all_recent,diff,desc,module,all,0.6394017857142856,0.7541626984126983,0.615,0.2050833333333333,0.4933333333333333,0.50475,0.44,0.7533333333333333,0.2875,0.9785833333333334
rubocop,cross,bge-small,recent,diff_qcomments_module_all_recent,diff,comments,module,all,0.6357556216931218,0.7496071428571429,0.61,0.2038333333333333,0.495,0.5068333333333334,0.4379999999999999,0.7433333333333333,0.2875,0.9783333333333332
rubocop,cross,bge-small,modn,title_qtitle_file_w100_modn,title,title,file,w100,0.0511657367922293,0.1210198412698412,0.085,0.02297921108742,0.0683333333333333,0.0551498460080549,0.047,0.0652123904288083,0.0289999999999999,0.0792957237621416
rubocop,cross,bge-small,modn,title_qdesc_file_w100_modn,title,desc,file,w100,0.0398734164802661,0.1030396825396825,0.07,0.0165903221985311,0.0533333333333333,0.0431855602937692,0.039,0.0543671523335702,0.028,0.0718206155370334
rubocop,cross,bge-small,modn,title_qcomments_file_w100_modn,title,comments,file,w100,0.0402634144072976,0.1007896825396825,0.065,0.017297619047619,0.0516666666666666,0.0429206349206349,0.038,0.0560039682539682,0.0279999999999999,0.0723890234972324
rubocop,cross,bge-small,modn,title_qtitle_module_w100_modn,title,title,module,w100,0.7925444444444445,0.8826785714285714,0.82,0.2880833333333333,0.63,0.6645,0.524,0.9095833333333334,0.2749999999999999,0.9556666666666668
rubocop,cross,bge-small,modn,title_qdesc_module_w100_modn,title,desc,module,w100,0.7891678571428571,0.8879365079365078,0.83,0.3005833333333333,0.62,0.6585,0.517,0.8991666666666666,0.2749999999999999,0.9556666666666668
rubocop,cross,bge-small,modn,title_qcomments_module_w100_modn,title,comments,module,w100,0.7871222222222223,0.8830555555555557,0.82,0.2935,0.6283333333333334,0.6669999999999999,0.519,0.9020833333333336,0.275,0.9556666666666668
rubocop,cross,bge-small,modn,desc_qtitle_file_w100_modn,desc,title,file,w100,0.0542223132296075,0.1477440476190476,0.11,0.0279077825159914,0.0699999999999999,0.0553363539445629,0.053,0.0739196872778962,0.0345,0.0874062842542811
rubocop,cross,bge-small,modn,desc_qdesc_file_w100_modn,desc,desc,file,w100,0.042672527622914,0.1124761904761904,0.065,0.0146458777540867,0.0566666666666666,0.0412331793413882,0.047,0.0624831793413882,0.0335,0.0857264596928776
rubocop,cross,bge-small,modn,desc_qcomments_file_w100_modn,desc,comments,file,w100,0.0460136657531247,0.1279365079365079,0.07,0.0156230158730158,0.0683333333333333,0.0520307983890073,0.054,0.068676676143094,0.035,0.0882264596928776
rubocop,cross,bge-small,modn,desc_qtitle_module_w100_modn,desc,title,module,w100,0.7788593253968252,0.8846309523809524,0.825,0.2930833333333333,0.6350000000000001,0.67325,0.509,0.8841666666666668,0.2749999999999999,0.9556666666666668
rubocop,cross,bge-small,modn,desc_qdesc_module_w100_modn,desc,desc,module,w100,0.7854059523809523,0.8978055555555555,0.85,0.3126666666666666,0.6300000000000001,0.6701666666666667,0.5219999999999999,0.9066666666666668,0.2749999999999999,0.9556666666666668
rubocop,cross,bge-small,modn,desc_qcomments_module_w100_modn,desc,comments,module,w100,0.7812944444444443,0.8953055555555555,0.845,0.311,0.6283333333333334,0.6685,0.525,0.9108333333333334,0.275,0.9556666666666668
rubocop,cross,bge-small,modn,diff_qtitle_file_w100_modn,diff,title,file,w100,0.0608514437524158,0.1386170634920634,0.115,0.0342411158493248,0.0666666666666666,0.0573641317223406,0.049,0.0711141317223406,0.0305,0.0892225277123156
rubocop,cross,bge-small,modn,diff_qdesc_file_w100_modn,diff,desc,file,w100,0.0599992092475027,0.1619682539682539,0.12,0.0322054015636105,0.0699999999999999,0.0584117507699597,0.054,0.0733403221985311,0.0395,0.1065320515218394
rubocop,cross,bge-small,modn,diff_qcomments_file_w100_modn,diff,comments,file,w100,0.0590643711787761,0.1549484126984127,0.105,0.0302261904761904,0.07,0.0582857142857142,0.0579999999999999,0.0783958777540867,0.0415,0.1046074483472362
rubocop,cross,bge-small,modn,diff_qtitle_module_w100_modn,diff,title,module,w100,0.7889117063492063,0.8645416666666667,0.785,0.29,0.6533333333333334,0.7033333333333335,0.528,0.91475,0.2749999999999999,0.9556666666666668
rubocop,cross,bge-small,modn,diff_qdesc_module_w100_modn,diff,desc,module,w100,0.7479894841269842,0.8319583333333332,0.73,0.2665833333333333,0.6166666666666667,0.6534166666666666,0.4939999999999999,0.8569166666666667,0.2749999999999999,0.9556666666666668
rubocop,cross,bge-small,modn,diff_qcomments_module_w100_modn,diff,comments,module,w100,0.7426353174603173,0.8275416666666666,0.725,0.2621666666666666,0.6166666666666667,0.6521666666666667,0.494,0.8594166666666666,0.275,0.9556666666666668
rubocop,cross,bge-small,modn,title_qtitle_file_w1000_modn,title,title,file,w1000,0.1783442126488768,0.2892261904761904,0.235,0.0884285714285714,0.1833333333333333,0.182447465055674,0.126,0.2008305819387909,0.0725,0.2272740787404966
rubocop,cross,bge-small,modn,title_qdesc_file_w1000_modn,title,desc,file,w1000,0.1234418669126025,0.1892738095238095,0.15,0.0584999999999999,0.11,0.1220982587064676,0.0819999999999999,0.1430546079128168,0.0559999999999999,0.1835933428097607
rubocop,cross,bge-small,modn,title_qcomments_file_w1000_modn,title,comments,file,w1000,0.1212222261707336,0.187890873015873,0.145,0.0561666666666666,0.1116666666666666,0.1224315920398009,0.085,0.1457004856669035,0.055,0.185676676143094
rubocop,cross,bge-small,modn,title_qtitle_module_w1000_modn,title,title,module,w1000,0.7560482142857142,0.860936507936508,0.785,0.2701666666666666,0.6166666666666667,0.6444999999999999,0.484,0.8439166666666665,0.2749999999999999,0.9556666666666668
rubocop,cross,bge-small,modn,title_qdesc_module_w1000_modn,title,desc,module,w1000,0.7700952380952382,0.8786388888888887,0.815,0.2991666666666666,0.605,0.6360833333333333,0.487,0.8466666666666666,0.275,0.9556666666666668
rubocop,cross,bge-small,modn,title_qcomments_module_w1000_modn,title,comments,module,w1000,0.7752932539682539,0.8857222222222222,0.83,0.305,0.6099999999999999,0.6420833333333335,0.489,0.8454166666666667,0.275,0.9556666666666668
rubocop,cross,bge-small,modn,desc_qtitle_file_w1000_modn,desc,title,file,w1000,0.1745957232685777,0.3086924603174603,0.265,0.0908928571428571,0.1716666666666666,0.1629523809523809,0.128,0.1993720682302772,0.078,0.2313988983653162
rubocop,cross,bge-small,modn,desc_qdesc_file_w1000_modn,desc,desc,file,w1000,0.1324299305626065,0.2236984126984127,0.175,0.0632142857142857,0.1283333333333333,0.1359642857142857,0.0969999999999999,0.154947465055674,0.0614999999999999,0.1845219142383321
rubocop,cross,bge-small,modn,desc_qcomments_file_w1000_modn,desc,comments,file,w1000,0.1343767659717286,0.2242321428571428,0.17,0.064797619047619,0.1366666666666666,0.1388522269604359,0.1009999999999999,0.1603284174366263,0.0625,0.1882361999526178
rubocop,cross,bge-small,modn,desc_qtitle_module_w1000_modn,desc,title,module,w1000,0.7362625,0.8308888888888889,0.725,0.246,0.6183333333333334,0.6474166666666668,0.485,0.8499166666666668,0.2749999999999999,0.9556666666666668
rubocop,cross,bge-small,modn,desc_qdesc_module_w1000_modn,desc,desc,module,w1000,0.7696095238095237,0.8894166666666666,0.825,0.2889166666666667,0.6283333333333334,0.6743333333333333,0.482,0.8440833333333333,0.275,0.9556666666666668
rubocop,cross,bge-small,modn,desc_qcomments_module_w1000_modn,desc,comments,module,w1000,0.7743293650793652,0.8944166666666666,0.835,0.2935,0.6283333333333334,0.6730833333333334,0.484,0.8469999999999999,0.2749999999999999,0.9556666666666668
rubocop,cross,bge-small,modn,diff_qtitle_file_w1000_modn,diff,title,file,w1000,0.176712823348471,0.297954365079365,0.235,0.078345238095238,0.18,0.180265873015873,0.126,0.2059117507699597,0.0785,0.2503851898516077
rubocop,cross,bge-small,modn,diff_qdesc_file_w1000_modn,diff,desc,file,w1000,0.1685948957734005,0.2785218253968253,0.23,0.0830119047619047,0.1566666666666666,0.1563373015873016,0.119,0.1877807983890073,0.0775,0.2377481047145226
rubocop,cross,bge-small,modn,diff_qcomments_file_w1000_modn,diff,comments,file,w1000,0.1725279246483004,0.2799603174603174,0.23,0.0834563492063492,0.16,0.1573998460080549,0.126,0.1948403221985311,0.08,0.2422273158019426
rubocop,cross,bge-small,modn,diff_qtitle_module_w1000_modn,diff,title,module,w1000,0.7190783730158731,0.7832976190476191,0.64,0.2241666666666666,0.6233333333333334,0.6479166666666667,0.512,0.8859166666666667,0.275,0.9556666666666668
rubocop,cross,bge-small,modn,diff_qdesc_module_w1000_modn,diff,desc,module,w1000,0.7303081349206348,0.8073055555555555,0.71,0.2515833333333333,0.5816666666666667,0.6051666666666666,0.507,0.8764166666666666,0.275,0.9556666666666668
rubocop,cross,bge-small,modn,diff_qcomments_module_w1000_modn,diff,comments,module,w1000,0.7358146825396825,0.8127222222222221,0.72,0.257,0.5783333333333334,0.6005833333333334,0.513,0.8859999999999999,0.275,0.9556666666666668
rubocop,cross,bge-small,modn,title_qtitle_file_all_modn,title,title,file,all,0.3924563864810526,0.6623392857142857,0.62,0.2162593242491121,0.41,0.3882489418367265,0.265,0.415892881230666,0.149,0.4434203776061592
rubocop,cross,bge-small,modn,title_qdesc_file_all_modn,title,desc,file,all,0.3160993601218645,0.5283710317460317,0.475,0.168242198100407,0.3183333333333333,0.3089664932911201,0.216,0.3386594757472605,0.1304999999999999,0.3919716041573858
rubocop,cross,bge-small,modn,title_qcomments_file_all_modn,title,comments,file,all,0.319741240879222,0.5494285714285714,0.505,0.1726717171717171,0.3233333333333333,0.308434875066454,0.2179999999999999,0.3409629583343251,0.131,0.3954094567603994
rubocop,cross,bge-small,modn,title_qtitle_module_all_modn,title,title,module,all,0.7159913359788359,0.8058253968253968,0.7,0.2505,0.61,0.6523333333333333,0.4559999999999999,0.79325,0.2684999999999999,0.9489166666666666
rubocop,cross,bge-small,modn,title_qdesc_module_all_modn,title,desc,module,all,0.6501125000000001,0.7344166666666666,0.59,0.2027499999999999,0.585,0.6302500000000001,0.4379999999999999,0.763,0.2545,0.90375
rubocop,cross,bge-small,modn,title_qcomments_module_all_modn,title,comments,module,all,0.6543358134920635,0.73875,0.595,0.2031666666666666,0.59,0.6325,0.4429999999999999,0.7774166666666666,0.255,0.9054166666666664
rubocop,cross,bge-small,modn,desc_qtitle_file_all_modn,desc,title,file,all,0.3843653299963688,0.6332420634920635,0.575,0.2093502886002886,0.39,0.3804916474814354,0.2579999999999999,0.4078530640826399,0.1495,0.4524610077885805
rubocop,cross,bge-small,modn,desc_qdesc_file_all_modn,desc,desc,file,all,0.3223576023891112,0.5332420634920635,0.465,0.1633894205209994,0.3333333333333332,0.3230307794021463,0.23,0.3557491679787438,0.1394999999999999,0.4058702695794212
rubocop,cross,bge-small,modn,desc_qcomments_file_all_modn,desc,comments,file,all,0.3164717467882517,0.527970238095238,0.46,0.1618894205209994,0.3283333333333333,0.3201974460688129,0.2239999999999999,0.3523682155977913,0.1355,0.3994386775396202
rubocop,cross,bge-small,modn,desc_qtitle_module_all_modn,desc,title,module,all,0.7112634589947091,0.8100257936507935,0.7,0.2595833333333333,0.6033333333333334,0.64875,0.461,0.8190833333333333,0.2689999999999999,0.95325
rubocop,cross,bge-small,modn,desc_qdesc_module_all_modn,desc,desc,module,all,0.6406933201058201,0.7292876984126984,0.59,0.2000833333333333,0.5483333333333333,0.5882499999999999,0.424,0.7580000000000001,0.2545,0.90375
rubocop,cross,bge-small,modn,desc_qcomments_module_all_modn,desc,comments,module,all,0.6369388558201058,0.7177876984126985,0.575,0.1971666666666666,0.555,0.5899166666666668,0.427,0.7613333333333333,0.2554999999999999,0.9070833333333332
rubocop,cross,bge-small,modn,diff_qtitle_file_all_modn,diff,title,file,all,0.3508769741706897,0.5687539682539682,0.485,0.1703158274474064,0.3383333333333334,0.3366792739424318,0.244,0.3945030378977747,0.147,0.4682951904297151
rubocop,cross,bge-small,modn,diff_qdesc_file_all_modn,diff,desc,file,all,0.3800110576432601,0.5949087301587301,0.515,0.1860737639553429,0.375,0.3729020277967646,0.266,0.4233486367433736,0.157,0.4795002675163712
rubocop,cross,bge-small,modn,diff_qcomments_file_all_modn,diff,comments,file,all,0.3791455812095442,0.6055753968253968,0.52,0.1833237639553429,0.385,0.3711312388841847,0.269,0.4191108469953717,0.162,0.4847086896912113
rubocop,cross,bge-small,modn,diff_qtitle_module_all_modn,diff,title,module,all,0.5667496362433863,0.5912063492063493,0.36,0.13275,0.3966666666666666,0.4308333333333333,0.431,0.7574166666666667,0.2794999999999999,0.9870833333333332
rubocop,cross,bge-small,modn,diff_qdesc_module_all_modn,diff,desc,module,all,0.6365260582010582,0.6951369047619047,0.525,0.18,0.5066666666666667,0.524,0.439,0.7675833333333334,0.2779999999999999,0.9766666666666666
rubocop,cross,bge-small,modn,diff_qcomments_module_all_modn,diff,comments,module,all,0.6400289351851852,0.6986011904761904,0.535,0.1779166666666666,0.5166666666666666,0.534,0.439,0.7625,0.2774999999999999,0.9754166666666668
sonar,cross,bge-small,recent,title_qtitle_file_w100_recent,title,title,file,w100,0.026001864725625,0.1766666666666666,0.175,0.0258907536145139,0.06,0.0262240869478473,0.036,0.0262240869478473,0.018,0.0262240869478473
sonar,cross,bge-small,recent,title_qdesc_file_w100_recent,title,desc,file,w100,0.026001864725625,0.1766666666666666,0.175,0.0258907536145139,0.06,0.0262240869478473,0.036,0.0262240869478473,0.018,0.0262240869478473
sonar,cross,bge-small,recent,title_qcomments_file_w100_recent,title,comments,file,w100,0.026001864725625,0.1766666666666666,0.175,0.0258907536145139,0.06,0.0262240869478473,0.036,0.0262240869478473,0.018,0.0262240869478473
sonar,cross,bge-small,recent,title_qtitle_module_w100_recent,title,title,module,w100,0.8038731481481481,0.8458194444444445,0.8,0.6535,0.3733333333333333,0.8386666666666666,0.232,0.8625833333333333,0.1235,0.8945833333333334
sonar,cross,bge-small,recent,title_qdesc_module_w100_recent,title,desc,module,w100,0.8114564814814815,0.8531527777777776,0.81,0.66475,0.375,0.8436666666666666,0.231,0.8613333333333333,0.1235,0.8945833333333333
sonar,cross,bge-small,recent,title_qcomments_module_w100_recent,title,comments,module,w100,0.8139564814814816,0.8556527777777777,0.815,0.66975,0.375,0.8436666666666668,0.231,0.8613333333333333,0.1235,0.8945833333333333
sonar,cross,bge-small,recent,desc_qtitle_file_w100_recent,desc,title,file,w100,0.0259740869478473,0.17625,0.175,0.0258907536145139,0.0583333333333333,0.0258907536145139,0.036,0.0262240869478473,0.018,0.0262240869478473
sonar,cross,bge-small,recent,desc_qdesc_file_w100_recent,desc,desc,file,w100,0.0259574202811806,0.176,0.175,0.0258907536145139,0.0583333333333333,0.0258907536145139,0.036,0.0262240869478473,0.018,0.0262240869478473
sonar,cross,bge-small,recent,desc_qcomments_file_w100_recent,desc,comments,file,w100,0.0259574202811806,0.176,0.175,0.0258907536145139,0.0583333333333333,0.0258907536145139,0.036,0.0262240869478473,0.018,0.0262240869478473
sonar,cross,bge-small,recent,desc_qtitle_module_w100_recent,desc,title,module,w100,0.5459701388888889,0.5715555555555555,0.25,0.1330833333333333,0.375,0.8436666666666668,0.233,0.8640000000000001,0.1235,0.8945833333333333
sonar,cross,bge-small,recent,desc_qdesc_module_w100_recent,desc,desc,module,w100,0.5488868055555556,0.5759722222222221,0.255,0.1355833333333333,0.375,0.8436666666666666,0.234,0.8665,0.1235,0.8945833333333333
sonar,cross,bge-small,recent,desc_qcomments_module_w100_recent,desc,comments,module,w100,0.5522201388888889,0.5793055555555555,0.26,0.1405833333333333,0.375,0.8436666666666668,0.234,0.8665,0.1235,0.8945833333333334
sonar,cross,bge-small,recent,diff_qtitle_file_w100_recent,diff,title,file,w100,0.0130120434739236,0.0885,0.0,0.0,0.0583333333333333,0.0258907536145139,0.036,0.0262240869478473,0.018,0.0262240869478473
sonar,cross,bge-small,recent,diff_qdesc_file_w100_recent,diff,desc,file,w100,0.0130564879183681,0.0891666666666666,0.0,0.0,0.06,0.0262240869478473,0.036,0.0262240869478473,0.018,0.0262240869478473
sonar,cross,bge-small,recent,diff_qcomments_file_w100_recent,diff,comments,file,w100,0.0130564879183681,0.0891666666666666,0.0,0.0,0.06,0.0262240869478473,0.036,0.0262240869478473,0.018,0.0262240869478473
sonar,cross,bge-small,recent,diff_qtitle_module_w100_recent,diff,title,module,w100,0.8168472222222222,0.8560694444444445,0.815,0.66975,0.375,0.8436666666666666,0.23,0.8563333333333333,0.1235,0.8945833333333333
sonar,cross,bge-small,recent,diff_qdesc_module_w100_recent,diff,desc,module,w100,0.8176805555555555,0.8571527777777779,0.815,0.66975,0.3733333333333333,0.8424166666666667,0.231,0.8588333333333332,0.1235,0.8945833333333333
sonar,cross,bge-small,recent,diff_qcomments_module_w100_recent,diff,comments,module,w100,0.8163784722222222,0.8546527777777777,0.81,0.6672499999999999,0.3733333333333333,0.8424166666666667,0.231,0.8588333333333332,0.1235,0.8945833333333334
sonar,cross,bge-small,recent,title_qtitle_file_w1000_recent,title,title,file,w1000,0.0087542346433432,0.0308333333333333,0.005,0.005,0.0016666666666666,0.005,0.001,0.005,0.0185,0.0312240869478473
sonar,cross,bge-small,recent,title_qdesc_file_w1000_recent,title,desc,file,w1000,0.0062462981354067,0.0282142857142857,0.0,0.0,0.0016666666666666,0.005,0.001,0.005,0.0185,0.0312240869478473
sonar,cross,bge-small,recent,title_qcomments_file_w1000_recent,title,comments,file,w1000,0.0062653457544543,0.0284999999999999,0.0,0.0,0.0016666666666666,0.005,0.002,0.0053333333333333,0.0185,0.0312240869478473
sonar,cross,bge-small,recent,title_qtitle_module_w1000_recent,title,title,module,w1000,0.3068916666666667,0.319047619047619,0.04,0.02375,0.1133333333333333,0.1930833333333333,0.225,0.8367500000000001,0.121,0.8915000000000001
sonar,cross,bge-small,recent,title_qdesc_module_w1000_recent,title,desc,module,w1000,0.3221625,0.3375,0.065,0.05375,0.1133333333333333,0.2005833333333333,0.226,0.8417500000000001,0.121,0.889
sonar,cross,bge-small,recent,title_qcomments_module_w1000_recent,title,comments,module,w1000,0.3215375,0.335,0.06,0.0525,0.1133333333333333,0.2005833333333333,0.226,0.8417500000000001,0.121,0.889
sonar,cross,bge-small,recent,desc_qtitle_file_w1000_recent,desc,title,file,w1000,0.0010416666666666,0.001625,0.0,0.0,0.0,0.0,0.001,0.005,0.001,0.0053333333333333
sonar,cross,bge-small,recent,desc_qdesc_file_w1000_recent,desc,desc,file,w1000,0.0008333333333333,0.0008333333333333,0.0,0.0,0.0,0.0,0.0,0.0,0.0005,0.005
sonar,cross,bge-small,recent,desc_qcomments_file_w1000_recent,desc,comments,file,w1000,0.0008333333333333,0.0008333333333333,0.0,0.0,0.0,0.0,0.0,0.0,0.0005,0.005
sonar,cross,bge-small,recent,desc_qtitle_module_w1000_recent,desc,title,module,w1000,0.2857091269841269,0.2800753968253968,0.03,0.01625,0.1116666666666666,0.1868333333333333,0.224,0.8317500000000001,0.1215,0.894
sonar,cross,bge-small,recent,desc_qdesc_module_w1000_recent,desc,desc,module,w1000,0.3079541666666666,0.3058888888888889,0.065,0.05125,0.1183333333333333,0.2105833333333333,0.228,0.84925,0.1205,0.8865000000000001
sonar,cross,bge-small,recent,desc_qcomments_module_w1000_recent,desc,comments,module,w1000,0.3113291666666666,0.3067222222222222,0.065,0.0575,0.1183333333333333,0.2105833333333333,0.228,0.8492500000000001,0.1205,0.8865000000000001
sonar,cross,bge-small,recent,diff_qtitle_file_w1000_recent,diff,title,file,w1000,0.0037542346433432,0.0258333333333333,0.0,0.0,0.0,0.0,0.0,0.0,0.018,0.0262240869478473
sonar,cross,bge-small,recent,diff_qdesc_file_w1000_recent,diff,desc,file,w1000,0.0037653457544543,0.0259999999999999,0.0,0.0,0.0,0.0,0.001,0.0003333333333333,0.018,0.0262240869478473
sonar,cross,bge-small,recent,diff_qcomments_file_w1000_recent,diff,comments,file,w1000,0.0037653457544543,0.0259999999999999,0.0,0.0,0.0,0.0,0.001,0.0003333333333333,0.018,0.0262240869478473
sonar,cross,bge-small,recent,diff_qtitle_module_w1000_recent,diff,title,module,w1000,0.289823082010582,0.2869146825396825,0.045,0.02625,0.1133333333333333,0.1918333333333333,0.221,0.8215833333333333,0.122,0.8952500000000001
sonar,cross,bge-small,recent,diff_qdesc_module_w1000_recent,diff,desc,module,w1000,0.2981306216931216,0.2976388888888889,0.05,0.03125,0.115,0.2055833333333333,0.224,0.8365833333333333,0.1215,0.894
sonar,cross,bge-small,recent,diff_qcomments_module_w1000_recent,diff,comments,module,w1000,0.2980636574074073,0.2976388888888889,0.05,0.03125,0.115,0.2055833333333333,0.2239999999999999,0.8365833333333333,0.1215,0.894
sonar,cross,bge-small,recent,title_qtitle_file_all_recent,title,title,file,all,0.0205433480276746,0.0427281746031746,0.035,0.0068938397129186,0.0333333333333333,0.0223481858054226,0.026,0.0238025318979266,0.0185,0.0356369910404353
sonar,cross,bge-small,recent,title_qdesc_file_all_recent,title,desc,file,all,0.0283927331349206,0.0426309523809523,0.035,0.0139089912280701,0.025,0.0305811403508771,0.018,0.0362061403508771,0.0145,0.044078947368421
sonar,cross,bge-small,recent,title_qcomments_file_all_recent,title,comments,file,all,0.0311701299538954,0.0545059523809523,0.045,0.0142075652031147,0.035,0.0338791455577446,0.0279999999999999,0.0400519514025706,0.0215,0.0459007939300121
sonar,cross,bge-small,recent,title_qtitle_module_all_recent,title,title,module,all,0.1495585978835979,0.1643928571428571,0.015,0.0066666666666666,0.0283333333333333,0.04875,0.063,0.1647499999999999,0.1205,0.8850833333333332
sonar,cross,bge-small,recent,title_qdesc_module_all_recent,title,desc,module,all,0.1577897486772487,0.1750833333333333,0.025,0.0141666666666666,0.0283333333333333,0.05125,0.067,0.1809999999999999,0.1225,0.9025833333333332
sonar,cross,bge-small,recent,title_qcomments_module_all_recent,title,comments,module,all,0.161123082010582,0.1785972222222222,0.03,0.0191666666666666,0.0316666666666666,0.05875,0.065,0.1735,0.122,0.8975833333333334
sonar,cross,bge-small,recent,desc_qtitle_file_all_recent,desc,title,file,all,0.0161879424334194,0.0344722222222222,0.03,0.0065605063795853,0.02,0.0108218700159489,0.016,0.0164374003189792,0.016,0.0375261164274322
sonar,cross,bge-small,recent,desc_qdesc_file_all_recent,desc,desc,file,all,0.0357575893252702,0.0569722222222222,0.045,0.0156837121212121,0.0316666666666666,0.0341097488038277,0.026,0.037177731259968,0.0204999999999999,0.0653213716108453
sonar,cross,bge-small,recent,desc_qcomments_file_all_recent,desc,comments,file,all,0.0364509703635574,0.0582281746031746,0.045,0.0178503787878787,0.0333333333333333,0.0315794457735247,0.026,0.0374890937236138,0.024,0.0657419141101416
sonar,cross,bge-small,recent,desc_qtitle_module_all_recent,desc,title,module,all,0.0538321097883597,0.0833015873015873,0.02,0.0091666666666666,0.0266666666666666,0.04625,0.019,0.055,0.0455,0.2574166666666667
sonar,cross,bge-small,recent,desc_qdesc_module_all_recent,desc,desc,module,all,0.0660905423280423,0.0958849206349206,0.025,0.0141666666666666,0.0316666666666666,0.06125,0.021,0.06875,0.0495,0.2899166666666666
sonar,cross,bge-small,recent,desc_qcomments_module_all_recent,desc,comments,module,all,0.0679278439153439,0.1009404761904761,0.03,0.0154166666666666,0.0333333333333333,0.06375,0.022,0.07,0.05,0.2924166666666666
sonar,cross,bge-small,recent,diff_qtitle_file_all_recent,diff,title,file,all,0.0301219810890863,0.0513392857142857,0.045,0.0201646730462519,0.0266666666666666,0.0251606858054226,0.022,0.0319768740031897,0.016,0.0457607655502392
sonar,cross,bge-small,recent,diff_qdesc_file_all_recent,diff,desc,file,all,0.040024053979646,0.0663333333333333,0.06,0.0292271730462519,0.0333333333333333,0.0379731858054226,0.025,0.0401018740031898,0.0185,0.0498232655502392
sonar,cross,bge-small,recent,diff_qcomments_file_all_recent,diff,comments,file,all,0.0393395446080479,0.0622916666666666,0.05,0.0240756578947368,0.0349999999999999,0.0429826555023923,0.026,0.0451113437001594,0.0175,0.0518064194577352
sonar,cross,bge-small,recent,diff_qtitle_module_all_recent,diff,title,module,all,0.1986097222222222,0.1994404761904762,0.005,0.0025,0.0316666666666666,0.0775,0.073,0.2239166666666666,0.12,0.8986666666666667
sonar,cross,bge-small,recent,diff_qdesc_module_all_recent,diff,desc,module,all,0.2252059523809523,0.2266448412698412,0.03,0.0225,0.045,0.115,0.08,0.2514166666666667,0.124,0.9224166666666666
sonar,cross,bge-small,recent,diff_qcomments_module_all_recent,diff,comments,module,all,0.2190392857142857,0.2181448412698412,0.015,0.01,0.0466666666666666,0.1175,0.081,0.2539166666666667,0.1245,0.9249166666666668
sonar,cross,bge-small,modn,title_qtitle_file_w100_modn,title,title,file,w100,0.0080829364280865,0.0357777777777777,0.005,0.0025,0.0233333333333333,0.0154704949704568,0.016,0.0158316920808799,0.01,0.0202156526543566
sonar,cross,bge-small,modn,title_qdesc_file_w100_modn,title,desc,file,w100,0.0125871077682611,0.0495059523809523,0.02,0.009345238095238,0.025,0.0152587754142133,0.019,0.0175972814422354,0.0105,0.0194306147755688
sonar,cross,bge-small,modn,title_qcomments_file_w100_modn,title,comments,file,w100,0.0094551372755969,0.0470892857142857,0.015,0.004345238095238,0.0233333333333333,0.0143652816530725,0.02,0.0178604393369723,0.0115,0.0221937726703056
sonar,cross,bge-small,modn,title_qtitle_module_w100_modn,title,title,module,w100,0.5419337301587301,0.6192738095238095,0.47,0.3711666666666666,0.2866666666666666,0.6371666666666667,0.192,0.6919166666666667,0.1095,0.7704166666666665
sonar,cross,bge-small,modn,title_qdesc_module_w100_modn,title,desc,module,w100,0.5628313492063493,0.6440535714285714,0.505,0.39825,0.2866666666666667,0.6459166666666667,0.192,0.6931666666666666,0.1095,0.7704166666666665
sonar,cross,bge-small,modn,title_qcomments_module_w100_modn,title,comments,module,w100,0.5601299603174603,0.6419702380952381,0.505,0.39575,0.2916666666666666,0.6498333333333334,0.193,0.6944166666666667,0.1095,0.7704166666666665
sonar,cross,bge-small,modn,desc_qtitle_file_w100_modn,desc,title,file,w100,0.0056545886133684,0.0215892857142857,0.005,0.0025,0.0066666666666666,0.004657738095238,0.011,0.0131809388145338,0.0085,0.0157409175756594
sonar,cross,bge-small,modn,desc_qdesc_file_w100_modn,desc,desc,file,w100,0.0118098177961553,0.0421507936507936,0.02,0.009345238095238,0.0166666666666666,0.0116495464422507,0.015,0.0146755524702728,0.01,0.0196806147755688
sonar,cross,bge-small,modn,desc_qcomments_file_w100_modn,desc,comments,file,w100,0.0116925343509874,0.0443531746031746,0.02,0.009345238095238,0.0166666666666666,0.0108027816530725,0.016,0.0147222814422354,0.0105,0.0201351602301142
sonar,cross,bge-small,modn,desc_qtitle_module_w100_modn,desc,title,module,w100,0.5636111111111111,0.6444761904761904,0.515,0.4090833333333333,0.2933333333333333,0.6471666666666667,0.193,0.6944166666666668,0.1095,0.7704166666666665
sonar,cross,bge-small,modn,desc_qdesc_module_w100_modn,desc,desc,module,w100,0.5707003968253969,0.6516249999999999,0.52,0.41075,0.2916666666666667,0.6525833333333333,0.1939999999999999,0.6969166666666666,0.1095,0.7704166666666665
sonar,cross,bge-small,modn,desc_qcomments_module_w100_modn,desc,comments,module,w100,0.5717470238095238,0.6532202380952381,0.525,0.41575,0.2933333333333333,0.6502500000000001,0.1939999999999999,0.6969166666666666,0.1095,0.7704166666666665
sonar,cross,bge-small,modn,diff_qtitle_file_w100_modn,diff,title,file,w100,0.008033117433849,0.0332341269841269,0.015,0.0029417293233082,0.0133333333333333,0.0061350434436957,0.014,0.0153206495043017,0.011,0.0207671100777784
sonar,cross,bge-small,modn,diff_qdesc_file_w100_modn,diff,desc,file,w100,0.008689798479591,0.0425734126984126,0.02,0.004453933747412,0.015,0.0106248510310629,0.017,0.0132535314422354,0.0135,0.0199013240232177
sonar,cross,bge-small,modn,diff_qcomments_file_w100_modn,diff,comments,file,w100,0.0095213003137776,0.0449484126984127,0.02,0.004453933747412,0.0166666666666666,0.0108880089257997,0.016,0.0154992422265492,0.0139999999999999,0.0225082319179545
sonar,cross,bge-small,modn,diff_qtitle_module_w100_modn,diff,title,module,w100,0.5305684523809525,0.6101309523809524,0.44,0.3334999999999999,0.295,0.654,0.193,0.6969166666666666,0.1095,0.7704166666666665
sonar,cross,bge-small,modn,diff_qdesc_module_w100_modn,diff,desc,module,w100,0.5971994047619048,0.6740416666666667,0.56,0.4509999999999999,0.3,0.6596666666666667,0.196,0.7031666666666666,0.1095,0.7704166666666665
sonar,cross,bge-small,modn,diff_qcomments_module_w100_modn,diff,comments,module,w100,0.597860119047619,0.6754583333333334,0.565,0.45325,0.3033333333333333,0.6619166666666666,0.197,0.7081666666666666,0.1095,0.7704166666666665
sonar,cross,bge-small,modn,title_qtitle_file_w1000_modn,title,title,file,w1000,0.0224177054725441,0.0323333333333333,0.025,0.0143333333333333,0.0183333333333333,0.0205089605734767,0.016,0.0252589605734767,0.0095,0.0307243285388446
sonar,cross,bge-small,modn,title_qdesc_file_w1000_modn,title,desc,file,w1000,0.029913347495277,0.0468730158730158,0.04,0.0220964912280701,0.0233333333333333,0.0290964912280701,0.018,0.0317721184682135,0.0115,0.0360564413605308
sonar,cross,bge-small,modn,title_qcomments_file_w1000_modn,title,comments,file,w1000,0.029881209859521,0.0470753968253968,0.04,0.0220964912280701,0.0216666666666666,0.0265964912280701,0.019,0.0320352763629503,0.0125,0.0366320992552676
sonar,cross,bge-small,modn,title_qtitle_module_w1000_modn,title,title,module,w1000,0.3497281746031745,0.4046329365079364,0.16,0.10325,0.2266666666666666,0.4906666666666666,0.185,0.6604166666666665,0.1114999999999999,0.7766666666666666
sonar,cross,bge-small,modn,title_qdesc_module_w1000_modn,title,desc,module,w1000,0.3836646825396825,0.4384722222222222,0.225,0.1580833333333333,0.24,0.5329999999999999,0.184,0.66775,0.1095,0.7639166666666667
sonar,cross,bge-small,modn,title_qcomments_module_w1000_modn,title,comments,module,w1000,0.3914553571428571,0.4484265873015873,0.235,0.1590833333333333,0.2483333333333333,0.5454166666666667,0.185,0.66625,0.109,0.7601666666666667
sonar,cross,bge-small,modn,desc_qtitle_file_w1000_modn,desc,title,file,w1000,0.0206989792738039,0.0310138888888888,0.02,0.0093333333333333,0.0183333333333333,0.0209166666666666,0.017,0.0253676562256506,0.0105,0.0351176562256506
sonar,cross,bge-small,modn,desc_qdesc_file_w1000_modn,desc,desc,file,w1000,0.029809732403108,0.0446865079365079,0.035,0.0218333333333333,0.0216666666666666,0.0265964912280701,0.018,0.0334298245614035,0.0115,0.0364961777484463
sonar,cross,bge-small,modn,desc_qcomments_file_w1000_modn,desc,comments,file,w1000,0.0299972656301149,0.0471309523809523,0.04,0.0220964912280701,0.0216666666666666,0.0265964912280701,0.018,0.0334298245614035,0.012,0.0367593356431831
sonar,cross,bge-small,modn,desc_qtitle_module_w1000_modn,desc,title,module,w1000,0.306385582010582,0.3547996031746032,0.115,0.0714166666666666,0.1933333333333333,0.4173333333333333,0.178,0.63,0.111,0.7729166666666666
sonar,cross,bge-small,modn,desc_qdesc_module_w1000_modn,desc,desc,module,w1000,0.3505555555555555,0.3968670634920634,0.185,0.1355833333333333,0.215,0.4800833333333332,0.174,0.6323333333333333,0.109,0.7614166666666666
sonar,cross,bge-small,modn,desc_qcomments_module_w1000_modn,desc,comments,module,w1000,0.3651453373015872,0.4186170634920635,0.205,0.1399166666666666,0.23,0.5029166666666667,0.177,0.6395833333333334,0.1085,0.7576666666666667
sonar,cross,bge-small,modn,diff_qtitle_file_w1000_modn,diff,title,file,w1000,0.0213096488395907,0.0444642857142857,0.035,0.0141887851348802,0.0166666666666666,0.0186887851348802,0.017,0.0240891474537207,0.0135,0.035620023611613
sonar,cross,bge-small,modn,diff_qdesc_file_w1000_modn,diff,desc,file,w1000,0.0235242229165541,0.0480238095238095,0.025,0.0112631578947368,0.025,0.0261129249754821,0.024,0.0323401633299891,0.0175,0.0430160291308549
sonar,cross,bge-small,modn,diff_qcomments_file_w1000_modn,diff,comments,file,w1000,0.0287567385264663,0.0524365079365079,0.035,0.0212631578947368,0.0266666666666666,0.026652056896193,0.024,0.0326161373559631,0.0165,0.0364832910356168
sonar,cross,bge-small,modn,diff_qtitle_module_w1000_modn,diff,title,module,w1000,0.3094910714285714,0.3620436507936507,0.13,0.0847499999999999,0.205,0.44275,0.176,0.6302499999999999,0.1085,0.7601666666666667
sonar,cross,bge-small,modn,diff_qdesc_module_w1000_modn,diff,desc,module,w1000,0.397072585978836,0.4560515873015873,0.225,0.1526666666666666,0.2616666666666666,0.5775833333333333,0.186,0.6669166666666666,0.1105,0.7685
sonar,cross,bge-small,modn,diff_qcomments_module_w1000_modn,diff,comments,module,w1000,0.4032876653439153,0.4686686507936508,0.23,0.15075,0.275,0.5985833333333334,0.187,0.6675,0.1105,0.7678333333333334
sonar,cross,bge-small,modn,title_qtitle_file_all_modn,title,title,file,all,0.1666241170039083,0.364172619047619,0.315,0.0725783394278136,0.2433333333333333,0.1493140962526784,0.1929999999999999,0.1831512956935065,0.141,0.223423924748992
sonar,cross,bge-small,modn,title_qdesc_file_all_modn,title,desc,file,all,0.1641886276624135,0.3692003968253968,0.315,0.0828913443372281,0.2366666666666666,0.143283055502557,0.196,0.1728863295234133,0.1435,0.2212859974534086
sonar,cross,bge-small,modn,title_qcomments_file_all_modn,title,comments,file,all,0.1659156864350735,0.3557757936507936,0.295,0.0825803063255322,0.2316666666666666,0.1499042155224965,0.1829999999999999,0.1753560553294187,0.1415,0.2220208273359974
sonar,cross,bge-small,modn,title_qtitle_module_all_modn,title,title,module,all,0.1638788359788359,0.2047777777777777,0.07,0.035,0.0733333333333333,0.132,0.077,0.2321666666666667,0.0944999999999999,0.5985833333333334
sonar,cross,bge-small,modn,title_qdesc_module_all_modn,title,desc,module,all,0.253704332010582,0.2994801587301587,0.145,0.0820833333333333,0.1283333333333333,0.24175,0.12,0.3910833333333333,0.1125,0.7275833333333332
sonar,cross,bge-small,modn,title_qcomments_module_all_modn,title,comments,module,all,0.2561729497354497,0.3010555555555555,0.15,0.0854166666666666,0.1233333333333333,0.22325,0.121,0.3894166666666667,0.116,0.7423333333333333
sonar,cross,bge-small,modn,desc_qtitle_file_all_modn,desc,title,file,all,0.1424633792477579,0.3245099206349207,0.28,0.0669481674158481,0.2166666666666666,0.1271037562495176,0.168,0.1503424949699142,0.1285,0.2013252080942013
sonar,cross,bge-small,modn,desc_qdesc_file_all_modn,desc,desc,file,all,0.1749837847266473,0.3853670634920634,0.33,0.1017609137815639,0.2333333333333333,0.1513727646831847,0.187,0.1825947674264442,0.139,0.2327084676019069
sonar,cross,bge-small,modn,desc_qcomments_file_all_modn,desc,comments,file,all,0.173266975974747,0.3522619047619048,0.29,0.0915108240808163,0.225,0.1510276348381932,0.184,0.1841756323205831,0.1365,0.2350415176149656
sonar,cross,bge-small,modn,desc_qtitle_module_all_modn,desc,title,module,all,0.138353373015873,0.184031746031746,0.075,0.0345833333333333,0.0766666666666666,0.136,0.07,0.2025833333333333,0.081,0.4931666666666666
sonar,cross,bge-small,modn,desc_qdesc_module_all_modn,desc,desc,module,all,0.22787166005291,0.2765972222222222,0.14,0.0729166666666666,0.1233333333333333,0.22575,0.113,0.354,0.1025,0.6427499999999999
sonar,cross,bge-small,modn,desc_qcomments_module_all_modn,desc,comments,module,all,0.2312929894179894,0.2821031746031746,0.14,0.07625,0.1249999999999999,0.21825,0.1139999999999999,0.3485833333333333,0.103,0.6531666666666667
sonar,cross,bge-small,modn,diff_qtitle_file_all_modn,diff,title,file,all,0.1595836101044658,0.3391448412698413,0.295,0.0890681213341937,0.2066666666666666,0.1418990196514443,0.1669999999999999,0.1687138488153416,0.1189999999999999,0.212065819028082
sonar,cross,bge-small,modn,diff_qdesc_file_all_modn,diff,desc,file,all,0.1502671217106139,0.3236448412698412,0.275,0.088949896236992,0.2066666666666666,0.1304238890957469,0.166,0.1531520868849695,0.1225,0.1927499227024518
sonar,cross,bge-small,modn,diff_qcomments_file_all_modn,diff,comments,file,all,0.1480540953533046,0.3267837301587301,0.27,0.0905424192110939,0.2,0.1315018152361731,0.156,0.1629863262824829,0.115,0.2003512520488677
sonar,cross,bge-small,modn,diff_qtitle_module_all_modn,diff,title,module,all,0.2540534060846561,0.2851765873015873,0.1,0.0645833333333333,0.1133333333333333,0.21825,0.136,0.4810833333333333,0.1165,0.7792500000000001
sonar,cross,bge-small,modn,diff_qdesc_module_all_modn,diff,desc,module,all,0.3673236111111111,0.3971071428571429,0.165,0.1125,0.2,0.4236666666666666,0.186,0.6448333333333334,0.134,0.8799166666666668
sonar,cross,bge-small,modn,diff_qcomments_module_all_modn,diff,comments,module,all,0.3780296296296296,0.4166587301587302,0.18,0.1225,0.2133333333333333,0.4488333333333333,0.19,0.66175,0.133,0.8784166666666667
spark,cross,bge-small,recent,title_qtitle_file_w100_recent,title,title,file,w100,0.0074404761904761,0.0175,0.01,0.0053571428571428,0.0083333333333333,0.0093154761904761,0.005,0.0093154761904761,0.003,0.0105654761904761
spark,cross,bge-small,recent,title_qdesc_file_w100_recent,title,desc,file,w100,0.0078571428571428,0.015,0.015,0.0078571428571428,0.005,0.0078571428571428,0.003,0.0078571428571428,0.0015,0.0078571428571428
spark,cross,bge-small,recent,title_qcomments_file_w100_recent,title,comments,file,w100,0.0062158385093167,0.01425,0.01,0.0053571428571428,0.005,0.0055745341614906,0.004,0.0080745341614906,0.0025,0.0093245341614906
spark,cross,bge-small,recent,title_qtitle_module_w100_recent,title,title,module,w100,0.4209560515873015,0.471281746031746,0.305,0.2441666666666666,0.2083333333333333,0.4980833333333334,0.153,0.5944999999999999,0.1035,0.8029999999999998
spark,cross,bge-small,recent,title_qdesc_module_w100_recent,title,desc,module,w100,0.4844305555555555,0.5402956349206349,0.405,0.3293333333333333,0.2233333333333333,0.5439166666666666,0.158,0.627,0.1025,0.7979999999999999
spark,cross,bge-small,recent,title_qcomments_module_w100_recent,title,comments,module,w100,0.4778566468253968,0.5355992063492063,0.415,0.3380833333333333,0.2183333333333333,0.5155833333333333,0.154,0.607,0.1015,0.7879999999999999
spark,cross,bge-small,recent,desc_qtitle_file_w100_recent,desc,title,file,w100,0.0045040445665445,0.0165555555555555,0.01,0.0011904761904761,0.0066666666666666,0.0074404761904761,0.005,0.0086904761904761,0.0035,0.0097000915750915
spark,cross,bge-small,recent,desc_qdesc_file_w100_recent,desc,desc,file,w100,0.004555722055722,0.0154365079365079,0.0,0.0,0.005,0.0010616883116883,0.0069999999999999,0.0129366883116883,0.006,0.0208213036963036
spark,cross,bge-small,recent,desc_qcomments_file_w100_recent,desc,comments,file,w100,0.0034741668457701,0.0211309523809523,0.005,0.0003571428571428,0.0083333333333333,0.001929980516937,0.007,0.007179980516937,0.0065,0.014679980516937
spark,cross,bge-small,recent,desc_qtitle_module_w100_recent,desc,title,module,w100,0.450875992063492,0.496563492063492,0.33,0.2670833333333333,0.225,0.5324166666666666,0.158,0.6095,0.1075,0.8371666666666667
spark,cross,bge-small,recent,desc_qdesc_module_w100_recent,desc,desc,module,w100,0.5097904761904762,0.5603670634920634,0.43,0.3505833333333333,0.2366666666666666,0.56575,0.162,0.6317499999999999,0.1055,0.8234166666666667
spark,cross,bge-small,recent,desc_qcomments_module_w100_recent,desc,comments,module,w100,0.5094007936507936,0.5605535714285714,0.435,0.3530833333333333,0.2233333333333333,0.5340833333333334,0.1609999999999999,0.6190833333333333,0.107,0.833
spark,cross,bge-small,recent,diff_qtitle_file_w100_recent,diff,title,file,w100,0.0049057539682539,0.0161111111111111,0.005,0.0003571428571428,0.0083333333333333,0.0080654761904761,0.005,0.0080654761904761,0.0035,0.0143154761904761
spark,cross,bge-small,recent,diff_qdesc_file_w100_recent,diff,desc,file,w100,0.0049623917748917,0.0135119047619047,0.0,0.0,0.005,0.0058116883116883,0.006,0.0135616883116883,0.005,0.0198116883116883
spark,cross,bge-small,recent,diff_qcomments_file_w100_recent,diff,comments,file,w100,0.0040428672425955,0.0206388888888888,0.005,0.0003571428571428,0.0083333333333333,0.0060966471836037,0.008,0.0094716471836037,0.006,0.0157216471836037
spark,cross,bge-small,recent,diff_qtitle_module_w100_recent,diff,title,module,w100,0.4803025793650793,0.5268670634920635,0.36,0.2929166666666666,0.2283333333333333,0.5490833333333334,0.1679999999999999,0.6545000000000001,0.1094999999999999,0.8559166666666665
spark,cross,bge-small,recent,diff_qdesc_module_w100_recent,diff,desc,module,w100,0.5228501984126984,0.5736944444444445,0.43,0.3526666666666667,0.2416666666666666,0.58325,0.1639999999999999,0.647,0.11,0.8571666666666666
spark,cross,bge-small,recent,diff_qcomments_module_w100_recent,diff,comments,module,w100,0.5103594576719577,0.5595396825396826,0.42,0.3401666666666667,0.2316666666666666,0.5532499999999999,0.1609999999999999,0.6240833333333333,0.1095,0.8554999999999999
spark,cross,bge-small,recent,title_qtitle_file_w1000_recent,title,title,file,w1000,0.0047794296270858,0.0183531746031746,0.005,0.0003571428571428,0.01,0.0080270146520146,0.009,0.0083114697802197,0.007,0.0125153388278388
spark,cross,bge-small,recent,title_qdesc_file_w1000_recent,title,desc,file,w1000,0.0082396501068376,0.026922619047619,0.015,0.0021019345238095,0.0133333333333333,0.0105225503663003,0.011,0.0129424221611721,0.0075,0.0230986721611721
spark,cross,bge-small,recent,title_qcomments_file_w1000_recent,title,comments,file,w1000,0.0077495471014492,0.0255059523809523,0.015,0.0021019345238095,0.0133333333333333,0.0099755758281573,0.009,0.011642242494824,0.0075,0.0230120341614906
spark,cross,bge-small,recent,title_qtitle_module_w1000_recent,title,title,module,w1000,0.4542718253968253,0.5014603174603175,0.335,0.2645833333333333,0.2283333333333333,0.5451666666666667,0.163,0.6385000000000001,0.105,0.813
spark,cross,bge-small,recent,title_qdesc_module_w1000_recent,title,desc,module,w1000,0.4960039021164021,0.553156746031746,0.41,0.3276666666666666,0.225,0.5355833333333333,0.168,0.6630833333333334,0.1095,0.8536666666666666
spark,cross,bge-small,recent,title_qcomments_module_w1000_recent,title,comments,module,w1000,0.4686404761904761,0.5259464285714286,0.37,0.2939166666666666,0.2166666666666666,0.51725,0.171,0.6759999999999999,0.107,0.8286666666666668
spark,cross,bge-small,recent,desc_qtitle_file_w1000_recent,desc,title,file,w1000,0.0063575148809523,0.0234642857142857,0.015,0.0022738095238095,0.0083333333333333,0.0078988095238095,0.007,0.0129769345238095,0.0055,0.0218050595238095
spark,cross,bge-small,recent,desc_qdesc_file_w1000_recent,desc,desc,file,w1000,0.0116591237491373,0.037047619047619,0.025,0.0077269345238095,0.0116666666666666,0.0104769345238095,0.013,0.0184659032091097,0.009,0.0238395445134575
spark,cross,bge-small,recent,desc_qcomments_file_w1000_recent,desc,comments,file,w1000,0.012612949663561,0.0384583333333333,0.03,0.0100186011904761,0.0116666666666666,0.0102686011904761,0.013,0.0177606754658385,0.009,0.0231343167701863
spark,cross,bge-small,recent,desc_qtitle_module_w1000_recent,desc,title,module,w1000,0.4538519841269841,0.5041210317460317,0.34,0.2729166666666666,0.2116666666666666,0.5124166666666666,0.17,0.68175,0.1065,0.8296666666666667
spark,cross,bge-small,recent,desc_qdesc_module_w1000_recent,desc,desc,module,w1000,0.5037609126984127,0.5553492063492064,0.405,0.3314166666666666,0.2366666666666666,0.5690833333333333,0.174,0.6894999999999999,0.1105,0.8525833333333332
spark,cross,bge-small,recent,desc_qcomments_module_w1000_recent,desc,comments,module,w1000,0.4874094576719577,0.5375496031746032,0.365,0.2939166666666666,0.24,0.57475,0.18,0.7189166666666665,0.111,0.8600833333333333
spark,cross,bge-small,recent,diff_qtitle_file_w1000_recent,diff,title,file,w1000,0.0065049379960317,0.0255833333333333,0.015,0.0022738095238095,0.0083333333333333,0.0053988095238095,0.01,0.0121269345238095,0.0069999999999999,0.0186633928571428
spark,cross,bge-small,recent,diff_qdesc_file_w1000_recent,diff,desc,file,w1000,0.0136709325396825,0.0397559523809523,0.025,0.0077269345238095,0.02,0.0145915178571428,0.015,0.0206183035714285,0.01,0.0300630952380952
spark,cross,bge-small,recent,diff_qcomments_file_w1000_recent,diff,comments,file,w1000,0.0147515273464458,0.0433055555555555,0.03,0.0100186011904761,0.0183333333333333,0.0137581845238095,0.016,0.0243488095238095,0.0115,0.0299926501035196
spark,cross,bge-small,recent,diff_qtitle_module_w1000_recent,diff,title,module,w1000,0.4745241402116402,0.527468253968254,0.365,0.2929166666666666,0.2233333333333333,0.5457500000000001,0.177,0.7069999999999999,0.107,0.8359166666666666
spark,cross,bge-small,recent,diff_qdesc_module_w1000_recent,diff,desc,module,w1000,0.5414449735449736,0.597843253968254,0.465,0.3826666666666666,0.2466666666666666,0.5955833333333334,0.183,0.7274166666666667,0.11,0.8515833333333334
spark,cross,bge-small,recent,diff_qcomments_module_w1000_recent,diff,comments,module,w1000,0.502857671957672,0.5562837301587301,0.385,0.3101666666666666,0.25,0.5980833333333334,0.185,0.7261666666666667,0.1115,0.8640833333333333
spark,cross,bge-small,recent,title_qtitle_file_all_recent,title,title,file,all,0.1136191248333224,0.2179801587301587,0.16,0.0447252093033423,0.1183333333333333,0.1192603176945248,0.092,0.1490124418775314,0.0705,0.2355452831118511
spark,cross,bge-small,recent,title_qdesc_file_all_recent,title,desc,file,all,0.1622555779507189,0.2857242063492063,0.2,0.0701881382249109,0.1483333333333333,0.1571657050306187,0.126,0.2119165370976352,0.1,0.3333653349501095
spark,cross,bge-small,recent,title_qcomments_file_all_recent,title,comments,file,all,0.2472657900060234,0.3876626984126984,0.285,0.1062270576388303,0.2266666666666666,0.2401672671939455,0.184,0.3041134291300132,0.1445,0.4433490818546685
spark,cross,bge-small,recent,title_qtitle_module_all_recent,title,title,module,all,0.3129847883597884,0.3467956349206349,0.21,0.18125,0.15,0.3658333333333333,0.113,0.45625,0.0819999999999999,0.6341666666666668
spark,cross,bge-small,recent,title_qdesc_module_all_recent,title,desc,module,all,0.4139904100529101,0.4678174603174603,0.31,0.2543333333333333,0.1916666666666666,0.4589166666666666,0.152,0.5920000000000001,0.099,0.7719999999999999
spark,cross,bge-small,recent,title_qcomments_module_all_recent,title,comments,module,all,0.4675901124338624,0.5197321428571428,0.355,0.2889166666666666,0.2266666666666666,0.5343333333333333,0.172,0.6701666666666667,0.1064999999999999,0.8164166666666667
spark,cross,bge-small,recent,desc_qtitle_file_all_recent,desc,title,file,all,0.0983681471792776,0.1854087301587301,0.13,0.0438156377935789,0.0916666666666666,0.0937431588019823,0.0819999999999999,0.1577247151745313,0.059,0.2023126714983652
spark,cross,bge-small,recent,desc_qdesc_file_all_recent,desc,desc,file,all,0.2204723317254336,0.3612400793650793,0.27,0.0977975622975703,0.2016666666666666,0.2123974009286749,0.167,0.2878711798555948,0.1195,0.4029538702044616
spark,cross,bge-small,recent,desc_qcomments_file_all_recent,desc,comments,file,all,0.2996759680563504,0.4311785714285714,0.315,0.1326252398283728,0.2483333333333333,0.2835093301554938,0.218,0.3731528450857894,0.156,0.4933717342174023
spark,cross,bge-small,recent,desc_qtitle_module_all_recent,desc,title,module,all,0.2309376322751322,0.2564583333333333,0.115,0.10375,0.1049999999999999,0.2616666666666666,0.092,0.36625,0.0805,0.6314166666666666
spark,cross,bge-small,recent,desc_qdesc_module_all_recent,desc,desc,module,all,0.4373530092592592,0.4957123015873016,0.33,0.26975,0.2016666666666666,0.4839166666666666,0.155,0.6168333333333333,0.103,0.7965833333333333
spark,cross,bge-small,recent,desc_qcomments_module_all_recent,desc,comments,module,all,0.5473144841269841,0.6136765873015873,0.455,0.3709999999999999,0.2633333333333333,0.631,0.185,0.7339166666666667,0.1105,0.8564166666666666
spark,cross,bge-small,recent,diff_qtitle_file_all_recent,diff,title,file,all,0.178543645113568,0.3062738095238095,0.225,0.0918751231150208,0.1516666666666666,0.1674681123508489,0.128,0.237591842868697,0.0955,0.3261932468408971
spark,cross,bge-small,recent,diff_qdesc_file_all_recent,diff,desc,file,all,0.2647526317450838,0.4134662698412698,0.32,0.1352603408384738,0.2283333333333333,0.2444604729314448,0.185,0.3281228262847907,0.138,0.4597519719597325
spark,cross,bge-small,recent,diff_qcomments_file_all_recent,diff,comments,file,all,0.3013571194979969,0.4388690476190476,0.33,0.1426312558711535,0.25,0.2990507633954565,0.212,0.3832767508981143,0.152,0.4925381600762834
spark,cross,bge-small,recent,diff_qtitle_module_all_recent,diff,title,module,all,0.3794503968253969,0.4314345238095238,0.255,0.2058333333333333,0.1916666666666666,0.465,0.14,0.5604166666666667,0.0915,0.7084999999999999
spark,cross,bge-small,recent,diff_qdesc_module_all_recent,diff,desc,module,all,0.5233080357142857,0.5865277777777778,0.43,0.3545833333333333,0.2366666666666666,0.5780833333333334,0.176,0.6972499999999999,0.11,0.8565833333333334
spark,cross,bge-small,recent,diff_qcomments_module_all_recent,diff,comments,module,all,0.5141106150793651,0.5668730158730159,0.395,0.3266666666666666,0.2533333333333333,0.6005833333333332,0.185,0.7272500000000001,0.1095,0.8522500000000001
spark,cross,bge-small,modn,title_qtitle_file_w100_modn,title,title,file,w100,0.0386334128826969,0.0740674603174603,0.05,0.0157499999999999,0.0383333333333333,0.0446119047619047,0.028,0.0527230158730158,0.019,0.0594097818074598
spark,cross,bge-small,modn,title_qdesc_file_w100_modn,title,desc,file,w100,0.0391947020182341,0.0730138888888888,0.05,0.017445238095238,0.0383333333333333,0.044195238095238,0.029,0.0532361737677527,0.019,0.0583685119661899
spark,cross,bge-small,modn,title_qcomments_file_w100_modn,title,comments,file,w100,0.0390631933036372,0.0748869047619047,0.05,0.0170007936507936,0.035,0.0455007936507936,0.0309999999999999,0.0551969580814782,0.02,0.0605907341884122
spark,cross,bge-small,modn,title_qtitle_module_w100_modn,title,title,module,w100,0.5791133786848073,0.6374007936507936,0.495,0.385970238095238,0.2966666666666666,0.6711964285714287,0.207,0.767327380952381,0.118,0.8430119047619047
spark,cross,bge-small,modn,title_qdesc_module_w100_modn,title,desc,module,w100,0.5962155612244898,0.6547619047619048,0.52,0.4130535714285714,0.3,0.6786071428571429,0.207,0.7700357142857144,0.118,0.8405119047619047
spark,cross,bge-small,modn,title_qcomments_module_w100_modn,title,comments,module,w100,0.6091323696145124,0.6724642857142856,0.55,0.434720238095238,0.2933333333333333,0.6661488095238096,0.207,0.7749464285714286,0.1175,0.8380119047619047
spark,cross,bge-small,modn,desc_qtitle_file_w100_modn,desc,title,file,w100,0.0333767560094791,0.0677261904761904,0.05,0.0153055555555555,0.035,0.0388531746031746,0.024,0.0465198412698412,0.017,0.0575676343361698
spark,cross,bge-small,modn,desc_qdesc_file_w100_modn,desc,desc,file,w100,0.0353939805321384,0.0676448412698412,0.05,0.0181119047619047,0.035,0.0392785714285714,0.024,0.0413896825396825,0.018,0.0570724652540442
spark,cross,bge-small,modn,desc_qcomments_file_w100_modn,desc,comments,file,w100,0.0367668954996186,0.0768234126984127,0.065,0.0213341269841269,0.0349999999999999,0.0348341269841269,0.023,0.0361039682539682,0.019,0.0549186444371799
spark,cross,bge-small,modn,desc_qtitle_module_w100_modn,desc,title,module,w100,0.5960892715419501,0.6622063492063492,0.525,0.4076369047619048,0.2983333333333333,0.6758214285714286,0.203,0.7556607142857142,0.1195,0.8563452380952381
spark,cross,bge-small,modn,desc_qdesc_module_w100_modn,desc,desc,module,w100,0.6313506802721087,0.6986448412698413,0.58,0.4647202380952381,0.3083333333333333,0.7042738095238095,0.204,0.7659880952380952,0.118,0.8450952380952381
spark,cross,bge-small,modn,desc_qcomments_module_w100_modn,desc,comments,module,w100,0.617656746031746,0.6877361111111111,0.56,0.4384702380952381,0.2983333333333333,0.684392857142857,0.209,0.7749166666666667,0.1185,0.8467619047619047
spark,cross,bge-small,modn,diff_qtitle_file_w100_modn,diff,title,file,w100,0.038286547888716,0.0722083333333333,0.055,0.0214166666666666,0.0366666666666666,0.0413531746031745,0.025,0.0450198412698412,0.018,0.0566231898917253
spark,cross,bge-small,modn,diff_qdesc_file_w100_modn,diff,desc,file,w100,0.0387075333535859,0.0705198412698412,0.055,0.0231119047619047,0.0333333333333333,0.0371674603174603,0.025,0.0421039682539682,0.0185,0.0549737183868762
spark,cross,bge-small,modn,diff_qcomments_file_w100_modn,diff,comments,file,w100,0.0400307659126028,0.078422619047619,0.065,0.0257785714285714,0.0366666666666666,0.0398341269841269,0.027,0.0446119047619047,0.018,0.0496744016905007
spark,cross,bge-small,modn,diff_qtitle_module_w100_modn,diff,title,module,w100,0.600452664399093,0.6601309523809524,0.525,0.4109702380952381,0.3016666666666666,0.6818630952380953,0.21,0.7806607142857144,0.1195,0.8530119047619047
spark,cross,bge-small,modn,diff_qdesc_module_w100_modn,diff,desc,module,w100,0.6290578231292517,0.6897777777777777,0.57,0.455970238095238,0.3049999999999999,0.6911488095238094,0.21,0.7817023809523809,0.119,0.8480119047619047
spark,cross,bge-small,modn,diff_qcomments_module_w100_modn,diff,comments,module,w100,0.6214834183673469,0.6846111111111111,0.56,0.443470238095238,0.3,0.6887678571428572,0.212,0.7867023809523809,0.1175,0.8425952380952382
spark,cross,bge-small,modn,title_qtitle_file_w1000_modn,title,title,file,w1000,0.0639578694148224,0.1150753968253968,0.075,0.0321722222222222,0.065,0.0625959694989106,0.054,0.0796043654888856,0.036,0.0990210321555522
spark,cross,bge-small,modn,title_qdesc_file_w1000_modn,title,desc,file,w1000,0.0681317919979288,0.1411031746031746,0.11,0.0377036972512582,0.0716666666666666,0.0599533008353819,0.056,0.0811152055972867,0.0395,0.103939934085173
spark,cross,bge-small,modn,title_qcomments_file_w1000_modn,title,comments,file,w1000,0.0699523048814448,0.1292460317460317,0.09,0.0371203639179248,0.065,0.0696882837174236,0.052,0.0916636805428204,0.0385,0.1156774928513696
spark,cross,bge-small,modn,title_qtitle_module_w1000_modn,title,title,module,w1000,0.5364868669690098,0.586031746031746,0.4,0.3250892857142857,0.2666666666666666,0.6322619047619047,0.196,0.7398214285714286,0.123,0.8899761904761906
spark,cross,bge-small,modn,title_qdesc_module_w1000_modn,title,desc,module,w1000,0.5614476804610733,0.6115932539682539,0.45,0.3750892857142857,0.2666666666666666,0.6326785714285715,0.196,0.7381547619047619,0.123,0.8858095238095238
spark,cross,bge-small,modn,title_qcomments_module_w1000_modn,title,comments,module,w1000,0.5241703987150416,0.5673154761904762,0.395,0.3227083333333332,0.2566666666666666,0.5992261904761904,0.19,0.7013690476190476,0.125,0.8933095238095238
spark,cross,bge-small,modn,desc_qtitle_file_w1000_modn,desc,title,file,w1000,0.0604259145976506,0.1258452380952381,0.095,0.0257277155306567,0.0733333333333333,0.0602615715120736,0.055,0.0721453932458953,0.0365,0.0931145809209654
spark,cross,bge-small,modn,desc_qdesc_file_w1000_modn,desc,desc,file,w1000,0.0652733596587532,0.1364007936507936,0.105,0.0339777155306567,0.07,0.0593181917211329,0.053,0.0728015250544662,0.0395,0.1005135256914281
spark,cross,bge-small,modn,desc_qcomments_file_w1000_modn,desc,comments,file,w1000,0.0753420567111335,0.1473650793650793,0.105,0.0409775793650793,0.08,0.0777347222222222,0.06,0.0905513888888888,0.0415,0.1152960183317372
spark,cross,bge-small,modn,desc_qtitle_module_w1000_modn,desc,title,module,w1000,0.5710983323885109,0.6179742063492063,0.44,0.3691369047619048,0.285,0.6670714285714285,0.1979999999999999,0.7533214285714286,0.1255,0.8997678571428571
spark,cross,bge-small,modn,desc_qdesc_module_w1000_modn,desc,desc,module,w1000,0.6104351379440665,0.6657321428571429,0.52,0.4341369047619048,0.2916666666666667,0.6880654761904762,0.203,0.7711190476190475,0.124,0.8942619047619047
spark,cross,bge-small,modn,desc_qcomments_module_w1000_modn,desc,comments,module,w1000,0.5610907076719576,0.6154305555555556,0.445,0.3586309523809523,0.2766666666666666,0.6500595238095238,0.195,0.7352857142857144,0.1235,0.8849761904761904
spark,cross,bge-small,modn,diff_qtitle_file_w1000_modn,diff,title,file,w1000,0.0607625795384949,0.1206428571428571,0.08,0.023581746031746,0.0716666666666666,0.0564520477025498,0.054,0.0732287265792287,0.0395,0.1093461843346886
spark,cross,bge-small,modn,diff_qdesc_file_w1000_modn,diff,desc,file,w1000,0.0645480461329721,0.1325376984126983,0.09,0.0284984126984127,0.0683333333333333,0.0548716905596927,0.055,0.073205023893026,0.0425,0.1207580259305482
spark,cross,bge-small,modn,diff_qcomments_file_w1000_modn,diff,comments,file,w1000,0.0738018883308089,0.1492559523809524,0.11,0.0389328639179248,0.075,0.071475721060782,0.062,0.0932019115369725,0.0425,0.1234835183317372
spark,cross,bge-small,modn,diff_qtitle_module_w1000_modn,diff,title,module,w1000,0.5917645738851096,0.6384841269841269,0.485,0.4058035714285714,0.2833333333333334,0.6645714285714286,0.205,0.7765357142857142,0.1245,0.8898571428571428
spark,cross,bge-small,modn,diff_qdesc_module_w1000_modn,diff,desc,module,w1000,0.6270063066893424,0.6814007936507935,0.545,0.4533035714285713,0.2916666666666666,0.6905654761904763,0.21,0.796952380952381,0.126,0.9008095238095238
spark,cross,bge-small,modn,diff_qcomments_module_w1000_modn,diff,comments,module,w1000,0.5913289871504158,0.6456468253968254,0.49,0.3994642857142857,0.28,0.6525595238095238,0.2,0.748202380952381,0.126,0.9016428571428572
spark,cross,bge-small,modn,title_qtitle_file_all_modn,title,title,file,all,0.1589159133801301,0.2975277777777778,0.23,0.0766271593038457,0.1666666666666666,0.1501820346824663,0.132,0.189922089862924,0.0985,0.2697569414933879
spark,cross,bge-small,modn,title_qdesc_file_all_modn,title,desc,file,all,0.1850529587081357,0.3325575396825397,0.255,0.0831346983273668,0.1933333333333333,0.1744853286022418,0.166,0.2322889571436633,0.121,0.3126862542113341
spark,cross,bge-small,modn,title_qcomments_file_all_modn,title,comments,file,all,0.2227841774975079,0.3924107142857143,0.295,0.0985051453110103,0.24,0.2218739158428568,0.1889999999999999,0.2761471406634722,0.1365,0.3746322746073475
spark,cross,bge-small,modn,title_qtitle_module_all_modn,title,title,module,all,0.309027305366591,0.3556765873015872,0.23,0.1869642857142857,0.15,0.3567559523809524,0.1139999999999999,0.4492559523809523,0.0754999999999999,0.5598988095238095
spark,cross,bge-small,modn,title_qdesc_module_all_modn,title,desc,module,all,0.3893802366780045,0.4442638888888889,0.305,0.249375,0.1866666666666666,0.45375,0.136,0.5371309523809523,0.0905,0.6765714285714286
spark,cross,bge-small,modn,title_qcomments_module_all_modn,title,comments,module,all,0.4490696145124717,0.5125416666666667,0.375,0.3050892857142857,0.205,0.4913392857142857,0.154,0.5812678571428571,0.1045,0.7666130952380952
spark,cross,bge-small,modn,desc_qtitle_file_all_modn,desc,title,file,all,0.1158185710060256,0.195781746031746,0.15,0.0471412271434957,0.1183333333333333,0.1089218470579632,0.102,0.1501418609118246,0.073,0.2024884981423094
spark,cross,bge-small,modn,desc_qdesc_file_all_modn,desc,desc,file,all,0.197886652371126,0.3480674603174603,0.28,0.0907646966514827,0.215,0.1819149135752718,0.179,0.2481931150485953,0.1275,0.3085793737566208
spark,cross,bge-small,modn,desc_qcomments_file_all_modn,desc,comments,file,all,0.2694931223374505,0.4484305555555555,0.365,0.1332743423772429,0.265,0.2394375645706162,0.225,0.3274350620970833,0.156,0.3974815089081744
spark,cross,bge-small,modn,desc_qtitle_module_all_modn,desc,title,module,all,0.2274797855253212,0.2646349206349206,0.15,0.1194642857142857,0.1033333333333333,0.2469642857142857,0.085,0.3352559523809523,0.068,0.5330535714285713
spark,cross,bge-small,modn,desc_qdesc_module_all_modn,desc,desc,module,all,0.3964856386999244,0.4429722222222222,0.31,0.26375,0.1733333333333333,0.4230059523809524,0.1369999999999999,0.5345119047619048,0.093,0.7132321428571429
spark,cross,bge-small,modn,desc_qcomments_module_all_modn,desc,comments,module,all,0.5163309240362811,0.5729246031746033,0.435,0.3577083333333333,0.2316666666666667,0.557172619047619,0.17,0.6585119047619048,0.1125,0.832029761904762
spark,cross,bge-small,modn,diff_qtitle_file_all_modn,diff,title,file,all,0.1776646927370563,0.2952301587301587,0.21,0.0783845437683913,0.175,0.1718547562540303,0.146,0.2217000565861193,0.108,0.306851121823238
spark,cross,bge-small,modn,diff_qdesc_file_all_modn,diff,desc,file,all,0.2383416885946151,0.404486111111111,0.305,0.1022088515462955,0.2566666666666666,0.2304459439987705,0.206,0.2924194636226219,0.1465,0.3946767544901841
spark,cross,bge-small,modn,diff_qcomments_file_all_modn,diff,comments,file,all,0.2843977896442443,0.4591646825396825,0.365,0.1353675817050257,0.2833333333333333,0.2770289963222641,0.23,0.3482294352104966,0.161,0.4347726589011986
spark,cross,bge-small,modn,diff_qtitle_module_all_modn,diff,title,module,all,0.3573036186696901,0.4152857142857143,0.27,0.2111309523809523,0.1766666666666666,0.4151369047619047,0.131,0.5058511904761904,0.0905,0.6782321428571427
spark,cross,bge-small,modn,diff_qdesc_module_all_modn,diff,desc,module,all,0.4867923752834467,0.5444027777777777,0.405,0.3311309523809523,0.225,0.5374285714285714,0.163,0.6396011904761905,0.1075,0.8022857142857143
spark,cross,bge-small,modn,diff_qcomments_module_all_modn,diff,comments,module,all,0.4993649376417234,0.5485000000000001,0.42,0.34875,0.2233333333333333,0.5388392857142857,0.162,0.6254345238095238,0.111,0.8074940476190475
vscode,cross,bge-small,recent,title_qtitle_file_w100_recent,title,title,file,w100,0.0136097222222222,0.0264305555555555,0.0,0.0,0.0166666666666666,0.0242916666666666,0.012,0.0302916666666666,0.0085,0.0369186507936507
vscode,cross,bge-small,recent,title_qdesc_file_w100_recent,title,desc,file,w100,0.0082946428571428,0.0146805555555555,0.0,0.0,0.01,0.0149583333333333,0.007,0.0174583333333333,0.005,0.021672619047619
vscode,cross,bge-small,recent,title_qcomments_file_w100_recent,title,comments,file,w100,0.0047450396825396,0.0117083333333333,0.0,0.0,0.0083333333333333,0.0059583333333333,0.0069999999999999,0.0134583333333333,0.005,0.0175059523809523
vscode,cross,bge-small,recent,title_qtitle_module_w100_recent,title,title,module,w100,0.8868541666666667,0.8940833333333333,0.83,0.82,0.3166666666666666,0.9375,0.1989999999999999,0.97375,0.101,0.98125
vscode,cross,bge-small,recent,title_qdesc_module_w100_recent,title,desc,module,w100,0.8744375,0.8805833333333334,0.8,0.79,0.325,0.9575,0.1989999999999999,0.97375,0.101,0.98125
vscode,cross,bge-small,recent,title_qcomments_module_w100_recent,title,comments,module,w100,0.8664375,0.8729166666666666,0.785,0.775,0.3216666666666666,0.95,0.2,0.975,0.101,0.98125
vscode,cross,bge-small,recent,desc_qtitle_file_w100_recent,desc,title,file,w100,0.0113144841269841,0.0246369047619047,0.0,0.0,0.015,0.0238154761904761,0.01,0.0245297619047619,0.0075,0.0319186507936507
vscode,cross,bge-small,recent,desc_qdesc_file_w100_recent,desc,desc,file,w100,0.0080813492063492,0.0165833333333333,0.0,0.0,0.0083333333333333,0.0124583333333333,0.008,0.0212083333333333,0.005,0.0222797619047619
vscode,cross,bge-small,recent,desc_qcomments_file_w100_recent,desc,comments,file,w100,0.0047107709750566,0.0154642857142857,0.0,0.0,0.0083333333333333,0.0074583333333333,0.009,0.0150654761904761,0.005,0.0157797619047619
vscode,cross,bge-small,recent,desc_qtitle_module_w100_recent,desc,title,module,w100,0.8765208333333334,0.8832499999999999,0.805,0.795,0.3216666666666667,0.95,0.2,0.975,0.101,0.98125
vscode,cross,bge-small,recent,desc_qdesc_module_w100_recent,desc,desc,module,w100,0.8549375,0.8614166666666666,0.78,0.77,0.3166666666666666,0.935,0.2,0.975,0.101,0.98125
vscode,cross,bge-small,recent,desc_qcomments_module_w100_recent,desc,comments,module,w100,0.8432708333333333,0.8501666666666666,0.755,0.745,0.3133333333333333,0.9275,0.2,0.975,0.101,0.98125
vscode,cross,bge-small,recent,diff_qtitle_file_w100_recent,diff,title,file,w100,0.014063492063492,0.0312083333333333,0.0,0.0,0.02,0.0280297619047619,0.014,0.0294186507936508,0.0075,0.0319186507936508
vscode,cross,bge-small,recent,diff_qdesc_file_w100_recent,diff,desc,file,w100,0.0098441798941798,0.0244305555555555,0.0,0.0,0.0149999999999999,0.0156130952380952,0.012,0.0241130952380952,0.0069999999999999,0.0274464285714285
vscode,cross,bge-small,recent,diff_qcomments_file_w100_recent,diff,comments,file,w100,0.0061041666666666,0.0213611111111111,0.0,0.0,0.0133333333333333,0.0081130952380952,0.01,0.0181130952380952,0.0065,0.0224464285714285
vscode,cross,bge-small,recent,diff_qtitle_module_w100_recent,diff,title,module,w100,0.8167916666666666,0.8245833333333334,0.725,0.715,0.305,0.89625,0.201,0.97625,0.101,0.98125
vscode,cross,bge-small,recent,diff_qdesc_module_w100_recent,diff,desc,module,w100,0.8302083333333334,0.8348333333333333,0.74,0.735,0.3133333333333333,0.92375,0.201,0.97625,0.101,0.98125
vscode,cross,bge-small,recent,diff_qcomments_module_w100_recent,diff,comments,module,w100,0.8344791666666665,0.8411666666666666,0.75,0.74125,0.3116666666666667,0.91875,0.2,0.97125,0.101,0.98125
vscode,cross,bge-small,recent,title_qtitle_file_w1000_recent,title,title,file,w1000,0.0081977513227513,0.0219583333333333,0.005,0.0025,0.0133333333333333,0.0135694444444444,0.008,0.0135694444444444,0.005,0.0164265873015873
vscode,cross,bge-small,recent,title_qdesc_file_w1000_recent,title,desc,file,w1000,0.0053985615079365,0.013375,0.01,0.005,0.0033333333333333,0.005,0.003,0.0055555555555555,0.0035,0.0079265873015873
vscode,cross,bge-small,recent,title_qcomments_file_w1000_recent,title,comments,file,w1000,0.0061144179894179,0.0148809523809523,0.01,0.005,0.0033333333333333,0.005,0.003,0.0075,0.004,0.0109027777777777
vscode,cross,bge-small,recent,title_qtitle_module_w1000_recent,title,title,module,w1000,0.636484126984127,0.637109126984127,0.415,0.41,0.2833333333333334,0.83375,0.192,0.93375,0.103,0.99
vscode,cross,bge-small,recent,title_qdesc_module_w1000_recent,title,desc,module,w1000,0.5256934523809523,0.5290238095238096,0.25,0.2425,0.2583333333333333,0.75875,0.182,0.89,0.103,0.99
vscode,cross,bge-small,recent,title_qcomments_module_w1000_recent,title,comments,module,w1000,0.5230922619047619,0.5265119047619047,0.23,0.2225,0.27,0.79375,0.185,0.905,0.103,0.99
vscode,cross,bge-small,recent,desc_qtitle_file_w1000_recent,desc,title,file,w1000,0.004099537037037,0.0130555555555555,0.0,0.0,0.0083333333333333,0.0080138888888888,0.005,0.0080138888888888,0.0035,0.0094027777777777
vscode,cross,bge-small,recent,desc_qdesc_file_w1000_recent,desc,desc,file,w1000,0.007000992063492,0.0252083333333333,0.015,0.0036111111111111,0.0116666666666666,0.0080932539682539,0.009,0.0114265873015873,0.005,0.0122599206349206
vscode,cross,bge-small,recent,desc_qcomments_file_w1000_recent,desc,comments,file,w1000,0.0075615079365079,0.026875,0.015,0.0036111111111111,0.0116666666666666,0.0085694444444444,0.009,0.0114265873015873,0.0055,0.0132599206349206
vscode,cross,bge-small,recent,desc_qtitle_module_w1000_recent,desc,title,module,w1000,0.6716398809523809,0.6738869047619047,0.475,0.47,0.295,0.86875,0.1959999999999999,0.95125,0.103,0.99
vscode,cross,bge-small,recent,desc_qdesc_module_w1000_recent,desc,desc,module,w1000,0.6156235119047619,0.6209285714285714,0.385,0.37375,0.29,0.8475,0.1939999999999999,0.94125,0.103,0.99
vscode,cross,bge-small,recent,desc_qcomments_module_w1000_recent,desc,comments,module,w1000,0.6228735119047619,0.6291309523809524,0.395,0.38375,0.2933333333333333,0.8575,0.196,0.95125,0.103,0.99
vscode,cross,bge-small,recent,diff_qtitle_file_w1000_recent,diff,title,file,w1000,0.0135433201058201,0.0305833333333333,0.005,0.0025,0.0183333333333333,0.0265138888888888,0.012,0.0270694444444444,0.008,0.0299742063492063
vscode,cross,bge-small,recent,diff_qdesc_file_w1000_recent,diff,desc,file,w1000,0.007082561728395,0.0204444444444444,0.005,0.0025,0.0083333333333333,0.0074583333333333,0.008,0.0138472222222222,0.0055,0.0202361111111111
vscode,cross,bge-small,recent,diff_qcomments_file_w1000_recent,diff,comments,file,w1000,0.0070594135802469,0.0215555555555555,0.005,0.0025,0.0133333333333333,0.0113472222222222,0.009,0.0121805555555555,0.0055,0.0152361111111111
vscode,cross,bge-small,recent,diff_qtitle_module_w1000_recent,diff,title,module,w1000,0.5654940476190476,0.5679107142857143,0.375,0.37,0.2283333333333333,0.66125,0.1709999999999999,0.8225,0.103,0.99
vscode,cross,bge-small,recent,diff_qdesc_module_w1000_recent,diff,desc,module,w1000,0.5224960317460318,0.5280436507936508,0.34,0.33125,0.2083333333333333,0.605,0.165,0.7925,0.103,0.99
vscode,cross,bge-small,recent,diff_qcomments_module_w1000_recent,diff,comments,module,w1000,0.5401646825396825,0.5430873015873016,0.35,0.345,0.22,0.64,0.172,0.8275,0.103,0.99
vscode,cross,bge-small,recent,title_qtitle_file_all_recent,title,title,file,all,0.1006615813761159,0.1640456349206348,0.12,0.0631767676767676,0.075,0.0988537157287157,0.063,0.1282679377014661,0.0395,0.1596362659544097
vscode,cross,bge-small,recent,title_qdesc_file_all_recent,title,desc,file,all,0.102757560366674,0.1673015873015873,0.125,0.0625517676767676,0.075,0.1010509050128615,0.0559999999999999,0.1308766625886191,0.041,0.1888618782276808
vscode,cross,bge-small,recent,title_qcomments_file_all_recent,title,comments,file,all,0.1013576625792762,0.1659126984126984,0.12,0.0606767676767676,0.0733333333333333,0.1034120161239726,0.054,0.1266998949118514,0.0419999999999999,0.1845739994398021
vscode,cross,bge-small,recent,title_qtitle_module_all_recent,title,title,module,all,0.6914236111111112,0.6930972222222223,0.535,0.52625,0.2783333333333334,0.81375,0.184,0.88125,0.1039999999999999,0.99
vscode,cross,bge-small,recent,title_qdesc_module_all_recent,title,desc,module,all,0.6548933531746032,0.660577380952381,0.49,0.47625,0.2683333333333333,0.77625,0.184,0.885,0.1045,0.99875
vscode,cross,bge-small,recent,title_qcomments_module_all_recent,title,comments,module,all,0.6552678571428572,0.6613988095238095,0.49,0.47625,0.2683333333333333,0.77875,0.181,0.8725,0.104,0.99375
vscode,cross,bge-small,recent,desc_qtitle_file_all_recent,desc,title,file,all,0.0820690454024484,0.1298472222222222,0.095,0.048010101010101,0.0649999999999999,0.0850164141414141,0.0519999999999999,0.1085921717171717,0.033,0.1335808494274213
vscode,cross,bge-small,recent,desc_qdesc_file_all_recent,desc,desc,file,all,0.1031091402311302,0.1572341269841269,0.11,0.0554684343434343,0.0716666666666666,0.0963524923144488,0.062,0.1431680098515383,0.0465,0.2088524338444907
vscode,cross,bge-small,recent,desc_qcomments_file_all_recent,desc,comments,file,all,0.1054077338275498,0.1616805555555555,0.115,0.0575517676767676,0.075,0.1013524923144488,0.067,0.1515291209626493,0.0455,0.1991024338444906
vscode,cross,bge-small,recent,desc_qtitle_module_all_recent,desc,title,module,all,0.6909117063492063,0.6925853174603175,0.53,0.52125,0.2733333333333334,0.79875,0.191,0.91625,0.104,0.99
vscode,cross,bge-small,recent,desc_qdesc_module_all_recent,desc,desc,module,all,0.6438735119047619,0.650279761904762,0.48,0.46875,0.2633333333333333,0.7675,0.179,0.86,0.1035,0.98875
vscode,cross,bge-small,recent,desc_qcomments_module_all_recent,desc,comments,module,all,0.6413988095238095,0.6478988095238095,0.48,0.46875,0.26,0.7575,0.176,0.8475,0.103,0.98375
vscode,cross,bge-small,recent,diff_qtitle_file_all_recent,diff,title,file,all,0.1486395832242822,0.2046825396825397,0.135,0.0880608256477821,0.0933333333333333,0.167090989649518,0.07,0.2036844239929524,0.0504999999999999,0.2767404187228602
vscode,cross,bge-small,recent,diff_qdesc_file_all_recent,diff,desc,file,all,0.1502168686860437,0.2154801587301587,0.15,0.0754259050128615,0.0983333333333333,0.1380067936522785,0.088,0.2140585613290463,0.0665,0.3075732130652699
vscode,cross,bge-small,recent,diff_qcomments_file_all_recent,diff,comments,file,all,0.1507914410138769,0.2218650793650793,0.16,0.0817036827906393,0.0983333333333333,0.1401227356812641,0.088,0.2218502279957129,0.0645,0.3013232130652699
vscode,cross,bge-small,recent,diff_qtitle_module_all_recent,diff,title,module,all,0.5898571428571429,0.5915654761904762,0.44,0.43125,0.2433333333333333,0.705,0.1629999999999999,0.78,0.0984999999999999,0.935
vscode,cross,bge-small,recent,diff_qdesc_module_all_recent,diff,desc,module,all,0.5478616071428571,0.5519742063492064,0.375,0.36625,0.23,0.66625,0.1529999999999999,0.73875,0.0994999999999999,0.945
vscode,cross,bge-small,recent,diff_qcomments_module_all_recent,diff,comments,module,all,0.568936507936508,0.5736646825396825,0.4,0.39125,0.2316666666666666,0.67125,0.157,0.7575,0.1005,0.955
vscode,cross,bge-small,modn,title_qtitle_file_w100_modn,title,title,file,w100,0.0127495152513864,0.0242142857142857,0.02,0.0120833333333333,0.0083333333333333,0.0129166666666666,0.006,0.0145833333333333,0.0045,0.014968552327534
vscode,cross,bge-small,modn,title_qdesc_file_w100_modn,title,desc,file,w100,0.0121006159480753,0.0203333333333333,0.015,0.01125,0.005,0.01125,0.0069999999999999,0.0148774509803921,0.0045,0.0148780545899774
vscode,cross,bge-small,modn,title_qcomments_file_w100_modn,title,comments,file,w100,0.0120418930202611,0.021,0.015,0.01125,0.0066666666666666,0.0112503018047926,0.007,0.0145836351381259,0.004,0.0145839369429186
vscode,cross,bge-small,modn,title_qtitle_module_w100_modn,title,title,module,w100,0.7649313371813372,0.7941626984126984,0.71,0.6679545454545455,0.2883333333333333,0.8100757575757577,0.185,0.8430681818181819,0.111,0.9669318181818182
vscode,cross,bge-small,modn,title_qdesc_module_w100_modn,title,desc,module,w100,0.7834477062289562,0.8070674603174602,0.74,0.7029545454545455,0.28,0.7925757575757576,0.188,0.8555681818181818,0.1115,0.969431818181818
vscode,cross,bge-small,modn,title_qcomments_module_w100_modn,title,comments,module,w100,0.7858450727513226,0.8075674603174603,0.74,0.7067045454545454,0.2816666666666666,0.7930303030303031,0.1859999999999999,0.8455681818181818,0.1115,0.969431818181818
vscode,cross,bge-small,modn,desc_qtitle_file_w100_modn,desc,title,file,w100,0.0125001509023963,0.025,0.02,0.0120833333333333,0.01,0.0129169684714593,0.006,0.0129169684714593,0.003,0.0129169684714593
vscode,cross,bge-small,modn,desc_qdesc_file_w100_modn,desc,desc,file,w100,0.012324497307625,0.0243055555555555,0.02,0.0120833333333333,0.0083333333333333,0.0120836351381259,0.006,0.0129169684714593,0.0035,0.0132110861185181
vscode,cross,bge-small,modn,desc_qcomments_file_w100_modn,desc,comments,file,w100,0.0124389626225331,0.02625,0.02,0.0120833333333333,0.01,0.0123777527851848,0.007,0.0132110861185181,0.004,0.0132113879233108
vscode,cross,bge-small,modn,desc_qtitle_module_w100_modn,desc,title,module,w100,0.6814359668109669,0.7033988095238095,0.54,0.5104545454545455,0.285,0.7917803030303031,0.19,0.8576893939393939,0.1115,0.969431818181818
vscode,cross,bge-small,modn,desc_qdesc_module_w100_modn,desc,desc,module,w100,0.76903848003848,0.7901964285714286,0.695,0.6604545454545455,0.2916666666666667,0.8117803030303031,0.192,0.8672727272727272,0.1115,0.969431818181818
vscode,cross,bge-small,modn,desc_qcomments_module_w100_modn,desc,comments,module,w100,0.781720117845118,0.8029880952380952,0.72,0.6854545454545454,0.2916666666666667,0.8117803030303031,0.1889999999999999,0.860151515151515,0.1115,0.969431818181818
vscode,cross,bge-small,modn,diff_qtitle_file_w100_modn,diff,title,file,w100,0.0133822989038553,0.031875,0.03,0.0129169684714593,0.0116666666666666,0.0129172702762519,0.008,0.0145839369429186,0.0055,0.0149691559371193
vscode,cross,bge-small,modn,diff_qdesc_file_w100_modn,diff,desc,file,w100,0.0129175553141117,0.0275,0.025,0.0120836351381259,0.0116666666666666,0.0137506036095853,0.007,0.0137506036095853,0.0045,0.0137512072191706
vscode,cross,bge-small,modn,diff_qcomments_file_w100_modn,diff,comments,file,w100,0.0129912476046534,0.02875,0.025,0.0120836351381259,0.0116666666666666,0.0137506036095853,0.008,0.0140447212566441,0.0055,0.0140456266710221
vscode,cross,bge-small,modn,diff_qtitle_module_w100_modn,diff,title,module,w100,0.7132413419913419,0.7282936507936507,0.58,0.5517045454545455,0.2933333333333333,0.8142803030303031,0.198,0.8881060606060607,0.1125,0.973181818181818
vscode,cross,bge-small,modn,diff_qdesc_module_w100_modn,diff,desc,module,w100,0.7288584054834055,0.7456984126984126,0.61,0.5767045454545454,0.2983333333333333,0.8267803030303031,0.1969999999999999,0.8864393939393939,0.112,0.9719318181818182
vscode,cross,bge-small,modn,diff_qcomments_module_w100_modn,diff,comments,module,w100,0.7290421176046177,0.7458650793650794,0.61,0.5767045454545454,0.2983333333333333,0.8267803030303031,0.197,0.8897727272727272,0.1119999999999999,0.9719318181818182
vscode,cross,bge-small,modn,title_qtitle_file_w1000_modn,title,title,file,w1000,0.0294346405228758,0.0458333333333333,0.035,0.0204166666666666,0.0249999999999999,0.0294771241830065,0.02,0.0332434640522875,0.0125,0.0363316993464052
vscode,cross,bge-small,modn,title_qdesc_file_w1000_modn,title,desc,file,w1000,0.0275163504795857,0.0489166666666666,0.035,0.0157107843137254,0.0266666666666666,0.0307271241830065,0.022,0.041437908496732,0.013,0.0435754604872251
vscode,cross,bge-small,modn,title_qcomments_file_w1000_modn,title,comments,file,w1000,0.0266095254600868,0.0445416666666666,0.03,0.0154166666666666,0.0233333333333333,0.0301388888888888,0.019,0.0405555555555555,0.0115,0.0423992917037825
vscode,cross,bge-small,modn,title_qtitle_module_w1000_modn,title,title,module,w1000,0.6463122294372294,0.6598630952380953,0.49,0.4575378787878787,0.27,0.7446969696969696,0.188,0.8389015151515151,0.1144999999999999,0.9848863636363636
vscode,cross,bge-small,modn,title_qdesc_module_w1000_modn,title,desc,module,w1000,0.5853062770562771,0.5950515873015874,0.405,0.3750378787878787,0.2516666666666666,0.6871969696969696,0.1969999999999999,0.8605681818181818,0.1145,0.9823863636363636
vscode,cross,bge-small,modn,title_qcomments_module_w1000_modn,title,comments,module,w1000,0.5808579545454546,0.5905515873015873,0.4,0.3700378787878788,0.255,0.6984469696969697,0.1969999999999999,0.8560227272727273,0.1145,0.9823863636363636
vscode,cross,bge-small,modn,desc_qtitle_file_w1000_modn,desc,title,file,w1000,0.0274450615450703,0.0407222222222222,0.03,0.0191666666666666,0.025,0.0285049019607843,0.018,0.030187908496732,0.012,0.03245945213159
vscode,cross,bge-small,modn,desc_qdesc_file_w1000_modn,desc,desc,file,w1000,0.032394771353236,0.0584365079365079,0.045,0.0207107843137254,0.0299999999999999,0.0385049019607843,0.021,0.0423937908496732,0.0139999999999999,0.0458327067364622
vscode,cross,bge-small,modn,desc_qcomments_file_w1000_modn,desc,comments,file,w1000,0.0309916229681199,0.052797619047619,0.04,0.0204166666666666,0.0266666666666666,0.0354169684714593,0.02,0.0418058573603482,0.0115,0.044343736148227
vscode,cross,bge-small,modn,desc_qtitle_module_w1000_modn,desc,title,module,w1000,0.6156367243867243,0.6264285714285713,0.425,0.3983712121212122,0.265,0.7301136363636362,0.201,0.9006060606060606,0.114,0.9798863636363636
vscode,cross,bge-small,modn,desc_qdesc_module_w1000_modn,desc,desc,module,w1000,0.6185246212121212,0.6260535714285714,0.43,0.4054545454545454,0.2716666666666666,0.7496969696969696,0.205,0.9081060606060606,0.114,0.9798863636363636
vscode,cross,bge-small,modn,desc_qcomments_module_w1000_modn,desc,comments,module,w1000,0.6276085858585858,0.6345119047619047,0.44,0.4179545454545454,0.2783333333333333,0.7709469696969697,0.203,0.9081060606060606,0.114,0.9798863636363636
vscode,cross,bge-small,modn,diff_qtitle_file_w1000_modn,diff,title,file,w1000,0.031802351327451,0.0533174603174603,0.035,0.0172225240270148,0.03,0.0312669434788663,0.0279999999999999,0.0402959533227402,0.019,0.0508345424121437
vscode,cross,bge-small,modn,diff_qdesc_file_w1000_modn,diff,desc,file,w1000,0.030509264920394,0.0546111111111111,0.035,0.0148777527851848,0.03,0.0285055055703696,0.0269999999999999,0.0392547722815592,0.0185,0.0615630806222996
vscode,cross,bge-small,modn,diff_qcomments_file_w1000_modn,diff,comments,file,w1000,0.0293647826658994,0.0495555555555555,0.03,0.0145836351381259,0.0266666666666666,0.0279172702762519,0.023,0.0383721175355901,0.015,0.0600735064244789
vscode,cross,bge-small,modn,diff_qtitle_module_w1000_modn,diff,title,module,w1000,0.5416102994227995,0.5530674603174603,0.375,0.3433712121212121,0.2216666666666666,0.5967803030303032,0.173,0.7614015151515151,0.115,0.982840909090909
vscode,cross,bge-small,modn,diff_qdesc_module_w1000_modn,diff,desc,module,w1000,0.4590160533910534,0.4669007936507936,0.265,0.2383712121212121,0.2033333333333333,0.5430303030303031,0.1689999999999999,0.7409848484848485,0.115,0.982840909090909
vscode,cross,bge-small,modn,diff_qcomments_module_w1000_modn,diff,comments,module,w1000,0.4788212481962482,0.4832638888888889,0.285,0.2642045454545454,0.2066666666666667,0.5555303030303029,0.172,0.7539393939393939,0.115,0.982840909090909
vscode,cross,bge-small,modn,title_qtitle_file_all_modn,title,title,file,all,0.150007375326714,0.2305654761904762,0.17,0.0864908245044871,0.115,0.1497621990832551,0.098,0.1986536722901307,0.0675,0.2490628805909042
vscode,cross,bge-small,modn,title_qdesc_file_all_modn,title,desc,file,all,0.1521642719936266,0.2327103174603174,0.175,0.0891346022953238,0.115,0.1712647222953371,0.09,0.2052241697106669,0.0655,0.2650189345558591
vscode,cross,bge-small,modn,title_qcomments_file_all_modn,title,comments,file,all,0.1491518790204432,0.2286468253968254,0.165,0.0851010053542948,0.1083333333333333,0.1716067030879337,0.086,0.2079219941565142,0.062,0.2677894384417638
vscode,cross,bge-small,modn,title_qtitle_module_all_modn,title,title,module,all,0.6548705808080808,0.6673988095238096,0.49,0.46,0.28,0.7704924242424243,0.195,0.8701515151515151,0.1125,0.9831818181818184
vscode,cross,bge-small,modn,title_qdesc_module_all_modn,title,desc,module,all,0.6289588744588744,0.6417162698412698,0.455,0.425,0.2733333333333334,0.7442424242424243,0.195,0.8664015151515152,0.1125,0.9831818181818184
vscode,cross,bge-small,modn,title_qcomments_module_all_modn,title,comments,module,all,0.6472509018759018,0.6622222222222223,0.49,0.4554545454545454,0.28,0.7571969696969697,0.198,0.8706060606060606,0.113,0.9881818181818184
vscode,cross,bge-small,modn,desc_qtitle_file_all_modn,desc,title,file,all,0.1373305709914572,0.1975833333333333,0.125,0.0673693105784824,0.11,0.1630545990387321,0.09,0.1963141526211589,0.0584999999999999,0.2296105498978614
vscode,cross,bge-small,modn,desc_qdesc_file_all_modn,desc,desc,file,all,0.1655590305113835,0.2350734126984127,0.16,0.0941228119790426,0.1083333333333333,0.1629671612572154,0.091,0.2223638583334033,0.071,0.3090089701910186
vscode,cross,bge-small,modn,desc_qcomments_file_all_modn,desc,comments,file,all,0.1623163124482358,0.2423849206349206,0.165,0.0896734072171378,0.1133333333333333,0.1620299630620081,0.0969999999999999,0.2226461725748894,0.0735,0.3016226690386991
vscode,cross,bge-small,modn,desc_qtitle_module_all_modn,desc,title,module,all,0.6589720418470418,0.6766845238095239,0.505,0.4704545454545454,0.2783333333333334,0.7679924242424242,0.196,0.8797348484848484,0.112,0.9781818181818184
vscode,cross,bge-small,modn,desc_qdesc_module_all_modn,desc,desc,module,all,0.6337443632756132,0.6465555555555556,0.465,0.4329545454545455,0.2683333333333333,0.7325757575757575,0.197,0.8784848484848484,0.113,0.984431818181818
vscode,cross,bge-small,modn,desc_qcomments_module_all_modn,desc,comments,module,all,0.6284958513708514,0.6407579365079364,0.45,0.4179545454545454,0.2733333333333334,0.7430303030303032,0.2,0.8831060606060607,0.1134999999999999,0.9894318181818182
vscode,cross,bge-small,modn,diff_qtitle_file_all_modn,diff,title,file,all,0.153843296915305,0.2180376984126984,0.14,0.0789824211431426,0.115,0.1586881059292471,0.1,0.211560447578914,0.0725,0.3053995406878618
vscode,cross,bge-small,modn,diff_qdesc_file_all_modn,diff,desc,file,all,0.1592120842969407,0.2299345238095238,0.145,0.0738601662050982,0.11,0.1739841311114951,0.098,0.2349526675880071,0.0689999999999999,0.3123526793964185
vscode,cross,bge-small,modn,diff_qcomments_file_all_modn,diff,comments,file,all,0.170542061524346,0.2494821428571428,0.17,0.0916726662050982,0.1166666666666666,0.1756348664056128,0.103,0.2324156010773321,0.073,0.3223153110809508
vscode,cross,bge-small,modn,diff_qtitle_module_all_modn,diff,title,module,all,0.5168156565656566,0.5352876984126984,0.36,0.3271212121212121,0.225,0.6050757575757575,0.165,0.7276136363636363,0.107,0.929431818181818
vscode,cross,bge-small,modn,diff_qdesc_module_all_modn,diff,desc,module,all,0.4596569264069264,0.47125,0.295,0.2717045454545455,0.195,0.5284090909090909,0.155,0.6751136363636363,0.1085,0.9394318181818184
vscode,cross,bge-small,modn,diff_qcomments_module_all_modn,diff,comments,module,all,0.4703217893217893,0.4834503968253968,0.305,0.2817045454545455,0.2033333333333333,0.543030303030303,0.157,0.6843181818181817,0.1085,0.9394318181818184
