project,task_unit,model,split_strategy,experiment_id,source,target,window,MAP,MRR,P@1,R@1,P@3,R@3,P@5,R@5,P@10,R@10
agilebill,commit,bge-small,recent,title_file_w100_recent,title,file,w100,0.0850694444444444,0.0861111111111111,0.05,0.025,0.0666666666666666,0.1,0.04,0.1,0.03,0.153125
agilebill,commit,bge-small,recent,desc_file_w100_recent,desc,file,w100,0.063125,0.0849999999999999,0.05,0.025,0.05,0.075,0.04,0.078125,0.02,0.078125
agilebill,commit,bge-small,recent,diff_file_w100_recent,diff,file,w100,0.0882246376811594,0.125,0.05,0.025,0.0833333333333333,0.1271739130434782,0.05,0.1271739130434782,0.03,0.1771739130434782
agilebill,commit,bge-small,recent,title_file_all_recent,title,file,all,0.0850694444444444,0.0861111111111111,0.05,0.025,0.0666666666666666,0.1,0.04,0.1,0.03,0.153125
agilebill,commit,bge-small,recent,desc_file_all_recent,desc,file,all,0.063125,0.0849999999999999,0.05,0.025,0.05,0.075,0.04,0.078125,0.02,0.078125
agilebill,commit,bge-small,recent,diff_file_all_recent,diff,file,all,0.0882246376811594,0.125,0.05,0.025,0.0833333333333333,0.1271739130434782,0.05,0.1271739130434782,0.03,0.1771739130434782
agilebill,commit,bge-small,recent,title_module_w100_recent,title,module,w100,0.53375,0.5491666666666666,0.3,0.25,0.2666666666666666,0.7,0.2,0.85,0.12,1.0
agilebill,commit,bge-small,recent,desc_module_w100_recent,desc,module,w100,0.5588095238095238,0.5725,0.35,0.3,0.2833333333333332,0.725,0.19,0.8,0.12,1.0
agilebill,commit,bge-small,recent,diff_module_w100_recent,diff,module,w100,0.5563095238095237,0.5824999999999999,0.4,0.325,0.2666666666666666,0.675,0.2,0.85,0.12,1.0
agilebill,commit,bge-small,recent,title_file_w1000_recent,title,file,w1000,0.0850694444444444,0.0861111111111111,0.05,0.025,0.0666666666666666,0.1,0.04,0.1,0.03,0.153125
agilebill,commit,bge-small,recent,title_module_w1000_recent,title,module,w1000,0.5337500000000001,0.5491666666666666,0.3,0.25,0.2666666666666666,0.7,0.2,0.85,0.12,1.0
agilebill,commit,bge-small,recent,desc_file_w1000_recent,desc,file,w1000,0.063125,0.0849999999999999,0.05,0.025,0.05,0.075,0.04,0.078125,0.02,0.078125
agilebill,commit,bge-small,recent,desc_module_w1000_recent,desc,module,w1000,0.5588095238095238,0.5725,0.35,0.3,0.2833333333333333,0.725,0.19,0.8,0.12,1.0
agilebill,commit,bge-small,recent,diff_file_w1000_recent,diff,file,w1000,0.0882246376811594,0.125,0.05,0.025,0.0833333333333333,0.1271739130434782,0.05,0.1271739130434782,0.03,0.1771739130434782
agilebill,commit,bge-small,recent,diff_module_w1000_recent,diff,module,w1000,0.5563095238095238,0.5825,0.4,0.325,0.2666666666666666,0.675,0.2,0.85,0.12,1.0
agilebill,commit,bge-small,recent,title_module_all_recent,title,module,all,0.5337500000000001,0.5491666666666667,0.3,0.25,0.2666666666666666,0.7,0.2,0.85,0.12,1.0
agilebill,commit,bge-small,recent,desc_module_all_recent,desc,module,all,0.5588095238095238,0.5725,0.35,0.3,0.2833333333333333,0.725,0.19,0.8,0.12,1.0
agilebill,commit,bge-small,recent,diff_module_all_recent,diff,module,all,0.5563095238095237,0.5824999999999999,0.4,0.325,0.2666666666666666,0.675,0.2,0.85,0.12,1.0
agilebill,commit,bge-small,modn,title_file_w100_modn,title,file,w100,0.3138888888888889,0.3222222222222222,0.25,0.2083333333333333,0.1666666666666666,0.35,0.12,0.3666666666666667,0.075,0.475
agilebill,commit,bge-small,modn,title_module_w100_modn,title,module,w100,0.6238095238095237,0.6416666666666666,0.45,0.375,0.2833333333333333,0.725,0.22,0.9,0.115,0.925
agilebill,commit,bge-small,modn,desc_file_w100_modn,desc,file,w100,0.3011111111111111,0.3122222222222222,0.25,0.2083333333333333,0.15,0.3,0.12,0.3666666666666667,0.075,0.45
agilebill,commit,bge-small,modn,desc_module_w100_modn,desc,module,w100,0.6145833333333333,0.6375,0.45,0.375,0.2999999999999999,0.75,0.22,0.9,0.115,0.925
agilebill,commit,bge-small,modn,diff_file_w100_modn,diff,file,w100,0.3125,0.325,0.3,0.3,0.1166666666666666,0.325,0.0699999999999999,0.325,0.0349999999999999,0.325
agilebill,commit,bge-small,modn,diff_module_w100_modn,diff,module,w100,0.6029761904761906,0.6466666666666667,0.5,0.4,0.2666666666666666,0.65,0.22,0.9,0.115,0.925
agilebill,commit,bge-small,modn,title_file_w1000_modn,title,file,w1000,0.3138888888888889,0.3222222222222222,0.25,0.2083333333333333,0.1666666666666666,0.35,0.12,0.3666666666666667,0.075,0.475
agilebill,commit,bge-small,modn,title_module_w1000_modn,title,module,w1000,0.6238095238095237,0.6416666666666666,0.45,0.375,0.2833333333333332,0.725,0.22,0.9,0.115,0.925
agilebill,commit,bge-small,modn,desc_file_w1000_modn,desc,file,w1000,0.3011111111111111,0.3122222222222222,0.25,0.2083333333333333,0.15,0.3,0.12,0.3666666666666667,0.075,0.45
agilebill,commit,bge-small,modn,desc_module_w1000_modn,desc,module,w1000,0.6145833333333334,0.6375,0.45,0.375,0.2999999999999999,0.75,0.22,0.9,0.115,0.925
agilebill,commit,bge-small,modn,diff_file_w1000_modn,diff,file,w1000,0.3125,0.325,0.3,0.3,0.1166666666666666,0.325,0.0699999999999999,0.325,0.0349999999999999,0.325
agilebill,commit,bge-small,modn,diff_module_w1000_modn,diff,module,w1000,0.6029761904761906,0.6466666666666667,0.5,0.4,0.2666666666666666,0.65,0.22,0.9,0.115,0.925
agilebill,commit,bge-small,modn,title_file_all_modn,title,file,all,0.3138888888888889,0.3222222222222222,0.25,0.2083333333333333,0.1666666666666666,0.35,0.12,0.3666666666666667,0.075,0.475
agilebill,commit,bge-small,modn,title_module_all_modn,title,module,all,0.6238095238095237,0.6416666666666666,0.45,0.375,0.2833333333333333,0.725,0.22,0.9,0.115,0.925
agilebill,commit,bge-small,modn,desc_file_all_modn,desc,file,all,0.3011111111111111,0.3122222222222222,0.25,0.2083333333333333,0.15,0.3,0.12,0.3666666666666667,0.075,0.45
agilebill,commit,bge-small,modn,desc_module_all_modn,desc,module,all,0.6145833333333333,0.6375,0.45,0.375,0.3,0.75,0.22,0.9,0.115,0.925
agilebill,commit,bge-small,modn,diff_file_all_modn,diff,file,all,0.3125,0.325,0.3,0.3,0.1166666666666666,0.325,0.0699999999999999,0.325,0.0349999999999999,0.325
agilebill,commit,bge-small,modn,diff_module_all_modn,diff,module,all,0.6029761904761906,0.6466666666666667,0.5,0.4,0.2666666666666666,0.65,0.22,0.9,0.115,0.925
agilebill,commit,bge-large,recent,title_file_w100_recent,title,file,w100,0.1266666666666666,0.16,0.15,0.075,0.0833333333333333,0.125,0.06,0.175,0.03,0.175
agilebill,commit,bge-large,recent,title_module_w100_recent,title,module,w100,0.5475595238095238,0.5766666666666667,0.35,0.275,0.2999999999999999,0.8,0.22,0.95,0.12,1.0
agilebill,commit,bge-large,recent,desc_file_w100_recent,desc,file,w100,0.125,0.15,0.15,0.075,0.0833333333333333,0.125,0.05,0.125,0.025,0.125
agilebill,commit,bge-large,recent,desc_module_w100_recent,desc,module,w100,0.5229166666666667,0.5466666666666666,0.35,0.275,0.2666666666666666,0.675,0.21,0.9,0.12,1.0
agilebill,commit,bge-large,recent,diff_file_w100_recent,diff,file,w100,0.1891606280193236,0.2159722222222221,0.15,0.1,0.1166666666666666,0.225,0.08,0.275,0.05,0.3271739130434782
agilebill,commit,bge-large,recent,diff_module_w100_recent,diff,module,w100,0.4925,0.5216666666666666,0.3,0.225,0.2333333333333333,0.6,0.2,0.85,0.12,1.0
agilebill,commit,bge-large,recent,title_file_w1000_recent,title,file,w1000,0.1266666666666666,0.16,0.15,0.075,0.0833333333333333,0.125,0.06,0.175,0.03,0.175
agilebill,commit,bge-large,recent,title_module_w1000_recent,title,module,w1000,0.5475595238095238,0.5766666666666667,0.35,0.275,0.2999999999999999,0.8,0.22,0.95,0.12,1.0
agilebill,commit,bge-large,recent,desc_file_w1000_recent,desc,file,w1000,0.125,0.15,0.15,0.075,0.0833333333333333,0.125,0.05,0.125,0.025,0.125
agilebill,commit,bge-large,recent,desc_module_w1000_recent,desc,module,w1000,0.5229166666666666,0.5466666666666666,0.35,0.275,0.2666666666666666,0.675,0.21,0.9,0.12,1.0
agilebill,commit,bge-large,recent,diff_file_w1000_recent,diff,file,w1000,0.1891606280193236,0.2159722222222222,0.15,0.1,0.1166666666666666,0.225,0.08,0.275,0.0499999999999999,0.3271739130434782
agilebill,commit,bge-large,recent,diff_module_w1000_recent,diff,module,w1000,0.4925,0.5216666666666667,0.3,0.225,0.2333333333333333,0.6,0.2,0.85,0.12,1.0
agilebill,commit,bge-large,recent,title_file_all_recent,title,file,all,0.1266666666666666,0.16,0.15,0.075,0.0833333333333333,0.125,0.06,0.175,0.03,0.175
agilebill,commit,bge-large,recent,title_module_all_recent,title,module,all,0.5475595238095239,0.5766666666666667,0.35,0.275,0.2999999999999999,0.8,0.22,0.95,0.12,1.0
agilebill,commit,bge-large,recent,desc_file_all_recent,desc,file,all,0.125,0.15,0.15,0.075,0.0833333333333333,0.125,0.05,0.125,0.025,0.125
agilebill,commit,bge-large,recent,desc_module_all_recent,desc,module,all,0.5229166666666666,0.5466666666666666,0.35,0.275,0.2666666666666666,0.675,0.21,0.9,0.12,1.0
agilebill,commit,bge-large,recent,diff_file_all_recent,diff,file,all,0.1891606280193236,0.2159722222222222,0.15,0.1,0.1166666666666666,0.225,0.08,0.275,0.05,0.3271739130434782
agilebill,commit,bge-large,recent,diff_module_all_recent,diff,module,all,0.4925,0.5216666666666666,0.3,0.225,0.2333333333333333,0.6,0.2,0.85,0.12,1.0
agilebill,commit,bge-large,modn,title_file_w100_modn,title,file,w100,0.2519345238095238,0.2550595238095238,0.2,0.1583333333333333,0.1333333333333333,0.275,0.1,0.2916666666666667,0.065,0.375
agilebill,commit,bge-large,modn,title_module_w100_modn,title,module,w100,0.64375,0.6708333333333333,0.5,0.425,0.3166666666666666,0.775,0.22,0.9,0.115,0.925
agilebill,commit,bge-large,modn,desc_file_w100_modn,desc,file,w100,0.2916964285714286,0.2983928571428571,0.25,0.2083333333333333,0.1333333333333333,0.275,0.1099999999999999,0.3416666666666667,0.07,0.4
agilebill,commit,bge-large,modn,desc_module_w100_modn,desc,module,w100,0.59375,0.6208333333333333,0.45,0.375,0.2833333333333333,0.675,0.22,0.9,0.115,0.925
agilebill,commit,bge-large,modn,diff_file_w100_modn,diff,file,w100,0.3395833333333333,0.4196428571428571,0.4,0.2845238095238095,0.1666666666666666,0.3011904761904762,0.13,0.3428571428571428,0.075,0.4011904761904762
agilebill,commit,bge-large,modn,diff_module_w100_modn,diff,module,w100,0.6146428571428573,0.6575,0.5,0.425,0.2999999999999999,0.725,0.22,0.9,0.115,0.925
agilebill,commit,bge-large,modn,title_file_w1000_modn,title,file,w1000,0.2519345238095238,0.2550595238095238,0.2,0.1583333333333333,0.1333333333333333,0.275,0.0999999999999999,0.2916666666666667,0.065,0.375
agilebill,commit,bge-large,modn,title_module_w1000_modn,title,module,w1000,0.64375,0.6708333333333333,0.5,0.425,0.3166666666666666,0.775,0.22,0.9,0.115,0.925
agilebill,commit,bge-large,modn,desc_file_w1000_modn,desc,file,w1000,0.2916964285714286,0.2983928571428571,0.25,0.2083333333333333,0.1333333333333333,0.275,0.11,0.3416666666666667,0.07,0.4
agilebill,commit,bge-large,modn,desc_module_w1000_modn,desc,module,w1000,0.59375,0.6208333333333333,0.45,0.375,0.2833333333333333,0.675,0.22,0.9,0.115,0.925
agilebill,commit,bge-large,modn,diff_file_w1000_modn,diff,file,w1000,0.3395833333333333,0.4196428571428571,0.4,0.2845238095238095,0.1666666666666666,0.3011904761904762,0.13,0.3428571428571428,0.075,0.4011904761904762
agilebill,commit,bge-large,modn,diff_module_w1000_modn,diff,module,w1000,0.6146428571428572,0.6575,0.5,0.425,0.2999999999999999,0.725,0.22,0.9,0.115,0.925
agilebill,commit,bge-large,modn,title_file_all_modn,title,file,all,0.2519345238095238,0.2550595238095238,0.2,0.1583333333333333,0.1333333333333333,0.275,0.0999999999999999,0.2916666666666667,0.065,0.375
agilebill,commit,bge-large,modn,title_module_all_modn,title,module,all,0.64375,0.6708333333333333,0.5,0.425,0.3166666666666666,0.775,0.22,0.9,0.115,0.925
agilebill,commit,bge-large,modn,desc_file_all_modn,desc,file,all,0.2916964285714286,0.2983928571428571,0.25,0.2083333333333333,0.1333333333333333,0.275,0.11,0.3416666666666667,0.0699999999999999,0.4
agilebill,commit,bge-large,modn,desc_module_all_modn,desc,module,all,0.59375,0.6208333333333333,0.45,0.375,0.2833333333333333,0.675,0.22,0.9,0.115,0.925
agilebill,commit,bge-large,modn,diff_file_all_modn,diff,file,all,0.3395833333333333,0.4196428571428571,0.4,0.2845238095238095,0.1666666666666666,0.3011904761904762,0.13,0.3428571428571428,0.075,0.4011904761904762
agilebill,commit,bge-large,modn,diff_module_all_modn,diff,module,all,0.614642857142857,0.6575,0.5,0.425,0.2999999999999999,0.725,0.22,0.9,0.115,0.925
celery,commit,bge-small,recent,title_file_w100_recent,title,file,w100,0.2655758928571428,0.3221944444444445,0.26,0.1790535714285714,0.1683333333333333,0.2799047619047619,0.125,0.3231051587301587,0.0785,0.3862837301587301
celery,commit,bge-small,recent,desc_file_w100_recent,desc,file,w100,0.2841876291257243,0.3449821428571428,0.275,0.2011369047619047,0.1716666666666666,0.2992857142857143,0.1289999999999999,0.3540416666666666,0.076,0.3842698412698412
celery,commit,bge-small,recent,diff_file_w100_recent,diff,file,w100,0.3020843584656084,0.3796845238095238,0.32,0.2169503968253968,0.1866666666666666,0.3189742063492063,0.136,0.3576111111111111,0.0805,0.3953253968253968
celery,commit,bge-small,recent,title_module_w100_recent,title,module,w100,0.7494984126984128,0.7658333333333333,0.67,0.4586666666666666,0.4266666666666666,0.7795833333333334,0.29,0.8890833333333333,0.1595,1.0
celery,commit,bge-small,recent,desc_module_w100_recent,desc,module,w100,0.7602023809523808,0.776809523809524,0.675,0.4586666666666666,0.435,0.80625,0.294,0.9109166666666668,0.1595,1.0
celery,commit,bge-small,recent,diff_module_w100_recent,diff,module,w100,0.7765180555555556,0.7939880952380952,0.7,0.4903333333333333,0.4266666666666666,0.79875,0.296,0.9124166666666668,0.1595,1.0
celery,commit,bge-small,recent,title_file_w1000_recent,title,file,w1000,0.3527445475875535,0.417579365079365,0.33,0.2550674603174603,0.1866666666666666,0.3511071428571428,0.143,0.4115416666666667,0.103,0.5008214285714285
celery,commit,bge-small,recent,title_module_w1000_recent,title,module,w1000,0.7934839285714286,0.817547619047619,0.72,0.5095000000000001,0.44,0.845,0.302,0.95575,0.1595,1.0
celery,commit,bge-small,recent,desc_file_w1000_recent,desc,file,w1000,0.3942810011967749,0.4870099206349206,0.41,0.2972063492063492,0.2166666666666666,0.3903710317460317,0.163,0.4426924603174603,0.107,0.5211805555555555
celery,commit,bge-small,recent,desc_module_w1000_recent,desc,module,w1000,0.807943253968254,0.8337142857142856,0.725,0.5053333333333333,0.4533333333333333,0.88375,0.302,0.96325,0.1595,1.0
celery,commit,bge-small,recent,diff_file_w1000_recent,diff,file,w1000,0.4105550177941546,0.5118234126984127,0.415,0.2844007936507937,0.2483333333333333,0.437797619047619,0.179,0.4732123015873016,0.113,0.5498273809523809
celery,commit,bge-small,recent,diff_module_w1000_recent,diff,module,w1000,0.8029045634920635,0.8379999999999999,0.725,0.5295000000000001,0.4433333333333333,0.88125,0.303,0.96475,0.1595,1.0
celery,commit,bge-small,recent,title_file_all_recent,title,file,all,0.3501995181405896,0.4385099206349206,0.32,0.2278531746031745,0.2016666666666666,0.3687460317460318,0.157,0.447015873015873,0.1025,0.5391646825396825
celery,commit,bge-small,recent,title_module_all_recent,title,module,all,0.740469246031746,0.7792837301587301,0.655,0.4740833333333333,0.3916666666666667,0.7847500000000001,0.2790000000000001,0.8973333333333332,0.1575,0.9915
celery,commit,bge-small,recent,desc_file_all_recent,desc,file,all,0.3911971749811035,0.4952738095238095,0.39,0.2586845238095238,0.2283333333333333,0.3955416666666667,0.182,0.4821150793650794,0.119,0.5824345238095238
celery,commit,bge-small,recent,desc_module_all_recent,desc,module,all,0.7721591269841269,0.8209563492063492,0.715,0.507,0.415,0.8255833333333333,0.2750000000000001,0.9036666666666668,0.1575,0.994
celery,commit,bge-small,recent,diff_file_all_recent,diff,file,all,0.4122671571869488,0.5090059523809524,0.395,0.2722261904761904,0.2533333333333333,0.4321785714285714,0.2,0.5263492063492063,0.117,0.5714781746031745
celery,commit,bge-small,recent,diff_module_all_recent,diff,module,all,0.7429181547619046,0.7759642857142857,0.635,0.4836666666666666,0.3833333333333333,0.7908333333333333,0.282,0.9158333333333334,0.159,0.999
celery,commit,bge-small,modn,title_file_w100_modn,title,file,w100,0.0635717325689965,0.0890079365079365,0.055,0.0436111111111111,0.0349999999999999,0.0674357235142118,0.0309999999999999,0.0829547803617571,0.024,0.1249572313421492
celery,commit,bge-small,modn,title_module_w100_modn,title,module,w100,0.5683799603174603,0.5800119047619048,0.325,0.2829166666666667,0.3066666666666666,0.77375,0.222,0.9158333333333332,0.116,0.9525
celery,commit,bge-small,modn,desc_file_w100_modn,desc,file,w100,0.0772722678873741,0.1053055555555555,0.075,0.0542001915708812,0.0433333333333333,0.0836914706406486,0.036,0.1016359150850931,0.0235,0.1244749955448632
celery,commit,bge-small,modn,desc_module_w100_modn,desc,module,w100,0.6599667658730158,0.6775119047619047,0.475,0.41875,0.33,0.8333333333333335,0.223,0.9258333333333332,0.116,0.9525
celery,commit,bge-small,modn,diff_file_w100_modn,diff,file,w100,0.0595089625028484,0.0875238095238095,0.05,0.0286111111111111,0.045,0.0702192484184264,0.037,0.0906636928628708,0.027,0.1288132308389808
celery,commit,bge-small,modn,diff_module_w100_modn,diff,module,w100,0.5433928571428571,0.5609285714285714,0.295,0.2366666666666666,0.3083333333333333,0.77875,0.216,0.8970833333333332,0.116,0.9525
celery,commit,bge-small,modn,title_file_w1000_modn,title,file,w1000,0.1113624506354934,0.1496388888888888,0.1,0.0676666666666666,0.0716666666666666,0.1228472222222222,0.053,0.1533333333333333,0.036,0.1820525817517597
celery,commit,bge-small,modn,title_module_w1000_modn,title,module,w1000,0.5864047619047619,0.6025198412698413,0.38,0.3308333333333333,0.2933333333333333,0.7491666666666668,0.218,0.9095833333333332,0.118,0.9725
celery,commit,bge-small,modn,desc_file_w1000_modn,desc,file,w1000,0.1325396329762859,0.1629623015873015,0.115,0.0896527777777777,0.0783333333333333,0.1362192484184264,0.061,0.1609049719326383,0.0409999999999999,0.2080438608215272
celery,commit,bge-small,modn,desc_module_w1000_modn,desc,module,w1000,0.6775456349206348,0.6975555555555555,0.51,0.45375,0.3133333333333333,0.7983333333333335,0.225,0.9320833333333332,0.118,0.9725
celery,commit,bge-small,modn,diff_file_w1000_modn,diff,file,w1000,0.1287000700623295,0.1646964285714285,0.125,0.0812418582375479,0.0783333333333333,0.1324224137931034,0.057,0.1566585249042145,0.043,0.2166775817517597
celery,commit,bge-small,modn,diff_module_w1000_modn,diff,module,w1000,0.6364166666666666,0.656236111111111,0.44,0.3833333333333333,0.32,0.8083333333333335,0.2289999999999999,0.9433333333333332,0.118,0.9725
celery,commit,bge-small,modn,title_file_all_modn,title,file,all,0.3112447254815229,0.3800654761904761,0.255,0.2071331981068289,0.1633333333333333,0.349394113191922,0.127,0.4287609714294699,0.081,0.51010005188924
celery,commit,bge-small,modn,title_module_all_modn,title,module,all,0.649733134920635,0.6774484126984126,0.51,0.4420833333333333,0.2883333333333333,0.7379166666666666,0.212,0.8979166666666666,0.121,0.99
celery,commit,bge-small,modn,desc_file_all_modn,desc,file,all,0.3349792955263501,0.4078769841269841,0.29,0.2235689216210408,0.1783333333333333,0.3666857798585887,0.1339999999999999,0.4480665269850254,0.091,0.5687887492072476
celery,commit,bge-small,modn,desc_module_all_modn,desc,module,all,0.6736537698412698,0.6994424603174604,0.54,0.47375,0.2916666666666666,0.7608333333333335,0.222,0.9316666666666664,0.121,0.99
celery,commit,bge-small,modn,diff_file_all_modn,diff,file,all,0.3131826817415017,0.3943373015873015,0.3,0.2264918582375479,0.1733333333333333,0.3435085204490777,0.123,0.3888304158739143,0.077,0.4743998603183588
celery,commit,bge-small,modn,diff_module_all_modn,diff,module,all,0.5857534722222222,0.604843253968254,0.435,0.3745833333333332,0.2633333333333333,0.6566666666666667,0.2,0.8175,0.122,0.9975
celery,commit,bge-large,recent,title_file_w100_recent,title,file,w100,0.2767737103174603,0.346859126984127,0.285,0.1837956349206349,0.1833333333333333,0.3000634920634921,0.1369999999999999,0.3505555555555555,0.079,0.3889365079365079
celery,commit,bge-large,recent,title_module_w100_recent,title,module,w100,0.7912632936507936,0.8077857142857142,0.72,0.5086666666666666,0.4466666666666666,0.82625,0.296,0.91325,0.1595,1.0
celery,commit,bge-large,recent,desc_file_w100_recent,desc,file,w100,0.3007720789241623,0.3719027777777778,0.31,0.2198174603174603,0.1783333333333333,0.3117857142857143,0.133,0.3584166666666666,0.077,0.3856587301587301
celery,commit,bge-large,recent,desc_module_w100_recent,desc,module,w100,0.7799954365079365,0.7952678571428571,0.695,0.4836666666666667,0.4399999999999999,0.8279166666666665,0.297,0.9185833333333336,0.1595,1.0
celery,commit,bge-large,recent,diff_file_w100_recent,diff,file,w100,0.31045305335097,0.3865198412698413,0.325,0.2277837301587301,0.1916666666666666,0.3196130952380953,0.138,0.367611111111111,0.0815,0.3983809523809523
celery,commit,bge-large,recent,diff_module_w100_recent,diff,module,w100,0.8131301587301587,0.8347261904761905,0.755,0.5378333333333333,0.4433333333333333,0.8408333333333334,0.301,0.9315833333333332,0.1595,1.0
celery,commit,bge-large,recent,title_file_w1000_recent,title,file,w1000,0.3753420020786093,0.4482480158730159,0.365,0.2773174603174603,0.1983333333333333,0.3688769841269841,0.15,0.4268888888888889,0.107,0.5186805555555556
celery,commit,bge-large,recent,title_module_w1000_recent,title,module,w1000,0.8319613095238095,0.8574642857142857,0.77,0.5503333333333333,0.4549999999999999,0.8775,0.301,0.9571666666666668,0.1595,1.0
celery,commit,bge-large,recent,desc_file_w1000_recent,desc,file,w1000,0.402380185500126,0.4779920634920634,0.385,0.2988373015873016,0.22,0.4008134920634921,0.17,0.4500952380952381,0.1115,0.5372777777777777
celery,commit,bge-large,recent,desc_module_w1000_recent,desc,module,w1000,0.8271597222222222,0.849547619047619,0.76,0.5436666666666666,0.4483333333333333,0.8708333333333335,0.301,0.9549166666666667,0.1595,1.0
celery,commit,bge-large,recent,diff_file_w1000_recent,diff,file,w1000,0.4336266345427059,0.521281746031746,0.43,0.3169484126984127,0.25,0.4256309523809524,0.191,0.483079365079365,0.1169999999999999,0.5767440476190476
celery,commit,bge-large,recent,diff_module_w1000_recent,diff,module,w1000,0.840257738095238,0.8699583333333334,0.79,0.5778333333333334,0.4483333333333333,0.875,0.302,0.96725,0.1595,1.0
celery,commit,bge-large,recent,title_file_all_recent,title,file,all,0.4074815129755606,0.5072738095238095,0.41,0.2882480158730158,0.2216666666666666,0.4107936507936507,0.171,0.4781051587301587,0.12,0.5916666666666667
celery,commit,bge-large,recent,title_module_all_recent,title,module,all,0.7508640873015874,0.8021210317460317,0.69,0.4845,0.4033333333333332,0.8,0.27,0.8749166666666668,0.157,0.9919166666666668
celery,commit,bge-large,recent,desc_file_all_recent,desc,file,all,0.4120921626984126,0.525795634920635,0.425,0.2750039682539683,0.2383333333333333,0.4172222222222222,0.19,0.4978769841269841,0.123,0.5856428571428571
celery,commit,bge-large,recent,desc_module_all_recent,desc,module,all,0.7523143849206348,0.8000337301587302,0.68,0.4836666666666666,0.4133333333333333,0.82875,0.275,0.8995000000000001,0.1565,0.9906666666666666
celery,commit,bge-large,recent,diff_file_all_recent,diff,file,all,0.4572942129629629,0.5591706349206349,0.455,0.3202400793650793,0.2783333333333334,0.4656587301587301,0.1989999999999999,0.5167321428571428,0.1265,0.6140476190476191
celery,commit,bge-large,recent,diff_module_all_recent,diff,module,all,0.7465932539682539,0.7938472222222223,0.655,0.4782499999999999,0.3966666666666666,0.8104166666666666,0.283,0.925,0.157,0.9945
celery,commit,bge-large,modn,title_file_w100_modn,title,file,w100,0.07184387214188,0.106515873015873,0.07,0.05,0.0433333333333333,0.0758611111111111,0.032,0.0854607843137255,0.026,0.1320239588083295
celery,commit,bge-large,modn,title_module_w100_modn,title,module,w100,0.6288070436507937,0.6429642857142858,0.4,0.3466666666666667,0.3433333333333332,0.8675,0.225,0.9283333333333332,0.116,0.9525
celery,commit,bge-large,modn,desc_file_w100_modn,desc,file,w100,0.0740400133523069,0.1053611111111111,0.08,0.0561609758846067,0.04,0.0733605882877074,0.035,0.0974578105099297,0.022,0.1217494771765963
celery,commit,bge-large,modn,desc_module_w100_modn,desc,module,w100,0.6521602182539682,0.6710595238095237,0.455,0.3958333333333332,0.3333333333333333,0.8533333333333334,0.225,0.9270833333333331,0.116,0.9525
celery,commit,bge-large,modn,diff_file_w100_modn,diff,file,w100,0.0753444100809262,0.1011924603174603,0.06,0.0486111111111111,0.0366666666666666,0.0712835249042145,0.036,0.1068554203290511,0.0265,0.138541143843263
celery,commit,bge-large,modn,diff_module_w100_modn,diff,module,w100,0.6074032738095237,0.629095238095238,0.365,0.2991666666666666,0.3416666666666666,0.85625,0.226,0.9354166666666666,0.116,0.9525
celery,commit,bge-large,modn,title_file_w1000_modn,title,file,w1000,0.1469408149555821,0.1841845238095238,0.14,0.1046527777777777,0.0816666666666666,0.1527638888888889,0.063,0.1822974137931034,0.045,0.2197268673574749
celery,commit,bge-large,modn,title_module_w1000_modn,title,module,w1000,0.6607331349206349,0.6773531746031746,0.485,0.4308333333333333,0.3183333333333333,0.80625,0.22,0.9120833333333332,0.118,0.9725
celery,commit,bge-large,modn,desc_file_w1000_modn,desc,file,w1000,0.1403858915313133,0.1795654761904762,0.125,0.0892001915708812,0.0866666666666666,0.1571220261962042,0.066,0.1877886928628709,0.0465,0.2390324229130304
celery,commit,bge-large,modn,desc_module_w1000_modn,desc,module,w1000,0.7094920634920635,0.7317222222222222,0.57,0.5075,0.3216666666666666,0.82125,0.225,0.9358333333333332,0.118,0.9725
celery,commit,bge-large,modn,diff_file_w1000_modn,diff,file,w1000,0.1653359123934479,0.2067142857142857,0.17,0.1218668582375478,0.0933333333333333,0.1707557471264368,0.068,0.1979640804597701,0.0445,0.2259275817517598
celery,commit,bge-large,modn,diff_module_w1000_modn,diff,module,w1000,0.6472539682539683,0.6706865079365079,0.475,0.4108333333333333,0.3166666666666666,0.7991666666666666,0.226,0.93125,0.118,0.9725
celery,commit,bge-large,modn,title_file_all_modn,title,file,all,0.3532577439498847,0.4265674603174603,0.325,0.2535689216210408,0.18,0.3808107798585887,0.132,0.4443859714294699,0.0844999999999999,0.5232876472160636
celery,commit,bge-large,modn,title_module_all_modn,title,module,all,0.6648065476190476,0.6909007936507936,0.53,0.4625,0.295,0.7541666666666665,0.208,0.8825,0.121,0.99
celery,commit,bge-large,modn,desc_file_all_modn,desc,file,all,0.3552266615408675,0.4277242063492064,0.295,0.2331585249042145,0.2016666666666666,0.4290114942528735,0.146,0.4876776380961366,0.0885,0.550703021237899
celery,commit,bge-large,modn,desc_module_all_modn,desc,module,all,0.6976011904761904,0.7207837301587301,0.57,0.5108333333333333,0.3083333333333333,0.8054166666666666,0.216,0.9125,0.1215,0.9925
celery,commit,bge-large,modn,diff_file_all_modn,diff,file,all,0.3329924478131268,0.4190932539682539,0.33,0.2434831373073153,0.1766666666666666,0.3581277733226409,0.127,0.4135362982268555,0.082,0.4938165269850255
celery,commit,bge-large,modn,diff_module_all_modn,diff,module,all,0.5863809523809524,0.607811507936508,0.41,0.34875,0.2716666666666666,0.6804166666666666,0.209,0.8658333333333332,0.122,0.9975
celery,ticket,bge-small,recent,title_file_w100_recent,title,file,w100,0.3016235748929201,0.3443234126984126,0.28,0.2014761904761904,0.1716666666666666,0.3046666666666667,0.1329999999999999,0.3665595238095238,0.08,0.401563492063492
celery,ticket,bge-small,recent,title_module_w100_recent,title,module,w100,0.7968595238095239,0.8162142857142857,0.71,0.5274166666666666,0.4183333333333333,0.85375,0.29,0.9703333333333332,0.15,0.99
celery,ticket,bge-small,recent,desc_file_w100_recent,desc,file,w100,0.3117229828042328,0.3715853174603174,0.305,0.2143035714285714,0.1783333333333333,0.3328988095238095,0.131,0.3674801587301587,0.079,0.4157896825396825
celery,ticket,bge-small,recent,desc_module_w100_recent,desc,module,w100,0.7638095238095238,0.7894166666666667,0.67,0.4932499999999999,0.4033333333333332,0.8289166666666666,0.285,0.9531666666666666,0.15,0.99
celery,ticket,bge-small,recent,comments_file_w100_recent,comments,file,w100,0.2770997260015116,0.3382619047619047,0.26,0.1823591269841269,0.165,0.3076626984126984,0.124,0.3458551587301587,0.0694999999999999,0.3894166666666666
celery,ticket,bge-small,recent,comments_module_w100_recent,comments,module,w100,0.7165626984126985,0.7401428571428571,0.61,0.4540833333333333,0.3633333333333333,0.7544166666666666,0.28,0.93075,0.15,0.99
celery,ticket,bge-small,recent,title_file_w1000_recent,title,file,w1000,0.3627805555555555,0.4340297619047619,0.35,0.2421785714285714,0.2183333333333333,0.3862380952380952,0.154,0.4400059523809523,0.1,0.5215773809523809
celery,ticket,bge-small,recent,title_module_w1000_recent,title,module,w1000,0.8051392857142856,0.8402142857142857,0.75,0.5682499999999999,0.4099999999999999,0.8535833333333334,0.2790000000000001,0.9511666666666668,0.151,1.0
celery,ticket,bge-small,recent,desc_file_w1000_recent,desc,file,w1000,0.3765449168556312,0.448359126984127,0.36,0.2518035714285714,0.2166666666666666,0.3896488095238095,0.1689999999999999,0.481438492063492,0.1045,0.5368174603174602
celery,ticket,bge-small,recent,desc_module_w1000_recent,desc,module,w1000,0.8189992063492063,0.8535416666666665,0.755,0.57475,0.4149999999999999,0.8815000000000001,0.284,0.9686666666666668,0.151,1.0
celery,ticket,bge-small,recent,comments_file_w1000_recent,comments,file,w1000,0.3258459797808012,0.3936289682539682,0.33,0.2325674603174603,0.1883333333333333,0.3406488095238095,0.139,0.3957242063492063,0.0815,0.4511805555555556
celery,ticket,bge-small,recent,comments_module_w1000_recent,comments,module,w1000,0.7609128968253969,0.7713333333333332,0.625,0.4964166666666667,0.395,0.8406666666666667,0.2790000000000001,0.9499166666666666,0.151,1.0
celery,ticket,bge-small,recent,title_file_all_recent,title,file,all,0.3899587766124968,0.4596011904761904,0.35,0.2682638888888889,0.205,0.3963234126984127,0.152,0.4694722222222222,0.106,0.5635912698412698
celery,ticket,bge-small,recent,title_module_all_recent,title,module,all,0.7792675595238094,0.8037142857142857,0.675,0.5326666666666666,0.395,0.8406666666666667,0.277,0.9503333333333334,0.1505,0.999
celery,ticket,bge-small,recent,desc_file_all_recent,desc,file,all,0.4016123511904761,0.470593253968254,0.365,0.279234126984127,0.2166666666666666,0.4220178571428571,0.16,0.4865853174603174,0.1075,0.5712003968253968
celery,ticket,bge-small,recent,desc_module_all_recent,desc,module,all,0.8056958333333333,0.8438749999999999,0.745,0.571,0.4083333333333332,0.8664999999999999,0.277,0.9493333333333334,0.151,1.0
celery,ticket,bge-small,recent,comments_file_all_recent,comments,file,all,0.3244603032879818,0.381765873015873,0.28,0.2158115079365079,0.18,0.3394265873015872,0.144,0.4377579365079365,0.0944999999999999,0.5176646825396826
celery,ticket,bge-small,recent,comments_module_all_recent,comments,module,all,0.7509051587301587,0.7716309523809523,0.63,0.4955833333333333,0.3766666666666666,0.8217499999999999,0.267,0.9180833333333334,0.151,1.0
celery,ticket,bge-small,modn,title_file_w100_modn,title,file,w100,0.1412971466364323,0.2014087301587301,0.145,0.088204365079365,0.095,0.1523988095238095,0.068,0.1733988095238095,0.0495,0.2469583333333333
celery,ticket,bge-small,modn,title_module_w100_modn,title,module,w100,0.6513628968253968,0.6776607142857142,0.49,0.3474166666666666,0.3716666666666667,0.7833333333333333,0.257,0.8875833333333333,0.143,0.9808333333333332
celery,ticket,bge-small,modn,desc_file_w100_modn,desc,file,w100,0.1452284060846561,0.2100436507936508,0.16,0.0970138888888889,0.0966666666666666,0.1515714285714285,0.068,0.1728492063492063,0.044,0.2257857142857142
celery,ticket,bge-small,modn,desc_module_w100_modn,desc,module,w100,0.6861634920634921,0.7112559523809523,0.555,0.4159999999999999,0.3683333333333333,0.7895833333333334,0.263,0.923,0.143,0.9808333333333332
celery,ticket,bge-small,modn,comments_file_w100_modn,comments,file,w100,0.1352982142857142,0.1806369047619047,0.135,0.0874722222222222,0.0816666666666666,0.1476210317460317,0.061,0.1783432539682539,0.0425,0.2288551587301587
celery,ticket,bge-small,modn,comments_module_w100_modn,comments,module,w100,0.6865361111111112,0.6999345238095239,0.515,0.3974166666666667,0.3833333333333333,0.8201666666666665,0.267,0.92925,0.143,0.9808333333333332
celery,ticket,bge-small,modn,title_file_w1000_modn,title,file,w1000,0.2070962301587301,0.2579484126984127,0.165,0.1082738095238095,0.1199999999999999,0.2004365079365079,0.108,0.3118809523809524,0.0715,0.3743392857142856
celery,ticket,bge-small,modn,title_module_w1000_modn,title,module,w1000,0.7468311507936508,0.7769206349206348,0.655,0.5003333333333333,0.3866666666666666,0.8301666666666665,0.263,0.9196666666666666,0.1445,0.9925
celery,ticket,bge-small,modn,desc_file_w1000_modn,desc,file,w1000,0.2073354662698412,0.2683472222222222,0.18,0.1116269841269841,0.1283333333333333,0.2214761904761904,0.109,0.2893373015873016,0.072,0.3596567460317461
celery,ticket,bge-small,modn,desc_module_w1000_modn,desc,module,w1000,0.7720926587301586,0.8052678571428572,0.68,0.5236666666666666,0.4,0.8643333333333334,0.274,0.9560833333333332,0.145,0.9975
celery,ticket,bge-small,modn,comments_file_w1000_modn,comments,file,w1000,0.203363740079365,0.2678035714285714,0.18,0.1149603174603174,0.1283333333333333,0.2243928571428571,0.109,0.2820873015873015,0.068,0.344390873015873
celery,ticket,bge-small,modn,comments_module_w1000_modn,comments,module,w1000,0.7717613095238094,0.7984761904761905,0.67,0.5328333333333333,0.3866666666666666,0.8458333333333334,0.275,0.9575833333333332,0.145,0.9975
celery,ticket,bge-small,modn,title_file_all_modn,title,file,all,0.2716178130511463,0.3399027777777778,0.255,0.1793055555555555,0.1533333333333333,0.284265873015873,0.1169999999999999,0.3425773809523809,0.0775,0.4253829365079364
celery,ticket,bge-small,modn,title_module_all_modn,title,module,all,0.7625212301587301,0.785922619047619,0.65,0.5086666666666667,0.3883333333333333,0.8435833333333332,0.27,0.94475,0.1455,1.0
celery,ticket,bge-small,modn,desc_file_all_modn,desc,file,all,0.3051704916225749,0.3676091269841269,0.25,0.1804365079365079,0.1733333333333333,0.3266468253968254,0.141,0.4191329365079365,0.094,0.5149861111111111
celery,ticket,bge-small,modn,desc_module_all_modn,desc,module,all,0.7602871031746031,0.7919583333333332,0.665,0.5195000000000001,0.385,0.8419166666666666,0.27,0.9503333333333334,0.1455,1.0
celery,ticket,bge-small,modn,comments_file_all_modn,comments,file,all,0.2833531084656084,0.3576646825396825,0.24,0.1650198412698412,0.1733333333333333,0.3129265873015873,0.134,0.4000376984126984,0.086,0.4923392857142857
celery,ticket,bge-small,modn,comments_module_all_modn,comments,module,all,0.7476555555555555,0.782345238095238,0.645,0.5045,0.375,0.8241666666666667,0.266,0.9380000000000002,0.1455,1.0
celery,ticket,bge-large,recent,title_file_w100_recent,title,file,w100,0.3173557728647014,0.3691666666666666,0.31,0.2264761904761905,0.1766666666666666,0.3164722222222222,0.1369999999999999,0.3629484126984127,0.081,0.407063492063492
celery,ticket,bge-large,recent,title_module_w100_recent,title,module,w100,0.8131869047619047,0.8320833333333333,0.735,0.5514166666666667,0.4116666666666666,0.8529166666666665,0.292,0.9732499999999998,0.15,0.99
celery,ticket,bge-large,recent,desc_file_w100_recent,desc,file,w100,0.3177703373015872,0.389720238095238,0.345,0.2365257936507936,0.1783333333333333,0.317204365079365,0.132,0.3677579365079365,0.0765,0.4016031746031746
celery,ticket,bge-large,recent,desc_module_w100_recent,desc,module,w100,0.7818525793650793,0.8020833333333333,0.685,0.5097499999999999,0.4133333333333333,0.8498333333333333,0.292,0.9703333333333332,0.15,0.99
celery,ticket,bge-large,recent,comments_file_w100_recent,comments,file,w100,0.2987614087301587,0.365281746031746,0.305,0.2122698412698412,0.175,0.3278710317460317,0.126,0.3548829365079365,0.068,0.3882162698412698
celery,ticket,bge-large,recent,comments_module_w100_recent,comments,module,w100,0.7198724206349206,0.741095238095238,0.595,0.4449166666666667,0.3783333333333333,0.784,0.279,0.9399166666666668,0.15,0.99
celery,ticket,bge-large,recent,title_file_w1000_recent,title,file,w1000,0.3994570326278659,0.4720853174603174,0.375,0.2761785714285714,0.2283333333333333,0.4222023809523809,0.167,0.477109126984127,0.108,0.5586805555555555
celery,ticket,bge-large,recent,title_module_w1000_recent,title,module,w1000,0.8252573412698412,0.857845238095238,0.77,0.5922499999999999,0.4233333333333333,0.8885833333333332,0.277,0.9490833333333332,0.151,1.0
celery,ticket,bge-large,recent,desc_file_w1000_recent,desc,file,w1000,0.4182117709120685,0.4967896825396825,0.41,0.2995813492063492,0.2266666666666666,0.4174821428571428,0.175,0.4946111111111111,0.1115,0.5832341269841269
celery,ticket,bge-large,recent,desc_module_w1000_recent,desc,module,w1000,0.8223952380952381,0.8590555555555555,0.76,0.5872499999999999,0.415,0.8823333333333333,0.282,0.96225,0.151,1.0
celery,ticket,bge-large,recent,comments_file_w1000_recent,comments,file,w1000,0.3499151785714286,0.4144305555555556,0.33,0.2381230158730158,0.1933333333333333,0.3635376984126984,0.147,0.4344583333333333,0.092,0.5319781746031746
celery,ticket,bge-large,recent,comments_module_w1000_recent,comments,module,w1000,0.7891579365079364,0.800970238095238,0.665,0.5335,0.405,0.8665,0.273,0.9428333333333332,0.151,1.0
celery,ticket,bge-large,recent,title_file_all_recent,title,file,all,0.4276935507999496,0.5087242063492063,0.42,0.3200396825396825,0.2183333333333333,0.4207380952380951,0.165,0.4932698412698413,0.113,0.5967361111111111
celery,ticket,bge-large,recent,title_module_all_recent,title,module,all,0.7990914682539682,0.8342222222222222,0.74,0.5689166666666666,0.3933333333333333,0.8394166666666666,0.276,0.9386666666666666,0.1505,0.999
celery,ticket,bge-large,recent,desc_file_all_recent,desc,file,all,0.4507000188964474,0.5478035714285714,0.47,0.3388174603174603,0.2333333333333333,0.4452599206349207,0.1689999999999999,0.5231130952380952,0.1125,0.6028253968253968
celery,ticket,bge-large,recent,desc_module_all_recent,desc,module,all,0.7930420634920634,0.8343055555555555,0.715,0.5422499999999999,0.41,0.8785833333333334,0.28,0.9601666666666666,0.1505,0.999
celery,ticket,bge-large,recent,comments_file_all_recent,comments,file,all,0.375702449452003,0.4493392857142856,0.34,0.2511091269841269,0.2033333333333333,0.3932956349206349,0.1589999999999999,0.4900297619047619,0.103,0.5779503968253968
celery,ticket,bge-large,recent,comments_module_all_recent,comments,module,all,0.7708551587301586,0.7938095238095237,0.67,0.52975,0.38,0.8309166666666666,0.262,0.915,0.151,1.0
celery,ticket,bge-large,modn,title_file_w100_modn,title,file,w100,0.1580848135550516,0.218797619047619,0.15,0.0949126984126984,0.1083333333333333,0.1770714285714285,0.076,0.1984880952380952,0.0504999999999999,0.2607301587301587
celery,ticket,bge-large,modn,title_module_w100_modn,title,module,w100,0.676336111111111,0.7000535714285714,0.51,0.3686666666666667,0.39,0.8391666666666666,0.257,0.8913333333333333,0.143,0.9808333333333332
celery,ticket,bge-large,modn,desc_file_w100_modn,desc,file,w100,0.1508683106575963,0.2061150793650793,0.145,0.0890376984126984,0.1,0.1700654761904761,0.078,0.2144682539682539,0.0464999999999999,0.2403690476190476
celery,ticket,bge-large,modn,desc_module_w100_modn,desc,module,w100,0.7186357142857142,0.7423809523809524,0.61,0.4701666666666667,0.375,0.8025,0.263,0.9209166666666668,0.143,0.9808333333333332
celery,ticket,bge-large,modn,comments_file_w100_modn,comments,file,w100,0.1297554453262786,0.1757003968253968,0.12,0.0742876984126984,0.0883333333333333,0.1517876984126984,0.066,0.1930376984126984,0.04,0.2112162698412698
celery,ticket,bge-large,modn,comments_module_w100_modn,comments,module,w100,0.7184075396825398,0.7396369047619048,0.595,0.4536666666666666,0.38,0.8193333333333334,0.265,0.923,0.143,0.9808333333333332
celery,ticket,bge-large,modn,title_file_w1000_modn,title,file,w1000,0.2326319444444444,0.2880257936507936,0.18,0.1164960317460317,0.1483333333333333,0.2699087301587301,0.1159999999999999,0.3431309523809524,0.0775,0.4102142857142857
celery,ticket,bge-large,modn,title_module_w1000_modn,title,module,w1000,0.7757825396825396,0.7990535714285714,0.685,0.5369999999999999,0.3883333333333333,0.8331666666666666,0.262,0.9214166666666668,0.1445,0.9925
celery,ticket,bge-large,modn,desc_file_w1000_modn,desc,file,w1000,0.2351736221340387,0.3028650793650793,0.22,0.1382936507936508,0.1483333333333333,0.2633690476190476,0.114,0.3143373015873016,0.0725,0.3765595238095238
celery,ticket,bge-large,modn,desc_module_w1000_modn,desc,module,w1000,0.7882146825396825,0.8216369047619048,0.71,0.5536666666666666,0.3966666666666667,0.8654166666666667,0.267,0.9386666666666668,0.145,0.9975
celery,ticket,bge-large,modn,comments_file_w1000_modn,comments,file,w1000,0.2036619378306878,0.268484126984127,0.195,0.1274603174603174,0.1216666666666666,0.2178928571428571,0.0989999999999999,0.266281746031746,0.0665,0.3473928571428571
celery,ticket,bge-large,modn,comments_module_w1000_modn,comments,module,w1000,0.772553373015873,0.8033035714285716,0.675,0.5378333333333333,0.3916666666666667,0.8554166666666666,0.272,0.9559166666666666,0.145,0.9975
celery,ticket,bge-large,modn,title_file_all_modn,title,file,all,0.2813269400352733,0.3586884920634921,0.265,0.1716269841269841,0.165,0.305515873015873,0.126,0.3699702380952381,0.0844999999999999,0.4550456349206349
celery,ticket,bge-large,modn,title_module_all_modn,title,module,all,0.7620244047619047,0.7863710317460317,0.66,0.5180833333333333,0.3866666666666666,0.8394999999999999,0.262,0.9205833333333334,0.1455,1.0
celery,ticket,bge-large,modn,desc_file_all_modn,desc,file,all,0.31635319664903,0.3970873015873015,0.285,0.1866686507936508,0.1933333333333333,0.3510039682539683,0.149,0.4334900793650794,0.0925,0.5109087301587302
celery,ticket,bge-large,modn,desc_module_all_modn,desc,module,all,0.7688593253968254,0.8022619047619046,0.685,0.5386666666666666,0.3783333333333333,0.8281666666666666,0.266,0.9395,0.1455,1.0
celery,ticket,bge-large,modn,comments_file_all_modn,comments,file,all,0.3022853835978836,0.3997678571428572,0.295,0.1914186507936507,0.1816666666666666,0.3446944444444444,0.1369999999999999,0.3999603174603174,0.087,0.4883452380952381
celery,ticket,bge-large,modn,comments_module_all_modn,comments,module,all,0.7567944444444444,0.7963571428571428,0.68,0.5378333333333333,0.3666666666666666,0.8072499999999999,0.261,0.9246666666666666,0.1455,1.0
flink,commit,bge-small,recent,title_file_w100_recent,title,file,w100,0.0344227195383735,0.0845099206349206,0.05,0.0104869180527075,0.0466666666666666,0.0297536473760157,0.044,0.0466060214596205,0.035,0.0707112509158368
flink,commit,bge-small,recent,title_module_w100_recent,title,module,w100,0.4783894486961451,0.5718531746031746,0.445,0.3075674603174603,0.2533333333333333,0.4819047619047619,0.198,0.5872440476190477,0.1405,0.7607996031746032
flink,commit,bge-small,recent,desc_file_w100_recent,desc,file,w100,0.0420212765262936,0.109095238095238,0.07,0.0125459458304853,0.0583333333333333,0.03878923112706,0.0519999999999999,0.0562265460051644,0.0385,0.0841302491690456
flink,commit,bge-small,recent,desc_module_w100_recent,desc,module,w100,0.4762004180839002,0.5678214285714285,0.425,0.2902757936507936,0.2666666666666666,0.5002380952380951,0.2109999999999999,0.6208472222222222,0.144,0.775013888888889
flink,commit,bge-small,recent,diff_file_w100_recent,diff,file,w100,0.0480131157855785,0.1166488095238095,0.065,0.0137208646616541,0.0616666666666666,0.0407425299084338,0.061,0.0670197881356726,0.044,0.1006020259829647
flink,commit,bge-small,recent,diff_module_w100_recent,diff,module,w100,0.4856054941421013,0.5637996031746032,0.41,0.2865674603174603,0.2633333333333333,0.5069940476190475,0.214,0.6359305555555556,0.15,0.8052242063492063
flink,commit,bge-small,recent,title_file_w1000_recent,title,file,w1000,0.0756565872998894,0.1527480158730158,0.095,0.0354615620769839,0.0816666666666666,0.0775751429276777,0.072,0.1047503000718751,0.049,0.1303761573844971
flink,commit,bge-small,recent,title_module_w1000_recent,title,module,w1000,0.4848592261904762,0.5587440476190476,0.375,0.2747698412698413,0.2766666666666666,0.5545873015873016,0.215,0.667,0.1425,0.8094246031746032
flink,commit,bge-small,recent,desc_file_w1000_recent,desc,file,w1000,0.0734241510052268,0.151922619047619,0.105,0.0406650634775441,0.0783333333333333,0.0686548091764616,0.067,0.0928038491629629,0.0515,0.1282560511835086
flink,commit,bge-small,recent,desc_module_w1000_recent,desc,module,w1000,0.4834035052910053,0.5493869047619048,0.355,0.2604365079365079,0.2783333333333334,0.5304265873015873,0.223,0.6668333333333334,0.147,0.8293829365079365
flink,commit,bge-small,recent,diff_file_w1000_recent,diff,file,w1000,0.0812776639468381,0.1514980158730158,0.09,0.0361894328581635,0.0866666666666666,0.0846473715160828,0.075,0.1176877936498486,0.053,0.1505352062346838
flink,commit,bge-small,recent,diff_module_w1000_recent,diff,module,w1000,0.4429532123960695,0.5050357142857143,0.315,0.2264365079365079,0.2633333333333333,0.503904761904762,0.206,0.6111249999999999,0.14,0.7847876984126984
flink,commit,bge-small,recent,title_file_all_recent,title,file,all,0.0561763595793028,0.1182956349206349,0.06,0.018609753550543,0.0583333333333333,0.0665770154553049,0.053,0.1008574627857522,0.04,0.129630285239786
flink,commit,bge-small,recent,title_module_all_recent,title,module,all,0.4211448082010582,0.5179880952380952,0.315,0.2175198412698412,0.26,0.5125575396825397,0.196,0.6212003968253968,0.128,0.7526011904761905
flink,commit,bge-small,recent,desc_file_all_recent,desc,file,all,0.0687881508647656,0.1374424603174603,0.08,0.0248959235209235,0.0633333333333333,0.0776751602156013,0.06,0.112307194847636,0.048,0.152649221749183
flink,commit,bge-small,recent,desc_module_all_recent,desc,module,all,0.4204049933862434,0.5144960317460316,0.31,0.2090674603174603,0.2683333333333333,0.5317003968253968,0.201,0.634172619047619,0.1265,0.7336488095238094
flink,commit,bge-small,recent,diff_file_all_recent,diff,file,all,0.0766073402701008,0.1431230158730158,0.075,0.034795359611149,0.08,0.0866102156572357,0.061,0.1023206636522232,0.0465,0.1402412361352957
flink,commit,bge-small,recent,diff_module_all_recent,diff,module,all,0.4218755952380952,0.5117718253968254,0.33,0.2257341269841269,0.2583333333333333,0.4976051587301587,0.199,0.6105059523809524,0.128,0.7328511904761905
flink,commit,bge-small,modn,title_file_w100_modn,title,file,w100,0.0151283549783549,0.0347698412698412,0.03,0.0140378787878787,0.0133333333333333,0.0152878787878787,0.009,0.0156212121212121,0.006,0.0174267676767676
flink,commit,bge-small,modn,title_module_w100_modn,title,module,w100,0.3095925925925926,0.3455575396825396,0.2,0.1579166666666666,0.1633333333333333,0.3632142857142857,0.133,0.4775892857142857,0.0915,0.6306845238095238
flink,commit,bge-small,modn,desc_file_w100_modn,desc,file,w100,0.0135503607503607,0.024595238095238,0.015,0.0116666666666666,0.01,0.0140378787878787,0.008,0.0148257575757575,0.0065,0.017540404040404
flink,commit,bge-small,modn,desc_module_w100_modn,desc,module,w100,0.317828585600907,0.3523095238095237,0.215,0.1745833333333333,0.1566666666666666,0.35375,0.1289999999999999,0.4538392857142856,0.092,0.6319345238095238
flink,commit,bge-small,modn,diff_file_w100_modn,diff,file,w100,0.0209390151515151,0.04125,0.03,0.0187878787878787,0.015,0.0217878787878787,0.013,0.0237424242424242,0.0069999999999999,0.0239924242424242
flink,commit,bge-small,modn,diff_module_w100_modn,diff,module,w100,0.3700531226379441,0.4120793650793651,0.275,0.2212499999999999,0.18,0.4010416666666666,0.145,0.5255059523809524,0.0965,0.6580654761904762
flink,commit,bge-small,modn,title_file_w1000_modn,title,file,w1000,0.017977089775304,0.0302420634920634,0.01,0.0075,0.0133333333333333,0.0204166666666666,0.012,0.0289166666666666,0.0115,0.040698593073593
flink,commit,bge-small,modn,title_module_w1000_modn,title,module,w1000,0.3748889361300075,0.4221825396825396,0.265,0.209672619047619,0.2016666666666666,0.4617559523809523,0.144,0.535922619047619,0.0955,0.6692261904761905
flink,commit,bge-small,modn,desc_file_w1000_modn,desc,file,w1000,0.0157557118807118,0.0271666666666666,0.015,0.0071212121212121,0.0099999999999999,0.0171212121212121,0.011,0.0275757575757575,0.009,0.0321477272727272
flink,commit,bge-small,modn,desc_module_w1000_modn,desc,module,w1000,0.3972782738095237,0.4440436507936507,0.29,0.234672619047619,0.1966666666666666,0.462172619047619,0.152,0.564672619047619,0.0965,0.689345238095238
flink,commit,bge-small,modn,diff_file_w1000_modn,diff,file,w1000,0.0394926827801827,0.0577142857142857,0.035,0.0251666666666666,0.0316666666666666,0.0454090909090909,0.023,0.0479015151515151,0.0135,0.0566893939393939
flink,commit,bge-small,modn,diff_module_w1000_modn,diff,module,w1000,0.3868921957671957,0.4335674603174603,0.285,0.2329166666666666,0.1966666666666666,0.4513392857142857,0.15,0.559047619047619,0.095,0.6676785714285713
flink,commit,bge-small,modn,title_file_all_modn,title,file,all,0.134147550474587,0.2463789682539682,0.16,0.0705215583994608,0.1266666666666666,0.1432795871354308,0.109,0.1851032487679159,0.0844999999999999,0.2389475194782857
flink,commit,bge-small,modn,title_module_all_modn,title,module,all,0.4687751322751323,0.5254920634920635,0.385,0.318797619047619,0.225,0.5223392857142857,0.17,0.6273392857142857,0.106,0.7713869047619047
flink,commit,bge-small,modn,desc_file_all_modn,desc,file,all,0.1352152362599244,0.2654742063492063,0.195,0.0770928620957645,0.1283333333333333,0.1309075697479335,0.11,0.1730397724050975,0.089,0.2361687082779401
flink,commit,bge-small,modn,desc_module_all_modn,desc,module,all,0.4936671626984127,0.5515694444444444,0.395,0.3247499999999999,0.2433333333333333,0.558797619047619,0.175,0.6560892857142858,0.1125,0.8009702380952382
flink,commit,bge-small,modn,diff_file_all_modn,diff,file,all,0.1096666493907777,0.2157301587301587,0.135,0.052405570736453,0.1133333333333333,0.1022393492944963,0.102,0.1338206118786614,0.08,0.2144119664949773
flink,commit,bge-small,modn,diff_module_all_modn,diff,module,all,0.4619133597883598,0.5165297619047619,0.375,0.3014166666666666,0.225,0.5218333333333334,0.172,0.6333809523809524,0.111,0.7878452380952382
flink,commit,bge-large,recent,title_file_w100_recent,title,file,w100,0.059717772391652,0.1551865079365079,0.12,0.0314785847193741,0.075,0.0534356364395838,0.059,0.0719749221538695,0.0445,0.0920199996146784
flink,commit,bge-large,recent,title_module_w100_recent,title,module,w100,0.4885542871315192,0.5809126984126984,0.445,0.311484126984127,0.2716666666666666,0.514702380952381,0.214,0.6285615079365079,0.143,0.7626051587301587
flink,commit,bge-large,recent,desc_file_w100_recent,desc,file,w100,0.0559807380331488,0.1389484126984127,0.105,0.0270657059314954,0.0716666666666666,0.0513640274929748,0.057,0.064517977709425,0.0445,0.0914899170564594
flink,commit,bge-large,recent,desc_module_w100_recent,desc,module,w100,0.47686029462711,0.5612043650793651,0.42,0.2869424603174603,0.255,0.4807440476190476,0.215,0.6248035714285715,0.1475,0.7834861111111112
flink,commit,bge-large,recent,diff_file_w100_recent,diff,file,w100,0.051670298004005,0.1364027777777777,0.095,0.024357372598162,0.0733333333333333,0.0454202698617172,0.0559999999999999,0.0587328992613031,0.0455,0.0815860403775828
flink,commit,bge-large,recent,diff_module_w100_recent,diff,module,w100,0.4695653817082388,0.5477123015873017,0.375,0.2581507936507936,0.2733333333333334,0.5067380952380952,0.221,0.6403948412698413,0.1475,0.7941805555555556
flink,commit,bge-large,recent,title_file_w1000_recent,title,file,w1000,0.0722817385517914,0.1749365079365079,0.12,0.0378282564936783,0.09,0.0745078629853978,0.071,0.092027120688479,0.0535,0.1341838937915369
flink,commit,bge-large,recent,title_module_w1000_recent,title,module,w1000,0.5093116402116402,0.5836031746031746,0.39,0.2939365079365079,0.2983333333333333,0.5836904761904761,0.228,0.6837341269841269,0.1455,0.8135436507936507
flink,commit,bge-large,recent,desc_file_w1000_recent,desc,file,w1000,0.0729337669512863,0.1635753968253968,0.11,0.0392963023367241,0.0816666666666666,0.0624077547602896,0.079,0.0928817154401326,0.0559999999999999,0.1222667951093454
flink,commit,bge-large,recent,desc_module_w1000_recent,desc,module,w1000,0.530805009133283,0.6019960317460317,0.415,0.3139365079365079,0.3,0.5843571428571428,0.237,0.7131805555555556,0.151,0.8291051587301587
flink,commit,bge-large,recent,diff_file_w1000_recent,diff,file,w1000,0.087062761832063,0.1890178571428571,0.115,0.0395109314576032,0.1016666666666666,0.0869995400583248,0.086,0.1178736700133372,0.061,0.1566720148820944
flink,commit,bge-large,recent,diff_module_w1000_recent,diff,module,w1000,0.5190959089191232,0.5914246031746032,0.4,0.2906031746031746,0.2933333333333333,0.5683988095238095,0.235,0.7106805555555556,0.152,0.8428551587301587
flink,commit,bge-large,recent,title_file_all_recent,title,file,all,0.0709118703010757,0.1561765873015873,0.09,0.0267301587301587,0.0683333333333333,0.0838926587301587,0.064,0.1187268191925893,0.054,0.1575908511315825
flink,commit,bge-large,recent,title_module_all_recent,title,module,all,0.4716760298563869,0.5611984126984126,0.37,0.2872619047619047,0.2683333333333333,0.553593253968254,0.204,0.6566666666666667,0.127,0.749517857142857
flink,commit,bge-large,recent,desc_file_all_recent,desc,file,all,0.0809426043176492,0.1688769841269841,0.1,0.039406746031746,0.075,0.0795248334182157,0.071,0.1142253234252847,0.057,0.1614475173819988
flink,commit,bge-large,recent,desc_module_all_recent,desc,module,all,0.4621906698790627,0.5647579365079365,0.4,0.2922619047619047,0.2683333333333333,0.523688492063492,0.2019999999999999,0.6177976190476191,0.123,0.7176845238095236
flink,commit,bge-large,recent,diff_file_all_recent,diff,file,all,0.0939137065504083,0.181361111111111,0.12,0.058001093419824,0.0766666666666666,0.0896851135663442,0.065,0.11848876094236,0.0525,0.1756105330986523
flink,commit,bge-large,recent,diff_module_all_recent,diff,module,all,0.4733662887377173,0.5714821428571428,0.405,0.2889365079365079,0.2733333333333332,0.5286607142857142,0.208,0.6337083333333333,0.134,0.7741011904761905
flink,commit,bge-large,modn,title_file_w100_modn,title,file,w100,0.0204010141093474,0.0387698412698412,0.035,0.0195833333333333,0.0133333333333333,0.0205833333333333,0.009,0.0208333333333333,0.006,0.0219722222222222
flink,commit,bge-large,modn,title_module_w100_modn,title,module,w100,0.3269630102040816,0.3704126984126983,0.22,0.1658333333333333,0.175,0.3819642857142857,0.141,0.5038392857142857,0.091,0.6251488095238095
flink,commit,bge-large,modn,desc_file_w100_modn,desc,file,w100,0.0194339826839826,0.0333531746031746,0.025,0.0183333333333333,0.0116666666666666,0.0197878787878787,0.008,0.0203434343434343,0.0055,0.0221313131313131
flink,commit,bge-large,modn,desc_module_w100_modn,desc,module,w100,0.3235705191798942,0.3655178571428571,0.23,0.1820833333333333,0.1633333333333333,0.3585416666666666,0.1309999999999999,0.4605059523809524,0.091,0.6255952380952381
flink,commit,bge-large,modn,diff_file_w100_modn,diff,file,w100,0.0210650252525252,0.0384166666666666,0.025,0.0183333333333333,0.015,0.0211212121212121,0.011,0.0218257575757575,0.0075,0.0280858585858585
flink,commit,bge-large,modn,diff_module_w100_modn,diff,module,w100,0.3508318452380952,0.3908571428571429,0.245,0.1929166666666666,0.1783333333333333,0.396547619047619,0.148,0.5260119047619047,0.0954999999999999,0.6581845238095237
flink,commit,bge-large,modn,title_file_w1000_modn,title,file,w1000,0.0249795995670995,0.0410535714285714,0.025,0.0118333333333333,0.0166666666666666,0.0255833333333333,0.016,0.0371212121212121,0.0125,0.0522765151515151
flink,commit,bge-large,modn,title_module_w1000_modn,title,module,w1000,0.3780352182539682,0.4204126984126983,0.27,0.2094642857142857,0.205,0.455922619047619,0.159,0.5680059523809524,0.094,0.6611309523809524
flink,commit,bge-large,modn,desc_file_w1000_modn,desc,file,w1000,0.0273727152477152,0.0428531746031745,0.025,0.0151666666666666,0.0199999999999999,0.0336666666666666,0.014,0.0357878787878787,0.0115,0.0439013347763347
flink,commit,bge-large,modn,desc_module_w1000_modn,desc,module,w1000,0.4046845238095238,0.4496825396825397,0.32,0.2544642857142857,0.205,0.459672619047619,0.155,0.5488392857142856,0.095,0.6694642857142857
flink,commit,bge-large,modn,diff_file_w1000_modn,diff,file,w1000,0.0371695785744987,0.0610892857142857,0.035,0.0218333333333333,0.0283333333333333,0.0407275950999355,0.024,0.0495912314635718,0.0165,0.0666907985631389
flink,commit,bge-large,modn,diff_module_w1000_modn,diff,module,w1000,0.4021967592592592,0.4506448412698413,0.32,0.2498809523809523,0.2,0.4580059523809524,0.155,0.5671726190476191,0.0969999999999999,0.693720238095238
flink,commit,bge-large,modn,title_file_all_modn,title,file,all,0.1184952512310387,0.2477242063492063,0.16,0.0559203268137091,0.1216666666666666,0.1195341201840814,0.105,0.1555194771473796,0.0885,0.2451685929309768
flink,commit,bge-large,modn,title_module_all_modn,title,module,all,0.4443898809523809,0.5034960317460319,0.36,0.2930059523809524,0.22,0.4915059523809523,0.1629999999999999,0.5940059523809523,0.1009999999999999,0.7221309523809524
flink,commit,bge-large,modn,desc_file_all_modn,desc,file,all,0.138725835188311,0.2836765873015873,0.21,0.0748337531491556,0.1349999999999999,0.1335300889770704,0.115,0.1781255996755223,0.0895,0.2428705594586012
flink,commit,bge-large,modn,desc_module_all_modn,desc,module,all,0.462172123015873,0.5299285714285715,0.39,0.3045416666666666,0.2383333333333333,0.5407916666666667,0.1659999999999999,0.6251666666666668,0.1009999999999999,0.7175059523809523
flink,commit,bge-large,modn,diff_file_all_modn,diff,file,all,0.1505827482267812,0.3063293650793651,0.23,0.0807104762067997,0.1533333333333333,0.1494139270602119,0.128,0.1977073504410965,0.0939999999999999,0.2624384899668395
flink,commit,bge-large,modn,diff_module_all_modn,diff,module,all,0.4690527447089947,0.5209464285714286,0.39,0.3185416666666666,0.2316666666666666,0.5170416666666666,0.1689999999999999,0.607547619047619,0.1065,0.7575476190476189
flink,ticket,bge-small,recent,title_file_w100_recent,title,file,w100,0.0300425166528601,0.0956706349206349,0.07,0.0136047157854223,0.0466666666666666,0.0194091756648037,0.039,0.0364855413281259,0.031,0.0600886396187242
flink,ticket,bge-small,recent,title_module_w100_recent,title,module,w100,0.4211537816515495,0.5065833333333333,0.36,0.25375,0.2383333333333333,0.458595238095238,0.186,0.5768928571428572,0.119,0.7217321428571428
flink,ticket,bge-small,recent,desc_file_w100_recent,desc,file,w100,0.0431350778174939,0.1289761904761904,0.09,0.0201939711104874,0.0616666666666666,0.0391943908296572,0.049,0.0552794793522457,0.036,0.0776013048671993
flink,ticket,bge-small,recent,desc_module_w100_recent,desc,module,w100,0.4071816326530612,0.4939047619047619,0.365,0.26075,0.21,0.4014642857142857,0.187,0.5785178571428571,0.117,0.7150297619047619
flink,ticket,bge-small,recent,comments_file_w100_recent,comments,file,w100,0.0425684468849099,0.1179166666666666,0.085,0.0224329330870279,0.055,0.0360717575049471,0.05,0.0538010282342178,0.0334999999999999,0.0698373257204369
flink,ticket,bge-small,recent,comments_module_w100_recent,comments,module,w100,0.4466971726190475,0.524345238095238,0.37,0.2745892857142857,0.2366666666666666,0.4684761904761905,0.187,0.6053095238095237,0.128,0.7876964285714285
flink,ticket,bge-small,recent,title_file_w1000_recent,title,file,w1000,0.0807828475067933,0.1884444444444444,0.125,0.0360374209124209,0.1033333333333333,0.0783357163669663,0.085,0.113549114080364,0.063,0.1533681730185019
flink,ticket,bge-small,recent,title_module_w1000_recent,title,module,w1000,0.4801872354497354,0.5682857142857142,0.425,0.2856309523809524,0.2683333333333333,0.5488809523809525,0.194,0.6299702380952381,0.1265,0.7756428571428572
flink,ticket,bge-small,recent,desc_file_w1000_recent,desc,file,w1000,0.0902977705611957,0.1919603174603174,0.13,0.0456239316239316,0.0916666666666666,0.0869383012820512,0.086,0.1090254828257333,0.0715,0.154846913745338
flink,ticket,bge-small,recent,desc_module_w1000_recent,desc,module,w1000,0.4802856198034769,0.5614642857142857,0.43,0.303172619047619,0.2583333333333333,0.5322142857142856,0.186,0.6106369047619047,0.126,0.7776488095238093
flink,ticket,bge-small,recent,comments_file_w1000_recent,comments,file,w1000,0.1008038834070412,0.2003769841269841,0.135,0.0531509081196581,0.1116666666666666,0.0925808443749233,0.095,0.1189747229378808,0.0745,0.1769936380505459
flink,ticket,bge-small,recent,comments_module_w1000_recent,comments,module,w1000,0.5001597883597884,0.5862242063492064,0.455,0.3258809523809523,0.2583333333333333,0.5452619047619048,0.195,0.6542261904761904,0.1285,0.7989821428571429
flink,ticket,bge-small,recent,title_file_all_recent,title,file,all,0.0954451458619887,0.2023511904761904,0.145,0.0399398448773448,0.1066666666666666,0.0813203463203463,0.094,0.1246939033189033,0.077,0.1824416664228379
flink,ticket,bge-small,recent,title_module_all_recent,title,module,all,0.4155464758125473,0.5131845238095238,0.34,0.2327559523809524,0.2416666666666666,0.504797619047619,0.178,0.6050059523809524,0.113,0.7175238095238095
flink,ticket,bge-small,recent,desc_file_all_recent,desc,file,all,0.1131980771984749,0.224486111111111,0.13,0.0391765873015873,0.1266666666666666,0.1068836133647849,0.1229999999999999,0.1587702836142056,0.095,0.2130891730811904
flink,ticket,bge-small,recent,desc_module_all_recent,desc,module,all,0.4472151832955404,0.5526269841269841,0.41,0.2933392857142857,0.2333333333333333,0.4867559523809524,0.184,0.5965119047619047,0.115,0.7282738095238096
flink,ticket,bge-small,recent,comments_file_all_recent,comments,file,all,0.1261896753697662,0.2713630952380952,0.18,0.0453645299145299,0.1566666666666666,0.1193759009265588,0.1339999999999999,0.1734407779355147,0.1015,0.2467913178926336
flink,ticket,bge-small,recent,comments_module_all_recent,comments,module,all,0.4145770833333333,0.5112976190476191,0.37,0.2668809523809524,0.2183333333333333,0.4587559523809523,0.1639999999999999,0.5594702380952381,0.1135,0.7113214285714287
flink,ticket,bge-small,modn,title_file_w100_modn,title,file,w100,0.00794508594399,0.03175,0.02,0.0026711036311709,0.0166666666666666,0.005332765799412,0.017,0.0104066472083607,0.0125,0.01476541398284
flink,ticket,bge-small,modn,title_module_w100_modn,title,module,w100,0.3045980231959398,0.3868948412698412,0.23,0.1357974941724941,0.2,0.3597697163947164,0.161,0.449761655011655,0.111,0.5859773698523699
flink,ticket,bge-small,modn,desc_file_w100_modn,desc,file,w100,0.0115521833195336,0.0388472222222222,0.02,0.0034688030560271,0.0249999999999999,0.0107196497270084,0.022,0.0156732303840775,0.0145,0.0194975818390741
flink,ticket,bge-small,modn,desc_module_w100_modn,desc,module,w100,0.3052963656713656,0.3973075396825396,0.245,0.1454128787878787,0.1983333333333333,0.355811383061383,0.1669999999999999,0.478511655011655,0.1145,0.6041162587412586
flink,ticket,bge-small,modn,comments_file_w100_modn,comments,file,w100,0.0132233310141582,0.0455059523809523,0.035,0.0061039381911622,0.025,0.0110188461446259,0.02,0.0146532161605749,0.0135,0.0195333841192312
flink,ticket,bge-small,modn,comments_module_w100_modn,comments,module,w100,0.2877434090600757,0.3803710317460317,0.245,0.1351030497280497,0.1983333333333333,0.3163689782439782,0.1589999999999999,0.4191013014763015,0.11,0.5706162587412587
flink,ticket,bge-small,modn,title_file_w1000_modn,title,file,w1000,0.0298466921702278,0.091547619047619,0.065,0.0205308255364706,0.045,0.0304937710478354,0.032,0.0344148746790064,0.0215,0.0443895497387487
flink,ticket,bge-small,modn,title_module_w1000_modn,title,module,w1000,0.3321703695995363,0.4136845238095237,0.255,0.1674267676767677,0.21,0.372511655011655,0.172,0.4892038655788655,0.1155,0.6135403069153069
flink,ticket,bge-small,modn,desc_file_w1000_modn,desc,file,w1000,0.032723422679218,0.1103115079365079,0.065,0.0142093081649533,0.06,0.0377116317666299,0.045,0.0483180610852833,0.0339999999999999,0.0646866556486148
flink,ticket,bge-small,modn,desc_module_w1000_modn,desc,module,w1000,0.394583042073667,0.4872480158730158,0.35,0.2448151709401709,0.2316666666666666,0.4147333916083916,0.182,0.518128108003108,0.12,0.6437428127428128
flink,ticket,bge-small,modn,comments_file_w1000_modn,comments,file,w1000,0.0360334715171318,0.1089027777777777,0.07,0.0184715181771633,0.0549999999999999,0.0424343173934509,0.043,0.0482224963197877,0.032,0.0611779100323564
flink,ticket,bge-small,modn,comments_module_w1000_modn,comments,module,w1000,0.3875387997419247,0.4855714285714285,0.35,0.2321485042735042,0.225,0.4075667249417249,0.1779999999999999,0.5066243201243202,0.121,0.6588859751359751
flink,ticket,bge-small,modn,title_file_all_modn,title,file,all,0.0675368351637231,0.2066785714285714,0.145,0.0251212729248757,0.11,0.0619463522523564,0.089,0.0849789064639724,0.076,0.1482078192300705
flink,ticket,bge-small,modn,title_module_all_modn,title,module,all,0.4232729007104007,0.5173353174603175,0.355,0.2711767676767677,0.2366666666666666,0.4943310994560994,0.177,0.5774796037296037,0.1165,0.7024730963480963
flink,ticket,bge-small,modn,desc_file_all_modn,desc,file,all,0.0859997508879482,0.2328809523809523,0.15,0.0281786297430298,0.1233333333333333,0.0845585062230207,0.1079999999999999,0.1129005177901467,0.0885,0.1757847439159455
flink,ticket,bge-small,modn,desc_module_all_modn,desc,module,all,0.4725648681565348,0.5866765873015872,0.43,0.3146805555555556,0.2633333333333333,0.5484182206682207,0.187,0.6186596736596737,0.121,0.7470324397824399
flink,ticket,bge-small,modn,comments_file_all_modn,comments,file,all,0.0856190366729849,0.2474246031746032,0.165,0.0331863790353717,0.13,0.0808003415340411,0.108,0.1050376746447329,0.092,0.1734121816211085
flink,ticket,bge-small,modn,comments_module_all_modn,comments,module,all,0.4881097548285048,0.5908571428571429,0.445,0.3348472222222222,0.2633333333333333,0.5427970085470085,0.19,0.6274038461538461,0.121,0.7369150155400156
flink,ticket,bge-large,recent,title_file_w100_recent,title,file,w100,0.0345570187662579,0.0815277777777777,0.05,0.0137072649572649,0.045,0.0314662316849816,0.038,0.0438804712799278,0.0305,0.0753307917927483
flink,ticket,bge-large,recent,title_module_w100_recent,title,module,w100,0.4267685185185185,0.513922619047619,0.375,0.2582916666666666,0.2416666666666666,0.4595119047619047,0.183,0.5715595238095239,0.1175,0.7274047619047619
flink,ticket,bge-large,recent,desc_file_w100_recent,desc,file,w100,0.04658502160316,0.1326170634920634,0.09,0.0252109293962742,0.065,0.0452420004564401,0.052,0.054965267829164,0.0365,0.0803782441920619
flink,ticket,bge-large,recent,desc_module_w100_recent,desc,module,w100,0.3846483134920635,0.4552321428571428,0.29,0.2095416666666666,0.215,0.4179285714285714,0.177,0.5470178571428571,0.12,0.7275297619047619
flink,ticket,bge-large,recent,comments_file_w100_recent,comments,file,w100,0.0459984529598753,0.1244424603174603,0.085,0.0182564102564102,0.0699999999999999,0.0515622065913014,0.05,0.0551225698391646,0.035,0.0786773241126689
flink,ticket,bge-large,recent,comments_module_w100_recent,comments,module,w100,0.4374053571428571,0.5165912698412698,0.355,0.2562559523809524,0.2316666666666667,0.4678511904761905,0.19,0.6098928571428571,0.1265,0.7806607142857144
flink,ticket,bge-large,recent,title_file_w1000_recent,title,file,w1000,0.1002415825662894,0.1987420634920634,0.145,0.0534064685314685,0.1083333333333333,0.1016317649820939,0.0819999999999999,0.1158163165416454,0.0655,0.1747259473831057
flink,ticket,bge-large,recent,title_module_w1000_recent,title,module,w1000,0.4895629180839002,0.5687876984126984,0.435,0.3114642857142857,0.2616666666666666,0.5314226190476191,0.196,0.6368869047619048,0.128,0.7757797619047619
flink,ticket,bge-large,recent,desc_file_w1000_recent,desc,file,w1000,0.1182803381584133,0.2289623015873015,0.17,0.0720506993006993,0.11,0.1169706097017812,0.1,0.1435755672442388,0.075,0.1807174494596237
flink,ticket,bge-large,recent,desc_module_w1000_recent,desc,module,w1000,0.5297194727891156,0.6114126984126984,0.495,0.3619226190476191,0.2716666666666666,0.5530892857142856,0.197,0.6549702380952381,0.128,0.7948154761904762
flink,ticket,bge-large,recent,comments_file_w1000_recent,comments,file,w1000,0.1122163022496677,0.2236210317460317,0.15,0.0523893086080586,0.125,0.1148599664224664,0.105,0.1497835289710289,0.0725,0.1940060518542256
flink,ticket,bge-large,recent,comments_module_w1000_recent,comments,module,w1000,0.536318287037037,0.6233690476190477,0.495,0.3608809523809524,0.28,0.5768095238095239,0.207,0.6816845238095237,0.1315,0.8121011904761904
flink,ticket,bge-large,recent,title_file_all_recent,title,file,all,0.1177951795453238,0.2304563492063492,0.165,0.0540331795397584,0.12,0.104437571200729,0.107,0.1485017722526806,0.0889999999999999,0.2267206602595696
flink,ticket,bge-large,recent,title_module_all_recent,title,module,all,0.4239084325396826,0.520984126984127,0.345,0.2427559523809523,0.2466666666666666,0.5095892857142857,0.178,0.5998869047619046,0.1165,0.7325654761904761
flink,ticket,bge-large,recent,desc_file_all_recent,desc,file,all,0.1191300450543655,0.2367023809523809,0.14,0.0384922438672438,0.1333333333333333,0.1217485509738799,0.12,0.1686990740371534,0.094,0.234921641928565
flink,ticket,bge-large,recent,desc_module_all_recent,desc,module,all,0.4481932539682539,0.5561329365079365,0.41,0.2873392857142857,0.24,0.4962559523809524,0.185,0.6020535714285714,0.1185,0.7351011904761904
flink,ticket,bge-large,recent,comments_file_all_recent,comments,file,all,0.1383288444098767,0.2873015873015873,0.185,0.0404514973330762,0.1683333333333333,0.1402644998276577,0.147,0.1865826582773951,0.1195,0.2851476231967054
flink,ticket,bge-large,recent,comments_module_all_recent,comments,module,all,0.4556818121693121,0.5701805555555556,0.435,0.3052559523809524,0.24,0.4893035714285714,0.178,0.5935535714285715,0.119,0.7478571428571428
flink,ticket,bge-large,modn,title_file_w100_modn,title,file,w100,0.0091995921298777,0.0402638888888888,0.02,0.0010850821257946,0.0216666666666666,0.0076634109607023,0.0199999999999999,0.0178175688183486,0.012,0.0197443364951162
flink,ticket,bge-large,modn,title_module_w100_modn,title,module,w100,0.3098318392255892,0.3955357142857143,0.23,0.1404128787878787,0.2033333333333333,0.3590810994560994,0.1599999999999999,0.4599005439005439,0.1135,0.6070324397824397
flink,ticket,bge-large,modn,desc_file_w100_modn,desc,file,w100,0.0134797634884333,0.0510138888888888,0.035,0.0042479609136733,0.0283333333333333,0.0127382571671275,0.024,0.016624041387979,0.0165,0.0219486033322008
flink,ticket,bge-large,modn,desc_module_w100_modn,desc,module,w100,0.3200356564731564,0.4215198412698412,0.29,0.1712141608391608,0.2033333333333333,0.359700271950272,0.161,0.4494838772338772,0.114,0.5987092074592074
flink,ticket,bge-large,modn,comments_file_w100_modn,comments,file,w100,0.0107122047908303,0.0489999999999999,0.03,0.0022944143816384,0.0266666666666666,0.0100638854076884,0.021,0.0173138854076884,0.014,0.0213076897299811
flink,ticket,bge-large,modn,comments_module_w100_modn,comments,module,w100,0.2877639483201983,0.3676428571428571,0.21,0.1230795454545454,0.2066666666666666,0.3404977661227661,0.159,0.4152493201243202,0.1105,0.5643208041958041
flink,ticket,bge-large,modn,title_file_w1000_modn,title,file,w1000,0.0351084551929768,0.0934365079365079,0.065,0.0226098030189365,0.0483333333333333,0.0386057087261325,0.04,0.0457116821386849,0.0265,0.0501603117254724
flink,ticket,bge-large,modn,title_module_w1000_modn,title,module,w1000,0.350303980972731,0.4335218253968254,0.29,0.2001351010101009,0.2183333333333333,0.395386655011655,0.1629999999999999,0.4754763014763014,0.1095,0.5841279137529137
flink,ticket,bge-large,modn,desc_file_w1000_modn,desc,file,w1000,0.0319214279505038,0.1115694444444444,0.075,0.0199736826793278,0.0533333333333333,0.0342660372047711,0.043,0.0394187644047897,0.0295,0.051047486489157
flink,ticket,bge-large,modn,desc_module_w1000_modn,desc,module,w1000,0.3885625035843786,0.4796666666666667,0.34,0.2356485042735042,0.2266666666666666,0.4213033216783216,0.178,0.5067775835275835,0.1205,0.635110236985237
flink,ticket,bge-large,modn,comments_file_w1000_modn,comments,file,w1000,0.0393743029655486,0.1281031746031746,0.09,0.0242045113744422,0.0616666666666666,0.0436990892163115,0.046,0.0491554289292301,0.0295,0.0578690732744534
flink,ticket,bge-large,modn,comments_module_w1000_modn,comments,module,w1000,0.4035410542004293,0.4918452380952381,0.37,0.2643985042735043,0.2233333333333333,0.4104283216783216,0.176,0.5044063714063715,0.121,0.6541973581973582
flink,ticket,bge-large,modn,title_file_all_modn,title,file,all,0.0677065259540081,0.1995654761904761,0.12,0.0247795868331896,0.105,0.0695084091499396,0.09,0.0897302900123484,0.072,0.1433825376820446
flink,ticket,bge-large,modn,title_module_all_modn,title,module,all,0.442578677649511,0.5521765873015874,0.405,0.2979722222222222,0.245,0.5105298174048174,0.175,0.5862157148407148,0.1135,0.6880846930846931
flink,ticket,bge-large,modn,desc_file_all_modn,desc,file,all,0.0888719356472666,0.2378869047619047,0.155,0.0327698556495862,0.1399999999999999,0.0835737208256727,0.126,0.1154608237748466,0.098,0.1704425187546933
flink,ticket,bge-large,modn,desc_module_all_modn,desc,module,all,0.4850105424667925,0.5917896825396824,0.445,0.3355517676767677,0.2616666666666667,0.5384977661227661,0.188,0.6186008158508158,0.1205,0.730949592074592
flink,ticket,bge-large,modn,comments_file_all_modn,comments,file,all,0.091923467625345,0.2549186507936508,0.145,0.0261076327824448,0.1566666666666666,0.0956023195471162,0.135,0.1204374073109218,0.111,0.1995440942668649
flink,ticket,bge-large,modn,comments_module_all_modn,comments,module,all,0.4865373686498687,0.5978492063492064,0.46,0.3281485042735043,0.2733333333333334,0.5521682206682207,0.193,0.614493006993007,0.123,0.7350741064491063
hadoop,commit,bge-small,recent,title_file_w100_recent,title,file,w100,0.0654250912777698,0.1060912698412698,0.075,0.0405891608391608,0.0466666666666666,0.064999725370415,0.043,0.0863667946038635,0.0345,0.1204870452823039
hadoop,commit,bge-small,recent,title_module_w100_recent,title,module,w100,0.6262627976190477,0.6449325396825398,0.475,0.4104642857142857,0.2916666666666666,0.7183095238095238,0.223,0.8831071428571429,0.129,0.97125
hadoop,commit,bge-small,recent,desc_file_w100_recent,desc,file,w100,0.0727581528237316,0.1143591269841269,0.07,0.0399962121212121,0.0566666666666666,0.0856567766524663,0.049,0.114372896739276,0.035,0.1301014378341964
hadoop,commit,bge-small,recent,desc_module_w100_recent,desc,module,w100,0.6554444444444445,0.6743988095238095,0.51,0.4454642857142856,0.3066666666666666,0.7524761904761905,0.226,0.8962738095238094,0.129,0.97125
hadoop,commit,bge-small,recent,diff_file_w100_recent,diff,file,w100,0.0839928004706022,0.1410178571428571,0.095,0.0455575951825951,0.0683333333333333,0.1001769786726683,0.051,0.1233686232350025,0.038,0.1627601679929266
hadoop,commit,bge-small,recent,diff_module_w100_recent,diff,module,w100,0.6441945861678005,0.6615734126984126,0.505,0.4371309523809523,0.2983333333333333,0.7216428571428571,0.227,0.8954404761904762,0.1275,0.964702380952381
hadoop,commit,bge-small,recent,title_file_w1000_recent,title,file,w1000,0.1098018772320393,0.1795853174603174,0.11,0.0529469696969697,0.095,0.1206999973206869,0.083,0.162084823701203,0.06,0.2063252695580281
hadoop,commit,bge-small,recent,title_module_w1000_recent,title,module,w1000,0.6908710931594859,0.7208293650793651,0.57,0.4929642857142857,0.305,0.7655119047619049,0.215,0.8647261904761905,0.128,0.9812023809523808
hadoop,commit,bge-small,recent,desc_file_w1000_recent,desc,file,w1000,0.1254943796864055,0.2077123015873015,0.14,0.0743693834900731,0.0983333333333333,0.1256310385017282,0.087,0.171329606695986,0.0655,0.2148840816750299
hadoop,commit,bge-small,recent,desc_module_w1000_recent,desc,module,w1000,0.7090829554043839,0.7307678571428572,0.575,0.5029642857142858,0.3166666666666666,0.7896785714285715,0.216,0.8652738095238095,0.1275,0.9787023809523808
hadoop,commit,bge-small,recent,diff_file_w1000_recent,diff,file,w1000,0.1427080342473276,0.2271706349206349,0.165,0.0919527168234064,0.11,0.1444384729255418,0.094,0.1887073776319466,0.0689999999999999,0.2301074457152043
hadoop,commit,bge-small,recent,diff_module_w1000_recent,diff,module,w1000,0.7261424461451247,0.7423789682539683,0.59,0.5219642857142857,0.33,0.8180119047619047,0.22,0.8746071428571427,0.129,0.9792857142857144
hadoop,commit,bge-small,recent,title_file_all_recent,title,file,all,0.1524716826503105,0.2419007936507936,0.15,0.0795010475635475,0.1316666666666666,0.1715702422577422,0.103,0.2082090617715618,0.075,0.267404258337448
hadoop,commit,bge-small,recent,title_module_all_recent,title,module,all,0.5554664682539683,0.6083710317460317,0.485,0.4161309523809523,0.23,0.5886309523809524,0.166,0.6989642857142857,0.108,0.8847261904761905
hadoop,commit,bge-small,recent,desc_file_all_recent,desc,file,all,0.1560428544387673,0.2498650793650793,0.16,0.0777788253413253,0.1316666666666666,0.1821732116064012,0.103,0.2130442739731532,0.0754999999999999,0.2693469145796732
hadoop,commit,bge-small,recent,desc_module_all_recent,desc,module,all,0.6087805272108844,0.6531646825396825,0.51,0.4441666666666666,0.2616666666666666,0.6751785714285714,0.192,0.8125952380952381,0.116,0.9318095238095238
hadoop,commit,bge-small,recent,diff_file_all_recent,diff,file,all,0.150545667857275,0.2352202380952381,0.17,0.0856272200022199,0.1116666666666666,0.1478612776112776,0.101,0.210116113053613,0.0725,0.2570662948162948
hadoop,commit,bge-small,recent,diff_module_all_recent,diff,module,all,0.6179556878306878,0.6560019841269841,0.495,0.44,0.28,0.7170119047619048,0.19,0.8086785714285715,0.112,0.9081785714285716
hadoop,commit,bge-small,modn,title_file_w100_modn,title,file,w100,0.0131306022408963,0.0335833333333333,0.025,0.0077182539682539,0.015,0.0155753968253968,0.011,0.0212003968253968,0.006,0.0214945144724556
hadoop,commit,bge-small,modn,title_module_w100_modn,title,module,w100,0.4514428736772487,0.4803432539682539,0.37,0.3283333333333333,0.1833333333333333,0.4484027777777777,0.133,0.5195833333333333,0.1064999999999999,0.8366666666666666
hadoop,commit,bge-small,modn,desc_file_w100_modn,desc,file,w100,0.0132576884920634,0.0295833333333333,0.02,0.0074404761904761,0.0149999999999999,0.0202182539682539,0.009,0.0202182539682539,0.0055,0.0212003968253968
hadoop,commit,bge-small,modn,desc_module_w100_modn,desc,module,w100,0.4183433366402116,0.4447619047619048,0.33,0.2920833333333333,0.165,0.4099305555555556,0.129,0.5045833333333333,0.1015,0.791875
hadoop,commit,bge-small,modn,diff_file_w100_modn,diff,file,w100,0.0195722893323996,0.040922619047619,0.035,0.0177182539682539,0.0133333333333333,0.0185515873015873,0.011,0.0215123716153127,0.007,0.0234945144724556
hadoop,commit,bge-small,modn,diff_module_w100_modn,diff,module,w100,0.4112138723544973,0.4436369047619047,0.31,0.2657638888888888,0.1766666666666666,0.4303472222222222,0.132,0.5158333333333333,0.108,0.856875
hadoop,commit,bge-small,modn,title_file_w1000_modn,title,file,w1000,0.0591497106536269,0.1531845238095238,0.115,0.0338121302857611,0.0816666666666666,0.0622711363490851,0.057,0.069862873043763,0.036,0.0928688254247154
hadoop,commit,bge-small,modn,title_module_w1000_modn,title,module,w1000,0.805170634920635,0.835234126984127,0.77,0.7072916666666665,0.325,0.85,0.207,0.8827777777777777,0.1125,0.9113194444444443
hadoop,commit,bge-small,modn,desc_file_w1000_modn,desc,file,w1000,0.057297419740883,0.1424761904761904,0.11,0.0313992514978823,0.0666666666666666,0.0601358045830662,0.05,0.0730575329235252,0.0395,0.1025996313834625
hadoop,commit,bge-small,modn,desc_module_w1000_modn,desc,module,w1000,0.7589295634920634,0.7932202380952381,0.71,0.6389583333333334,0.315,0.82375,0.2019999999999999,0.8677777777777778,0.1135,0.9154861111111112
hadoop,commit,bge-small,modn,diff_file_w1000_modn,diff,file,w1000,0.0612112566004117,0.1438809523809524,0.105,0.0349232413968722,0.0716666666666666,0.0689033752476957,0.054,0.0862770383493,0.0385,0.1084222907502395
hadoop,commit,bge-small,modn,diff_module_w1000_modn,diff,module,w1000,0.7426598324514991,0.7791428571428571,0.69,0.6189583333333334,0.3166666666666666,0.8266666666666665,0.204,0.8752777777777777,0.113,0.9129861111111112
hadoop,commit,bge-small,modn,title_file_all_modn,title,file,all,0.1865949985062376,0.3586468253968254,0.245,0.0847686847466259,0.195,0.1890297529408837,0.161,0.2327652077107162,0.118,0.3275826616333602
hadoop,commit,bge-small,modn,title_module_all_modn,title,module,all,0.8364520502645502,0.8831865079365079,0.815,0.7435416666666665,0.3316666666666666,0.8780555555555556,0.213,0.9177777777777776,0.114,0.958125
hadoop,commit,bge-small,modn,desc_file_all_modn,desc,file,all,0.1875599748453564,0.3680912698412698,0.275,0.0975023448773448,0.195,0.1723163190094298,0.154,0.2120711656939492,0.1119999999999999,0.3129234985830574
hadoop,commit,bge-small,modn,desc_module_all_modn,desc,module,all,0.828025462962963,0.8770694444444445,0.815,0.7327083333333334,0.3283333333333333,0.8649305555555554,0.21,0.9061111111111112,0.114,0.9525
hadoop,commit,bge-small,modn,diff_file_all_modn,diff,file,all,0.1907846415130914,0.3592837301587301,0.255,0.0878618675231578,0.1916666666666666,0.1811953529375256,0.159,0.2423092205031246,0.119,0.33002405616332
hadoop,commit,bge-small,modn,diff_module_all_modn,diff,module,all,0.8144910714285714,0.8620694444444444,0.805,0.7339583333333334,0.315,0.8272222222222222,0.208,0.8959722222222222,0.1105,0.9356944444444444
hadoop,commit,bge-large,recent,title_file_w100_recent,title,file,w100,0.077208443987898,0.1336388888888889,0.09,0.0463771645021645,0.055,0.0886708707958708,0.049,0.1091363595695492,0.0355,0.1442426161003747
hadoop,commit,bge-large,recent,title_module_w100_recent,title,module,w100,0.6573492063492062,0.6777103174603175,0.54,0.4692142857142856,0.2933333333333333,0.7249761904761904,0.2189999999999999,0.8681904761904761,0.1275,0.9641666666666668
hadoop,commit,bge-large,recent,desc_file_w100_recent,desc,file,w100,0.0900012883066847,0.1588452380952381,0.11,0.0542895576645576,0.0666666666666666,0.0993711427461427,0.055,0.1247127484584381,0.04,0.1522881264606536
hadoop,commit,bge-large,recent,desc_module_w100_recent,desc,module,w100,0.6667787698412698,0.6931369047619047,0.555,0.4771309523809524,0.3033333333333333,0.7483095238095236,0.221,0.8790238095238095,0.1275,0.9675
hadoop,commit,bge-large,recent,diff_file_w100_recent,diff,file,w100,0.0963874970751672,0.1637579365079365,0.11,0.05368272005772,0.0816666666666666,0.1121737972276765,0.0579999999999999,0.1313521189059982,0.0415,0.1650960477060749
hadoop,commit,bge-large,recent,diff_module_w100_recent,diff,module,w100,0.6473224206349206,0.6711547619047619,0.525,0.451297619047619,0.2866666666666667,0.7023095238095237,0.216,0.8565238095238095,0.128,0.9691666666666668
hadoop,commit,bge-large,recent,title_file_w1000_recent,title,file,w1000,0.1290222901234036,0.2115198412698412,0.15,0.0778737373737373,0.1016666666666666,0.1223413559620456,0.088,0.1820428754674444,0.0625,0.2240511588507278
hadoop,commit,bge-large,recent,title_module_w1000_recent,title,module,w1000,0.6584242394179894,0.6847361111111111,0.56,0.4904166666666667,0.285,0.7057619047619048,0.207,0.8325238095238094,0.128,0.9812023809523808
hadoop,commit,bge-large,recent,desc_file_w1000_recent,desc,file,w1000,0.1373674796467899,0.2257519841269841,0.145,0.0753257575757575,0.115,0.1531523574605471,0.091,0.1846922509961303,0.0684999999999999,0.2410991345818932
hadoop,commit,bge-large,recent,desc_module_w1000_recent,desc,module,w1000,0.6939817649281934,0.7247896825396825,0.595,0.52625,0.3166666666666666,0.7938452380952381,0.209,0.8437738095238094,0.1275,0.9787023809523808
hadoop,commit,bge-large,recent,diff_file_w1000_recent,diff,file,w1000,0.1534438443049075,0.2512738095238095,0.18,0.0914090909090909,0.1316666666666666,0.1692087553251346,0.1039999999999999,0.2096557001427691,0.071,0.2521842508545094
hadoop,commit,bge-large,recent,diff_module_w1000_recent,diff,module,w1000,0.6761612103174603,0.7003313492063492,0.555,0.48875,0.3,0.7567619047619047,0.215,0.8712738095238095,0.128,0.9812023809523808
hadoop,commit,bge-large,recent,title_file_all_recent,title,file,all,0.1779807332899645,0.2635952380952381,0.17,0.1052004523254523,0.1316666666666666,0.1915373237873238,0.106,0.237930056055056,0.075,0.2834391458637148
hadoop,commit,bge-large,recent,title_module_all_recent,title,module,all,0.5464166666666667,0.5955436507936508,0.49,0.4248809523809524,0.23,0.5879642857142857,0.16,0.6715952380952381,0.0975,0.7920595238095238
hadoop,commit,bge-large,recent,desc_file_all_recent,desc,file,all,0.1890109864457822,0.2893015873015873,0.195,0.1139631687756687,0.1466666666666666,0.2063807083720876,0.121,0.2440169777540467,0.0834999999999999,0.2905867135737826
hadoop,commit,bge-large,recent,desc_module_all_recent,desc,module,all,0.6301521825396825,0.6682400793650793,0.54,0.48125,0.2633333333333333,0.6670119047619048,0.187,0.7890952380952381,0.114,0.9150238095238096
hadoop,commit,bge-large,recent,diff_file_all_recent,diff,file,all,0.1760377900982888,0.2812599206349206,0.2,0.1014195179820179,0.1399999999999999,0.1917268830307623,0.104,0.2183375640164433,0.079,0.2911472086342776
hadoop,commit,bge-large,recent,diff_module_all_recent,diff,module,all,0.616817791005291,0.6578809523809522,0.515,0.4485,0.2766666666666666,0.7095119047619047,0.185,0.7907619047619048,0.111,0.9008095238095236
hadoop,commit,bge-large,modn,title_file_w100_modn,title,file,w100,0.0186183862433862,0.0330833333333333,0.025,0.0161904761904761,0.0149999999999999,0.0202182539682539,0.011,0.0215753968253968,0.0055,0.0215753968253968
hadoop,commit,bge-large,modn,title_module_w100_modn,title,module,w100,0.4167982528659611,0.4467619047619047,0.315,0.2738888888888888,0.1783333333333333,0.4315972222222222,0.13,0.5120833333333333,0.1055,0.8147222222222221
hadoop,commit,bge-large,modn,desc_file_w100_modn,desc,file,w100,0.0197623949579831,0.0369642857142857,0.025,0.0170833333333333,0.015,0.0202182539682539,0.012,0.0216373716153127,0.0075,0.0275500700280112
hadoop,commit,bge-large,modn,desc_module_w100_modn,desc,module,w100,0.4240486937830688,0.4516984126984127,0.32,0.2751388888888889,0.17,0.4149305555555556,0.141,0.5570833333333333,0.1085,0.85125
hadoop,commit,bge-large,modn,diff_file_w100_modn,diff,file,w100,0.0195102821221081,0.0409305555555555,0.035,0.0177182539682539,0.0149999999999999,0.0202182539682539,0.01,0.0205753968253968,0.0075,0.0231056255835667
hadoop,commit,bge-large,modn,diff_module_w100_modn,diff,module,w100,0.4893701774691358,0.5124960317460318,0.34,0.2957638888888889,0.205,0.5136805555555555,0.184,0.7539583333333333,0.1165,0.9197222222222224
hadoop,commit,bge-large,modn,title_file_w1000_modn,title,file,w1000,0.0606415034865903,0.1432678571428571,0.105,0.0379371302857611,0.0716666666666666,0.0618249438751467,0.059,0.0809356311325058,0.039,0.0964025205233082
hadoop,commit,bge-large,modn,title_module_w1000_modn,title,module,w1000,0.7981737213403879,0.8275198412698412,0.76,0.6947916666666666,0.325,0.85,0.206,0.8746527777777777,0.1155,0.9235416666666666
hadoop,commit,bge-large,modn,desc_file_w1000_modn,desc,file,w1000,0.0601479361574328,0.1437559523809523,0.105,0.0356037969524277,0.075,0.0650374332187102,0.057,0.0784367095959277,0.0395,0.1021663383692872
hadoop,commit,bge-large,modn,desc_module_w1000_modn,desc,module,w1000,0.7716776895943562,0.7982222222222223,0.715,0.6527083333333334,0.3216666666666667,0.84125,0.205,0.8734027777777778,0.115,0.9185416666666666
hadoop,commit,bge-large,modn,diff_file_w1000_modn,diff,file,w1000,0.058048417466933,0.1333234126984127,0.095,0.0351593525079833,0.07,0.0598601913074529,0.0539999999999999,0.0741493719335901,0.0395,0.1015889854601601
hadoop,commit,bge-large,modn,diff_module_w1000_modn,diff,module,w1000,0.7901148589065256,0.8152083333333333,0.74,0.6810416666666668,0.3233333333333333,0.8455555555555556,0.21,0.8875694444444444,0.115,0.9185416666666666
hadoop,commit,bge-large,modn,title_file_all_modn,title,file,all,0.1644563085607212,0.3230694444444444,0.19,0.0615421086407394,0.185,0.1706618228186432,0.152,0.2244039075949462,0.1105,0.3143750622699218
hadoop,commit,bge-large,modn,title_module_all_modn,title,module,all,0.8231100363756613,0.8689761904761905,0.8,0.7322916666666667,0.3216666666666667,0.8480555555555556,0.212,0.9127777777777776,0.1125,0.9463194444444444
hadoop,commit,bge-large,modn,desc_file_all_modn,desc,file,all,0.1846126599780408,0.3603015873015873,0.23,0.0818040382819794,0.1883333333333333,0.1847275001485521,0.154,0.2414938151384979,0.1165,0.3388238556285606
hadoop,commit,bge-large,modn,desc_module_all_modn,desc,module,all,0.8168592647707231,0.8606785714285714,0.79,0.7114583333333334,0.3266666666666667,0.8505555555555554,0.212,0.9077777777777776,0.1155,0.9542361111111112
hadoop,commit,bge-large,modn,diff_file_all_modn,diff,file,all,0.1877833223434896,0.3587619047619047,0.22,0.0785002615988924,0.2066666666666666,0.2077903448346436,0.171,0.2673844315898612,0.1165,0.338507151723147
hadoop,commit,bge-large,modn,diff_module_all_modn,diff,module,all,0.7893470568783069,0.8339365079365081,0.755,0.6764583333333334,0.3266666666666667,0.8518055555555555,0.209,0.8938888888888888,0.1135,0.940625
hadoop,ticket,bge-small,recent,title_file_w100_recent,title,file,w100,0.0557342018747298,0.1390456349206349,0.095,0.0313917555874077,0.0733333333333333,0.0605932075171205,0.052,0.0699749993364123,0.0405,0.1008622259383129
hadoop,ticket,bge-small,recent,title_module_w100_recent,title,module,w100,0.9325,0.945,0.945,0.9283333333333336,0.3183333333333333,0.9325,0.1909999999999999,0.9325,0.0954999999999999,0.9325
hadoop,ticket,bge-small,recent,desc_file_w100_recent,desc,file,w100,0.0518435816914713,0.1428472222222222,0.1,0.0295584222540744,0.0716666666666666,0.0521002813611509,0.057,0.0678402512342729,0.044,0.0936362435163586
hadoop,ticket,bge-small,recent,desc_module_w100_recent,desc,module,w100,0.9325,0.945,0.945,0.9283333333333336,0.3183333333333333,0.9325,0.191,0.9325,0.0955,0.9325
hadoop,ticket,bge-small,recent,comments_file_w100_recent,comments,file,w100,0.0521350369312843,0.1303492063492063,0.085,0.0305841727716727,0.0583333333333333,0.0425550080957689,0.063,0.0709052463237245,0.044,0.0993764764824547
hadoop,ticket,bge-small,recent,comments_module_w100_recent,comments,module,w100,0.9316666666666664,0.945,0.945,0.9283333333333336,0.3183333333333333,0.9325,0.191,0.9325,0.0955,0.9325
hadoop,ticket,bge-small,recent,title_file_w1000_recent,title,file,w1000,0.1267839583648035,0.2188234126984126,0.13,0.0553329652728629,0.1133333333333333,0.1434577498375452,0.1,0.1848574113262412,0.0745,0.2548832693062284
hadoop,ticket,bge-small,recent,title_module_w1000_recent,title,module,w1000,0.8179305555555555,0.8210416666666666,0.665,0.6541666666666667,0.3366666666666666,0.9766666666666666,0.206,0.9933333333333334,0.104,1.0
hadoop,ticket,bge-small,recent,desc_file_w1000_recent,desc,file,w1000,0.1410246244008137,0.2556309523809524,0.165,0.0635187474079789,0.1283333333333333,0.1475108189731003,0.115,0.2067454681618787,0.0834999999999999,0.2689447447347269
hadoop,ticket,bge-small,recent,desc_module_w1000_recent,desc,module,w1000,0.8084722222222223,0.8111666666666667,0.65,0.6366666666666666,0.33,0.9658333333333334,0.205,0.9916666666666666,0.104,1.0
hadoop,ticket,bge-small,recent,comments_file_w1000_recent,comments,file,w1000,0.1434344756726542,0.2390813492063492,0.16,0.0771577658452658,0.1233333333333333,0.1341427244293396,0.1089999999999999,0.1855301513958957,0.0805,0.252906767157917
hadoop,ticket,bge-small,recent,comments_module_w1000_recent,comments,module,w1000,0.7597063492063492,0.764047619047619,0.56,0.5516666666666667,0.3316666666666666,0.9725,0.204,0.9883333333333334,0.104,1.0
hadoop,ticket,bge-small,recent,title_file_all_recent,title,file,all,0.1446103327302792,0.2315912698412698,0.145,0.064135567863509,0.13,0.1439541543213269,0.1079999999999999,0.1913943100380172,0.0895,0.2812310242764413
hadoop,ticket,bge-small,recent,title_module_all_recent,title,module,all,0.7005747354497354,0.7066904761904763,0.58,0.5691666666666666,0.2683333333333333,0.7833333333333333,0.18,0.8725,0.101,0.9733333333333334
hadoop,ticket,bge-small,recent,desc_file_all_recent,desc,file,all,0.1727136584175869,0.2875416666666666,0.175,0.0680802984776821,0.1633333333333333,0.1793279784937445,0.133,0.2313859892456543,0.107,0.3419689550410767
hadoop,ticket,bge-small,recent,desc_module_all_recent,desc,module,all,0.7916884920634919,0.7990099206349206,0.705,0.6883333333333332,0.2916666666666667,0.85,0.184,0.8925,0.1015,0.9816666666666668
hadoop,ticket,bge-small,recent,comments_file_all_recent,comments,file,all,0.1736880094378041,0.2915694444444444,0.185,0.0838735536096469,0.15,0.1659462485797256,0.131,0.2250612308305825,0.1055,0.3360965162901111
hadoop,ticket,bge-small,recent,comments_module_all_recent,comments,module,all,0.8174285714285713,0.8236785714285714,0.75,0.7366666666666666,0.2983333333333333,0.87,0.1889999999999999,0.9175,0.0994999999999999,0.9616666666666666
hadoop,ticket,bge-small,modn,title_file_w100_modn,title,file,w100,0.0231514060674774,0.0622281746031746,0.05,0.0108733766233766,0.025,0.016801948051948,0.024,0.0286017316017316,0.017,0.0468636363636363
hadoop,ticket,bge-small,modn,title_module_w100_modn,title,module,w100,0.363986111111111,0.3925833333333333,0.24,0.2172222222222222,0.1483333333333333,0.3683333333333333,0.168,0.7036111111111112,0.088,0.7208333333333333
hadoop,ticket,bge-small,modn,desc_file_w100_modn,desc,file,w100,0.0187437265781482,0.0571805555555555,0.035,0.0078730158730158,0.03,0.0225696248196248,0.024,0.0294686147186147,0.016,0.0406287394197842
hadoop,ticket,bge-small,modn,desc_module_w100_modn,desc,module,w100,0.3543333333333334,0.37975,0.24,0.2172222222222222,0.135,0.3416666666666666,0.131,0.5319444444444444,0.088,0.7208333333333333
hadoop,ticket,bge-small,modn,comments_file_w100_modn,comments,file,w100,0.0196792082917082,0.064672619047619,0.05,0.0120396825396825,0.0316666666666666,0.0228095238095238,0.022,0.0295238095238095,0.015,0.0338792041292041
hadoop,ticket,bge-small,modn,comments_module_w100_modn,comments,module,w100,0.3509583333333333,0.38,0.25,0.2238888888888889,0.14,0.3541666666666666,0.1309999999999999,0.5319444444444444,0.088,0.7208333333333333
hadoop,ticket,bge-small,modn,title_file_w1000_modn,title,file,w1000,0.0262935758372788,0.0617638888888888,0.03,0.0065986557302346,0.0299999999999999,0.0238975279106858,0.03,0.0387821432953011,0.0235,0.0664565566012934
hadoop,ticket,bge-small,modn,title_module_w1000_modn,title,module,w1000,0.376433201058201,0.3908611111111111,0.22,0.1880555555555555,0.1733333333333333,0.4191666666666666,0.132,0.5086111111111111,0.1115,0.8808333333333332
hadoop,ticket,bge-small,modn,desc_file_w1000_modn,desc,file,w1000,0.0303308634173716,0.0807261904761904,0.045,0.0106212121212121,0.0416666666666666,0.0319174564174564,0.036,0.0427976943387391,0.0305,0.070002100061016
hadoop,ticket,bge-small,modn,desc_module_w1000_modn,desc,module,w1000,0.347500992063492,0.3655773809523809,0.18,0.1430555555555555,0.1633333333333333,0.3891666666666666,0.135,0.5186111111111111,0.1115,0.8808333333333332
hadoop,ticket,bge-small,modn,comments_file_w1000_modn,comments,file,w1000,0.0372707437760732,0.093906746031746,0.06,0.0141672419172419,0.0483333333333333,0.0362569225069225,0.042,0.054206563458832,0.0295,0.0773226104975028
hadoop,ticket,bge-small,modn,comments_module_w1000_modn,comments,module,w1000,0.3655046296296296,0.3826428571428571,0.22,0.1813888888888889,0.1616666666666666,0.3958333333333333,0.127,0.4836111111111111,0.1115,0.8808333333333335
hadoop,ticket,bge-small,modn,title_file_all_modn,title,file,all,0.1138347895704278,0.2779047619047619,0.2,0.0526551244807823,0.155,0.1252534648251526,0.1169999999999999,0.1423608117120311,0.0875,0.1987576908440679
hadoop,ticket,bge-small,modn,title_module_all_modn,title,module,all,0.6060816798941799,0.6295873015873016,0.49,0.4455555555555555,0.2616666666666666,0.6641666666666666,0.195,0.8097222222222221,0.111,0.8966666666666666
hadoop,ticket,bge-small,modn,desc_file_all_modn,desc,file,all,0.1431357375179708,0.3210059523809523,0.205,0.056659675529401,0.1916666666666666,0.1530542067349687,0.149,0.1850516774751062,0.1165,0.2644319123746914
hadoop,ticket,bge-small,modn,desc_module_all_modn,desc,module,all,0.6996518959435625,0.728047619047619,0.6,0.5338888888888889,0.3083333333333333,0.7886111111111112,0.206,0.86,0.1145,0.9158333333333332
hadoop,ticket,bge-small,modn,comments_file_all_modn,comments,file,all,0.1512868133864267,0.3454246031746031,0.24,0.0706882779136068,0.185,0.1461427267675676,0.158,0.1895642007382246,0.124,0.2846666941814622
hadoop,ticket,bge-small,modn,comments_module_all_modn,comments,module,all,0.711210758377425,0.746436507936508,0.625,0.5563888888888888,0.3116666666666666,0.7908333333333334,0.2079999999999999,0.8541666666666665,0.115,0.9252777777777778
hadoop,ticket,bge-large,recent,title_file_w100_recent,title,file,w100,0.077944062512903,0.1656646825396825,0.13,0.0517111568986568,0.075,0.0729791865742952,0.059,0.0886053943037638,0.047,0.1210705592716462
hadoop,ticket,bge-large,recent,title_module_w100_recent,title,module,w100,0.93,0.9425,0.94,0.9233333333333336,0.3183333333333333,0.9325,0.191,0.9325,0.0955,0.9325
hadoop,ticket,bge-large,recent,desc_file_w100_recent,desc,file,w100,0.0656225205404068,0.151470238095238,0.1,0.0366526251526251,0.0816666666666666,0.0677886008918617,0.068,0.0903275070340287,0.047,0.1098403574082922
hadoop,ticket,bge-large,recent,desc_module_w100_recent,desc,module,w100,0.9325,0.945,0.945,0.9283333333333336,0.3183333333333333,0.9325,0.191,0.9325,0.0955,0.9325
hadoop,ticket,bge-large,recent,comments_file_w100_recent,comments,file,w100,0.0651515421995448,0.1427599206349206,0.085,0.0297764804639804,0.0766666666666666,0.0615153919148484,0.072,0.08529066042653,0.0544999999999999,0.1233805544521708
hadoop,ticket,bge-large,recent,comments_module_w100_recent,comments,module,w100,0.9325,0.945,0.945,0.9283333333333336,0.3183333333333333,0.9325,0.191,0.9325,0.0955,0.9325
hadoop,ticket,bge-large,recent,title_file_w1000_recent,title,file,w1000,0.1462993348407105,0.2441011904761904,0.155,0.0757137882542294,0.1233333333333333,0.1514813436953782,0.107,0.1950509497429254,0.0835,0.2707587561451052
hadoop,ticket,bge-large,recent,title_module_w1000_recent,title,module,w1000,0.81675,0.8222499999999999,0.665,0.6533333333333334,0.335,0.9808333333333334,0.205,0.9941666666666664,0.104,1.0
hadoop,ticket,bge-large,recent,desc_file_w1000_recent,desc,file,w1000,0.1584083401066988,0.2882876984126984,0.19,0.0744715875201808,0.155,0.1723033914368684,0.127,0.2224871308507972,0.092,0.2941836343725987
hadoop,ticket,bge-large,recent,desc_module_w1000_recent,desc,module,w1000,0.8240000000000001,0.8295833333333335,0.675,0.6583333333333333,0.335,0.9775,0.205,0.9883333333333334,0.104,1.0
hadoop,ticket,bge-large,recent,comments_file_w1000_recent,comments,file,w1000,0.1643507239831203,0.2834146825396825,0.19,0.077624611723402,0.1333333333333333,0.1615807454944335,0.1239999999999999,0.2200733541082161,0.0955,0.3085240693818368
hadoop,ticket,bge-large,recent,comments_module_w1000_recent,comments,module,w1000,0.8076309523809523,0.8158333333333333,0.65,0.6333333333333333,0.3316666666666666,0.9725,0.204,0.9883333333333332,0.104,1.0
hadoop,ticket,bge-large,recent,title_file_all_recent,title,file,all,0.1648487755471673,0.2774424603174603,0.185,0.0783032265936677,0.1383333333333333,0.168753349467384,0.121,0.2270979806106084,0.0955,0.3138103465271036
hadoop,ticket,bge-large,recent,title_module_all_recent,title,module,all,0.6840595238095238,0.6912400793650794,0.57,0.5558333333333333,0.265,0.77,0.174,0.8416666666666666,0.099,0.9533333333333336
hadoop,ticket,bge-large,recent,desc_file_all_recent,desc,file,all,0.202671625881641,0.3463333333333334,0.255,0.0962108274469208,0.18,0.1994020180517994,0.15,0.2512305799634918,0.1185,0.3711712492657494
hadoop,ticket,bge-large,recent,desc_module_all_recent,desc,module,all,0.7700615079365078,0.7754900793650793,0.66,0.6466666666666666,0.2883333333333333,0.84,0.19,0.9216666666666664,0.1025,0.9883333333333334
hadoop,ticket,bge-large,recent,comments_file_all_recent,comments,file,all,0.1931026501860682,0.3261944444444444,0.2,0.0853067278454158,0.1783333333333333,0.2010375578567817,0.152,0.2614830497159616,0.1175,0.3645324025341917
hadoop,ticket,bge-large,recent,comments_module_all_recent,comments,module,all,0.8003730158730158,0.8045396825396826,0.72,0.7066666666666666,0.2916666666666667,0.8475,0.187,0.9041666666666666,0.1004999999999999,0.9683333333333334
hadoop,ticket,bge-large,modn,title_file_w100_modn,title,file,w100,0.0181114254792826,0.0552083333333333,0.035,0.0077521645021645,0.0283333333333333,0.0202662337662337,0.024,0.0270660173160173,0.0139999999999999,0.0321136363636363
hadoop,ticket,bge-large,modn,title_module_w100_modn,title,module,w100,0.3523472222222222,0.38025,0.24,0.2172222222222222,0.1433333333333333,0.3616666666666666,0.131,0.5319444444444444,0.088,0.7208333333333333
hadoop,ticket,bge-large,modn,desc_file_w100_modn,desc,file,w100,0.0207702161092086,0.0627559523809523,0.04,0.0113253968253968,0.035,0.0250974025974025,0.025,0.0287283549783549,0.0165,0.0366200329521225
hadoop,ticket,bge-large,modn,desc_module_w100_modn,desc,module,w100,0.3569027777777778,0.3872499999999999,0.255,0.2230555555555555,0.14,0.3541666666666666,0.132,0.533611111111111,0.088,0.7208333333333333
hadoop,ticket,bge-large,modn,comments_file_w100_modn,comments,file,w100,0.0226494493601636,0.0792142857142857,0.065,0.0170396825396825,0.035,0.0243474025974025,0.022,0.0247320179820179,0.0155,0.0318337495837495
hadoop,ticket,bge-large,modn,comments_module_w100_modn,comments,module,w100,0.3510694444444444,0.3800833333333333,0.25,0.2238888888888889,0.14,0.3541666666666666,0.128,0.5186111111111111,0.088,0.7208333333333333
hadoop,ticket,bge-large,modn,title_file_w1000_modn,title,file,w1000,0.0344065092593288,0.0634206349206349,0.025,0.0119298245614035,0.0349999999999999,0.0375986557302346,0.032,0.0510427949243738,0.0275,0.074375633138791
hadoop,ticket,bge-large,modn,title_module_w1000_modn,title,module,w1000,0.3899126984126984,0.4080099206349206,0.24,0.2072222222222222,0.17,0.4108333333333333,0.135,0.5227777777777778,0.1115,0.8808333333333332
hadoop,ticket,bge-large,modn,desc_file_w1000_modn,desc,file,w1000,0.0427449519413188,0.1051428571428571,0.065,0.0174158059568507,0.055,0.0501266986677434,0.049,0.0622495198316093,0.0335,0.0778616893664026
hadoop,ticket,bge-large,modn,desc_module_w1000_modn,desc,module,w1000,0.3584580026455027,0.3799027777777777,0.205,0.1647222222222222,0.16,0.3775,0.131,0.4986111111111111,0.1115,0.8808333333333335
hadoop,ticket,bge-large,modn,comments_file_w1000_modn,comments,file,w1000,0.0441887882437897,0.1094146825396825,0.075,0.0236196228696228,0.0533333333333333,0.0440696988110781,0.045,0.0556948791862585,0.033,0.0742933710757951
hadoop,ticket,bge-large,modn,comments_module_w1000_modn,comments,module,w1000,0.3599292328042328,0.3766150793650794,0.205,0.1705555555555555,0.1616666666666666,0.3875,0.13,0.4927777777777777,0.1115,0.8808333333333332
hadoop,ticket,bge-large,modn,title_file_all_modn,title,file,all,0.1269146605814778,0.286484126984127,0.19,0.0566117789374368,0.1616666666666666,0.1272248207718375,0.131,0.1656981559253395,0.0994999999999999,0.2333041595839232
hadoop,ticket,bge-large,modn,title_module_all_modn,title,module,all,0.6349566798941799,0.6603769841269841,0.505,0.4538888888888888,0.2783333333333334,0.7233333333333334,0.2,0.8311111111111111,0.114,0.919722222222222
hadoop,ticket,bge-large,modn,desc_file_all_modn,desc,file,all,0.1509334398576809,0.3184861111111111,0.205,0.0607511699268164,0.185,0.1397864857863267,0.159,0.194759481061466,0.126,0.2859411501144537
hadoop,ticket,bge-large,modn,desc_module_all_modn,desc,module,all,0.711888668430335,0.7418571428571429,0.62,0.5513888888888888,0.3216666666666667,0.8102777777777779,0.21,0.8719444444444444,0.1155,0.9369444444444444
hadoop,ticket,bge-large,modn,comments_file_all_modn,comments,file,all,0.1691172558644307,0.343531746031746,0.23,0.0755942687139942,0.195,0.1657191822217911,0.16,0.2042935814835313,0.131,0.3077972952758791
hadoop,ticket,bge-large,modn,comments_module_all_modn,comments,module,all,0.7479173280423279,0.775517857142857,0.67,0.6022222222222222,0.3216666666666666,0.8119444444444446,0.214,0.8705555555555555,0.1165,0.9341666666666666
kubernetes,commit,bge-small,recent,title_file_w100_recent,title,file,w100,0.048751611873556,0.110595238095238,0.07,0.0170626293995859,0.0599999999999999,0.049759586988992,0.05,0.0647824896679301,0.0365,0.0971090889945295
kubernetes,commit,bge-small,recent,title_module_w100_recent,title,module,w100,0.7269007936507935,0.75875,0.61,0.43475,0.4266666666666666,0.8371666666666667,0.306,0.9598333333333332,0.156,0.969
kubernetes,commit,bge-small,recent,desc_file_w100_recent,desc,file,w100,0.0636827683665283,0.1341011904761904,0.09,0.0360625,0.0666666666666666,0.0622899569389844,0.054,0.0746370977791172,0.0395,0.1013554092582982
kubernetes,commit,bge-small,recent,desc_module_w100_recent,desc,module,w100,0.7381091269841269,0.77375,0.635,0.4405833333333333,0.4266666666666666,0.8438333333333332,0.304,0.9565,0.156,0.969
kubernetes,commit,bge-small,recent,diff_file_w100_recent,diff,file,w100,0.0794233494831368,0.1627619047619047,0.13,0.0461657343842698,0.0799999999999999,0.0775280267395542,0.061,0.0908241308970714,0.044,0.1259914748834943
kubernetes,commit,bge-small,recent,diff_module_w100_recent,diff,module,w100,0.717063888888889,0.7533333333333333,0.6,0.41725,0.4283333333333333,0.84175,0.304,0.9565,0.156,0.969
kubernetes,commit,bge-small,recent,title_file_w1000_recent,title,file,w1000,0.1170603250915751,0.1839503968253968,0.13,0.0637555290924856,0.1133333333333333,0.1173906461895592,0.09,0.1477184641043336,0.061,0.1793139123356514
kubernetes,commit,bge-small,recent,title_module_w1000_recent,title,module,w1000,0.7296686507936507,0.7610476190476192,0.595,0.4114166666666666,0.4299999999999999,0.8534166666666667,0.307,0.97625,0.1595,1.0
kubernetes,commit,bge-small,recent,desc_file_w1000_recent,desc,file,w1000,0.1101653401613641,0.1878650793650793,0.12,0.0480717172902527,0.1166666666666666,0.1147261946566866,0.0969999999999999,0.1441569349107964,0.0669999999999999,0.1782974085569909
kubernetes,commit,bge-small,recent,desc_module_w1000_recent,desc,module,w1000,0.7416587301587301,0.7696309523809524,0.61,0.4314166666666666,0.4299999999999999,0.8534166666666667,0.309,0.9804166666666666,0.1595,1.0
kubernetes,commit,bge-small,recent,diff_file_w1000_recent,diff,file,w1000,0.1230325627256204,0.2076388888888889,0.145,0.0663676832426832,0.1133333333333333,0.1260260896510896,0.094,0.1476155414210334,0.0735,0.2074190267064812
kubernetes,commit,bge-small,recent,diff_module_w1000_recent,diff,module,w1000,0.7490694444444443,0.7871865079365079,0.65,0.4597499999999999,0.4199999999999999,0.8271666666666667,0.2950000000000001,0.94525,0.1595,1.0
kubernetes,commit,bge-small,recent,title_file_all_recent,title,file,all,0.0603486551985884,0.1417619047619047,0.09,0.0260172163362952,0.0716666666666666,0.0559043960425539,0.06,0.0832438111564255,0.0465,0.1364911214146054
kubernetes,commit,bge-small,recent,title_module_all_recent,title,module,all,0.580186507936508,0.6384404761904762,0.445,0.3239166666666666,0.34,0.7032499999999999,0.246,0.8174166666666668,0.1475,0.9406666666666668
kubernetes,commit,bge-small,recent,desc_file_all_recent,desc,file,all,0.0877891899196652,0.1767876984126984,0.115,0.0577147663708018,0.0783333333333333,0.088965205545154,0.0689999999999999,0.1104239679969085,0.057,0.1589640968495373
kubernetes,commit,bge-small,recent,desc_module_all_recent,desc,module,all,0.573219246031746,0.6240059523809525,0.425,0.3043333333333333,0.3366666666666666,0.6853333333333333,0.255,0.8486666666666668,0.149,0.94775
kubernetes,commit,bge-small,recent,diff_file_all_recent,diff,file,all,0.0984658605372053,0.1785456349206349,0.115,0.0572424539609894,0.0766666666666666,0.0930452479442753,0.068,0.1307673845033684,0.0565,0.1873882054677249
kubernetes,commit,bge-small,recent,diff_module_all_recent,diff,module,all,0.6254587301587302,0.6600476190476189,0.475,0.366,0.34,0.6980833333333334,0.259,0.8457500000000002,0.1515,0.9548333333333336
kubernetes,commit,bge-small,modn,title_file_w100_modn,title,file,w100,0.0121912698412698,0.0238174603174603,0.015,0.0080555555555555,0.01,0.0123888888888888,0.0069999999999999,0.0128888888888888,0.006,0.0171085858585858
kubernetes,commit,bge-small,modn,title_module_w100_modn,title,module,w100,0.5244696428571429,0.5547797619047619,0.39,0.3318333333333333,0.265,0.6578333333333333,0.1829999999999999,0.7473333333333333,0.0994999999999999,0.8015000000000001
kubernetes,commit,bge-small,modn,desc_file_w100_modn,desc,file,w100,0.0075833333333333,0.0143333333333333,0.005,0.0025,0.0066666666666666,0.0063333333333333,0.007,0.0131388888888888,0.0045,0.0153055555555555
kubernetes,commit,bge-small,modn,desc_module_w100_modn,desc,module,w100,0.5139349206349206,0.545404761904762,0.38,0.3185,0.2566666666666666,0.6321666666666667,0.176,0.7206666666666668,0.0995,0.8014999999999999
kubernetes,commit,bge-small,modn,diff_file_w100_modn,diff,file,w100,0.0070280092592592,0.0160138888888888,0.01,0.00375,0.0066666666666666,0.00675,0.005,0.0084166666666666,0.0045,0.0151666666666666
kubernetes,commit,bge-small,modn,diff_module_w100_modn,diff,module,w100,0.4867732142857143,0.5133988095238096,0.32,0.2689166666666666,0.26,0.648,0.182,0.7431666666666666,0.0994999999999999,0.8014999999999999
kubernetes,commit,bge-small,modn,title_file_w1000_modn,title,file,w1000,0.038269459298871,0.0634166666666666,0.045,0.0241666666666666,0.0283333333333333,0.0371515151515151,0.025,0.0485428550207961,0.0165,0.0608140968508615
kubernetes,commit,bge-small,modn,title_module_w1000_modn,title,module,w1000,0.5682915674603174,0.5903015873015873,0.41,0.3476666666666667,0.2749999999999999,0.6788333333333333,0.203,0.8215,0.1165,0.93625
kubernetes,commit,bge-small,modn,desc_file_w1000_modn,desc,file,w1000,0.0331385221260221,0.0592142857142857,0.035,0.0183333333333333,0.0316666666666666,0.0349987373737373,0.024,0.0392209595959595,0.017,0.0552209595959595
kubernetes,commit,bge-small,modn,desc_module_w1000_modn,desc,module,w1000,0.5736680555555556,0.5996944444444444,0.43,0.3584999999999999,0.27,0.6605,0.201,0.8060833333333332,0.1165,0.93625
kubernetes,commit,bge-small,modn,diff_file_w1000_modn,diff,file,w1000,0.0501900772430184,0.0802539682539682,0.065,0.0309456327985739,0.04,0.0464039661319073,0.0289999999999999,0.0539595216874628,0.0215,0.0748900772430184
kubernetes,commit,bge-small,modn,diff_module_w1000_modn,diff,module,w1000,0.5398178571428571,0.5583492063492063,0.385,0.3314166666666666,0.245,0.6054999999999999,0.196,0.8015000000000001,0.1165,0.9354166666666666
kubernetes,commit,bge-small,modn,title_file_all_modn,title,file,all,0.1312393810088138,0.185843253968254,0.11,0.0564191176470588,0.0949999999999999,0.1433357843137254,0.0819999999999999,0.1961362150920974,0.0575,0.2519053479200538
kubernetes,commit,bge-small,modn,title_module_all_modn,title,module,all,0.5147630952380953,0.5416071428571428,0.375,0.3225,0.2366666666666666,0.5814166666666667,0.171,0.6986666666666665,0.1145,0.9169166666666666
kubernetes,commit,bge-small,modn,desc_file_all_modn,desc,file,all,0.1677037126136391,0.2399325396825396,0.16,0.0927083333333333,0.1283333333333333,0.1688042186571598,0.1,0.2180161170528817,0.07,0.2791123443549914
kubernetes,commit,bge-small,modn,desc_module_all_modn,desc,module,all,0.511439484126984,0.5383650793650794,0.35,0.2918333333333333,0.2433333333333333,0.5968333333333333,0.188,0.7613333333333333,0.1155,0.934
kubernetes,commit,bge-small,modn,diff_file_all_modn,diff,file,all,0.1809023843123108,0.2494920634920635,0.18,0.0925024509803921,0.145,0.1996726827094474,0.11,0.2345550356506238,0.0715,0.275352495543672
kubernetes,commit,bge-small,modn,diff_module_all_modn,diff,module,all,0.5148326388888889,0.5361626984126984,0.38,0.3314166666666666,0.2383333333333333,0.5899166666666668,0.17,0.69175,0.1085,0.8784166666666667
kubernetes,commit,bge-large,recent,title_file_w100_recent,title,file,w100,0.0636269696369346,0.1249345238095238,0.09,0.0335150103519668,0.06,0.0572790884215369,0.055,0.078874751572692,0.038,0.1115921428770398
kubernetes,commit,bge-large,recent,title_module_w100_recent,title,module,w100,0.7062589285714287,0.73625,0.565,0.3930833333333333,0.4216666666666666,0.8292500000000002,0.303,0.954,0.156,0.969
kubernetes,commit,bge-large,recent,desc_file_w100_recent,desc,file,w100,0.0677274808005281,0.1416805555555555,0.1,0.0415625,0.0683333333333333,0.0664325389946099,0.057,0.086531944017928,0.0395,0.1035470374839485
kubernetes,commit,bge-large,recent,desc_module_w100_recent,desc,module,w100,0.7293363095238096,0.7566666666666667,0.6,0.4280833333333333,0.4316666666666666,0.8484166666666667,0.301,0.9510833333333334,0.156,0.969
kubernetes,commit,bge-large,recent,diff_file_w100_recent,diff,file,w100,0.0739446838010458,0.1382123015873016,0.085,0.0334859098228663,0.075,0.0769981354352063,0.06,0.0872136281751556,0.0465,0.1247926991645527
kubernetes,commit,bge-large,recent,diff_module_w100_recent,diff,module,w100,0.7177325396825396,0.75125,0.6,0.4197499999999999,0.4166666666666667,0.818,0.302,0.9535833333333332,0.156,0.969
kubernetes,commit,bge-large,recent,title_file_w1000_recent,title,file,w1000,0.1131910419404626,0.1815813492063492,0.13,0.0519698148067713,0.1133333333333333,0.1192956878065573,0.091,0.1453232642960903,0.059,0.1746560304789709
kubernetes,commit,bge-large,recent,title_module_w1000_recent,title,module,w1000,0.732046626984127,0.7648055555555555,0.605,0.42475,0.425,0.83675,0.3010000000000001,0.9575,0.1595,1.0
kubernetes,commit,bge-large,recent,desc_file_w1000_recent,desc,file,w1000,0.1184521881824496,0.2016230158730158,0.14,0.0608180290924856,0.1183333333333333,0.1220219197649117,0.094,0.1451502539487379,0.0675,0.1888658203516444
kubernetes,commit,bge-large,recent,desc_module_w1000_recent,desc,module,w1000,0.7280410052910053,0.7583055555555555,0.6,0.4255833333333333,0.4216666666666666,0.8334166666666667,0.301,0.9595833333333336,0.159,0.9983333333333334
kubernetes,commit,bge-large,recent,diff_file_w1000_recent,diff,file,w1000,0.1162910291271347,0.2086210317460317,0.13,0.0587738000372271,0.1099999999999999,0.1150121954206285,0.107,0.1666002316957358,0.0755,0.2061648727357604
kubernetes,commit,bge-large,recent,diff_module_w1000_recent,diff,module,w1000,0.7593710317460318,0.791797619047619,0.655,0.4714166666666666,0.4299999999999999,0.8425833333333332,0.299,0.94625,0.159,0.9975
kubernetes,commit,bge-large,recent,title_file_all_recent,title,file,all,0.0630300500688221,0.1504702380952381,0.09,0.0266140016384581,0.075,0.0763235162810223,0.058,0.0884060721690702,0.0475,0.1362016606385717
kubernetes,commit,bge-large,recent,title_module_all_recent,title,module,all,0.6030761904761904,0.6540019841269842,0.47,0.3347499999999999,0.3333333333333332,0.6849166666666667,0.259,0.84675,0.15,0.9481666666666666
kubernetes,commit,bge-large,recent,desc_file_all_recent,desc,file,all,0.068995207199179,0.1581289682539682,0.09,0.0340507246376811,0.0699999999999999,0.0691373389672874,0.065,0.0953911313705364,0.0525,0.1474638175992581
kubernetes,commit,bge-large,recent,desc_module_all_recent,desc,module,all,0.5968232142857143,0.6368075396825397,0.435,0.3135,0.3433333333333332,0.6915833333333333,0.259,0.8442500000000002,0.1515,0.95525
kubernetes,commit,bge-large,recent,diff_file_all_recent,diff,file,all,0.1074478105732572,0.1997718253968253,0.12,0.0608311733556298,0.0866666666666666,0.1108589645284271,0.08,0.1479550322669433,0.0664999999999999,0.2017128242386604
kubernetes,commit,bge-large,recent,diff_module_all_recent,diff,module,all,0.6494328373015873,0.683515873015873,0.5,0.3735,0.3716666666666666,0.7586666666666667,0.267,0.8696666666666667,0.152,0.9604166666666668
kubernetes,commit,bge-large,modn,title_file_w100_modn,title,file,w100,0.0069033309283309,0.016422619047619,0.005,0.0005,0.0083333333333333,0.0068888888888888,0.006,0.0078888888888888,0.007,0.0232070707070707
kubernetes,commit,bge-large,modn,title_module_w100_modn,title,module,w100,0.502515873015873,0.5253869047619049,0.345,0.2985,0.2616666666666666,0.6505000000000001,0.185,0.7519166666666667,0.0994999999999999,0.8014999999999999
kubernetes,commit,bge-large,modn,desc_file_w100_modn,desc,file,w100,0.007410606060606,0.0199305555555555,0.01,0.003,0.01,0.0087222222222222,0.0069999999999999,0.0095555555555555,0.0055,0.0112070707070707
kubernetes,commit,bge-large,modn,desc_module_w100_modn,desc,module,w100,0.5057430555555555,0.5345654761904762,0.365,0.3101666666666666,0.2533333333333333,0.6255,0.184,0.75275,0.0994999999999999,0.8014999999999999
kubernetes,commit,bge-large,modn,diff_file_w100_modn,diff,file,w100,0.0059007936507936,0.013595238095238,0.005,0.0005,0.0083333333333333,0.0081666666666666,0.005,0.0081666666666666,0.0045,0.02
kubernetes,commit,bge-large,modn,diff_module_w100_modn,diff,module,w100,0.4868089285714285,0.5103988095238096,0.33,0.2789166666666666,0.26,0.6396666666666667,0.1859999999999999,0.7560833333333333,0.0994999999999999,0.8015000000000001
kubernetes,commit,bge-large,modn,title_file_w1000_modn,title,file,w1000,0.0433407446311858,0.0630119047619047,0.035,0.0233333333333333,0.0299999999999999,0.042,0.027,0.0657222222222222,0.0185,0.0732851307189542
kubernetes,commit,bge-large,modn,title_module_w1000_modn,title,module,w1000,0.5651458333333333,0.5836686507936508,0.4,0.3491666666666666,0.275,0.6878333333333333,0.203,0.8271666666666667,0.116,0.9345833333333334
kubernetes,commit,bge-large,modn,desc_file_w1000_modn,desc,file,w1000,0.0444290013227513,0.0701448412698412,0.05,0.0285555555555555,0.0316666666666666,0.0447777777777777,0.028,0.0547361111111111,0.0199999999999999,0.0724027777777777
kubernetes,commit,bge-large,modn,desc_module_w1000_modn,desc,module,w1000,0.5844263888888889,0.6080218253968254,0.44,0.3734999999999999,0.2766666666666666,0.6795,0.2,0.8050833333333333,0.1155,0.9295833333333334
kubernetes,commit,bge-large,modn,diff_file_w1000_modn,diff,file,w1000,0.0544510154061624,0.0820535714285714,0.065,0.0406666666666666,0.045,0.0558080065359477,0.028,0.0583080065359477,0.019,0.0695302287581699
kubernetes,commit,bge-large,modn,diff_module_w1000_modn,diff,module,w1000,0.5650912698412698,0.5770515873015873,0.41,0.3559999999999999,0.265,0.6488333333333333,0.2,0.80525,0.1165,0.93625
kubernetes,commit,bge-large,modn,title_file_all_modn,title,file,all,0.1659817656394336,0.2270456349206349,0.165,0.0905896464646464,0.1133333333333333,0.1687170974450386,0.09,0.2112244503862151,0.064,0.2680680038915333
kubernetes,commit,bge-large,modn,title_module_all_modn,title,module,all,0.5341584325396825,0.5632103174603175,0.39,0.3329166666666666,0.2516666666666666,0.6143333333333333,0.186,0.7644999999999998,0.1125,0.9178333333333332
kubernetes,commit,bge-large,modn,desc_file_all_modn,desc,file,all,0.1767838960059548,0.2608333333333333,0.195,0.1030499451528863,0.1333333333333333,0.1796899481237716,0.1089999999999999,0.2197289409936468,0.071,0.2716440479455185
kubernetes,commit,bge-large,modn,desc_module_all_modn,desc,module,all,0.5498204365079364,0.577468253968254,0.415,0.35625,0.2583333333333333,0.6303333333333333,0.191,0.7794999999999999,0.113,0.914
kubernetes,commit,bge-large,modn,diff_file_all_modn,diff,file,all,0.1929531174843674,0.2717162698412699,0.195,0.1051299019607843,0.1483333333333333,0.1971592245989305,0.119,0.2422523618538324,0.0785,0.2951508318478907
kubernetes,commit,bge-large,modn,diff_module_all_modn,diff,module,all,0.5610753968253968,0.5881567460317462,0.425,0.36475,0.2616666666666666,0.6430833333333333,0.185,0.7576666666666667,0.115,0.9248333333333332
kubernetes,ticket,bge-small,recent,title_file_w100_recent,title,file,w100,0.0102037518192663,0.0478333333333333,0.03,0.0013688617093762,0.0233333333333333,0.0184521950427096,0.015,0.0197021950427096,0.009,0.0219796675701821
kubernetes,ticket,bge-small,recent,title_module_w100_recent,title,module,w100,0.2953772108843537,0.305061507936508,0.07,0.0330833333333333,0.1399999999999999,0.2792619047619047,0.202,0.7315952380952382,0.1375,0.959154761904762
kubernetes,ticket,bge-small,recent,desc_file_w100_recent,desc,file,w100,4.273504273504273e-05,0.0005555555555555,0.0,0.0,0.0,0.0,0.0,0.0,0.0005,0.0003846153846153
kubernetes,ticket,bge-small,recent,desc_module_w100_recent,desc,module,w100,0.4160027777777778,0.4280932539682539,0.155,0.1147499999999999,0.2383333333333333,0.5126785714285714,0.231,0.8324761904761906,0.137,0.9555714285714284
kubernetes,ticket,bge-small,recent,comments_file_w100_recent,comments,file,w100,0.00199297940405,0.0136666666666666,0.01,0.0001561977948546,0.005,0.0051561977948546,0.005,0.0060067725074983,0.0025,0.0060067725074983
kubernetes,ticket,bge-small,recent,title_file_w1000_recent,title,file,w1000,0.1051080100945958,0.1759365079365079,0.12,0.0676198442848793,0.0916666666666666,0.1070383985083912,0.068,0.1270340394591023,0.0484999999999999,0.1635936086205102
kubernetes,ticket,bge-small,recent,title_module_w1000_recent,title,module,w1000,0.4047832671957672,0.4302321428571429,0.25,0.1961666666666666,0.1816666666666666,0.4032142857142857,0.1689999999999999,0.6153928571428571,0.132,0.938404761904762
kubernetes,ticket,bge-small,recent,desc_file_w1000_recent,desc,file,w1000,0.1316958221574441,0.190343253968254,0.145,0.0951197777597003,0.0866666666666666,0.1282370304859377,0.071,0.1525373495171889,0.0484999999999999,0.188068912525539
kubernetes,ticket,bge-small,recent,desc_module_w1000_recent,desc,module,w1000,0.5133457010582011,0.5408928571428572,0.35,0.2889642857142857,0.25,0.5638095238095238,0.201,0.7390238095238095,0.139,0.9779523809523808
kubernetes,ticket,bge-small,recent,title_file_all_recent,title,file,all,0.1499864027488318,0.2400019841269841,0.165,0.0723405732685393,0.1283333333333333,0.1643192139781123,0.102,0.2042840351738656,0.073,0.261132566326032
kubernetes,ticket,bge-small,recent,title_module_all_recent,title,module,all,0.4975917139077853,0.5305297619047619,0.34,0.2715833333333333,0.2483333333333333,0.5745,0.197,0.7439166666666668,0.1285,0.9137738095238096
kubernetes,ticket,bge-small,recent,desc_file_all_recent,desc,file,all,0.1496485597776194,0.2677420634920635,0.2,0.0749346092472067,0.1416666666666666,0.1607866925439929,0.1159999999999999,0.1977065504574668,0.086,0.2567188692263664
kubernetes,ticket,bge-small,recent,desc_module_all_recent,desc,module,all,0.4335005810657596,0.4595476190476191,0.285,0.2293809523809523,0.2066666666666666,0.452845238095238,0.184,0.6238571428571429,0.1325,0.9203214285714286
kubernetes,ticket,bge-small,recent,comments_file_all_recent,comments,file,all,0.1424030257970694,0.2710674603174603,0.21,0.0805552454576316,0.1299999999999999,0.1359719422809879,0.111,0.1717583527240578,0.088,0.2374726081958086
kubernetes,ticket,bge-small,modn,title_file_w100_modn,title,file,w100,0.0079889716658579,0.0268531746031746,0.01,0.0016920473773265,0.0116666666666666,0.0127216040275728,0.012,0.0195588046612509,0.008,0.0258598250694142
kubernetes,ticket,bge-small,modn,title_module_w100_modn,title,module,w100,0.5660544359410431,0.6000575396825397,0.43,0.3698392857142856,0.265,0.6652142857142858,0.19,0.7725535714285714,0.1195,0.9194880952380952
kubernetes,ticket,bge-small,modn,desc_file_w100_modn,desc,file,w100,0.0073059171944639,0.0204166666666666,0.015,0.0043390804597701,0.0066666666666666,0.0055890804597701,0.006,0.0130890804597701,0.004,0.0136401008679333
kubernetes,ticket,bge-small,modn,desc_module_w100_modn,desc,module,w100,0.4699061342592592,0.4900515873015872,0.28,0.235922619047619,0.2333333333333333,0.5673095238095238,0.202,0.7937738095238096,0.1185,0.921779761904762
kubernetes,ticket,bge-small,modn,comments_file_w100_modn,comments,file,w100,0.0095929142456523,0.0234642857142857,0.01,0.0041666666666666,0.0116666666666666,0.0101642695995487,0.009,0.0156642695995487,0.0069999999999999,0.020411513324625
kubernetes,ticket,bge-small,modn,comments_module_w100_modn,comments,module,w100,0.5140518849206349,0.5376984126984127,0.345,0.285672619047619,0.2566666666666666,0.6192619047619047,0.204,0.7966904761904763,0.12,0.9290714285714284
kubernetes,ticket,bge-small,modn,title_file_w1000_modn,title,file,w1000,0.0547510706496932,0.1081924603174603,0.09,0.0353532797926144,0.0516666666666666,0.0500109832003178,0.0389999999999999,0.0605499442392788,0.0345,0.0918435231574716
kubernetes,ticket,bge-small,modn,title_module_w1000_modn,title,module,w1000,0.3795368386243386,0.4033849206349206,0.23,0.2058809523809523,0.1599999999999999,0.4090059523809523,0.13,0.5396369047619047,0.1155,0.9031964285714288
kubernetes,ticket,bge-small,modn,desc_file_w1000_modn,desc,file,w1000,0.0167684680193916,0.0490873015873015,0.03,0.0056666666666666,0.0183333333333333,0.0113542074363992,0.023,0.0287726529755344,0.0215,0.046999006530655
kubernetes,ticket,bge-small,modn,desc_module_w1000_modn,desc,module,w1000,0.4224696428571428,0.4401448412698412,0.255,0.2227559523809523,0.1833333333333333,0.4603928571428571,0.151,0.5937321428571428,0.12,0.929654761904762
kubernetes,ticket,bge-small,modn,comments_file_w1000_modn,comments,file,w1000,0.0417534493432395,0.0957837301587301,0.065,0.0179782276028414,0.0483333333333333,0.0512726059794115,0.0409999999999999,0.061783146507423,0.03,0.07679962100173
kubernetes,ticket,bge-small,modn,title_file_all_modn,title,file,all,0.0925579377051499,0.1628075396825397,0.105,0.0498328042054007,0.0816666666666666,0.099669280963541,0.069,0.1341940906306025,0.057,0.1933100379209747
kubernetes,ticket,bge-small,modn,title_module_all_modn,title,module,all,0.4235560515873016,0.4436785714285715,0.225,0.1923392857142857,0.2116666666666666,0.5125535714285714,0.18,0.7367202380952381,0.117,0.9204404761904762
kubernetes,ticket,bge-small,modn,desc_file_all_modn,desc,file,all,0.1175400378885757,0.2093630952380952,0.135,0.0549835156735831,0.11,0.1292236060175288,0.092,0.181170512701064,0.075,0.2596835873063119
kubernetes,ticket,bge-small,modn,desc_module_all_modn,desc,module,all,0.4269493055555556,0.4443531746031746,0.245,0.2157916666666666,0.2033333333333333,0.4991309523809524,0.1629999999999999,0.6526011904761905,0.1175,0.9029880952380952
kubernetes,ticket,bge-small,modn,comments_file_all_modn,comments,file,all,0.1257982684732526,0.2274940476190476,0.165,0.0672531235167204,0.1133333333333333,0.1285175126436272,0.0969999999999999,0.1689190351403427,0.073,0.2480920801206871
kubernetes,ticket,bge-small,modn,comments_module_all_modn,comments,module,all,0.4363030753968254,0.4509007936507936,0.245,0.2157916666666666,0.205,0.4937142857142856,0.163,0.6255178571428571,0.121,0.9241488095238096
kubernetes,ticket,bge-large,recent,title_file_w100_recent,title,file,w100,0.0069932869967325,0.0271666666666666,0.02,0.0010599536633992,0.0133333333333333,0.0135599536633992,0.008,0.0135599536633992,0.0045,0.0145599536633992
kubernetes,ticket,bge-large,recent,title_module_w100_recent,title,module,w100,0.3330057823129252,0.3429761904761905,0.115,0.0755833333333333,0.1733333333333333,0.3571785714285714,0.197,0.7061785714285714,0.138,0.961654761904762
kubernetes,ticket,bge-large,recent,desc_file_w100_recent,desc,file,w100,0.0027025703150947,0.013095238095238,0.01,0.0025342465753424,0.005,0.0029509132420091,0.003,0.0029509132420091,0.0025,0.003156957198053
kubernetes,ticket,bge-large,recent,desc_module_w100_recent,desc,module,w100,0.4022011904761905,0.4110257936507936,0.145,0.09725,0.225,0.4940119047619047,0.222,0.7776428571428572,0.138,0.957904761904762
kubernetes,ticket,bge-large,recent,comments_file_w100_recent,comments,file,w100,0.0,0.0,0.0,0.0,0.0,0.0,0.0,0.0,0.0,0.0
kubernetes,ticket,bge-large,recent,title_file_w1000_recent,title,file,w1000,0.1162182432733855,0.1841309523809523,0.14,0.0737935847955763,0.095,0.1245806113102354,0.073,0.145783903305554,0.0484999999999999,0.171794208880329
kubernetes,ticket,bge-large,recent,title_module_w1000_recent,title,module,w1000,0.4382441468253968,0.4671904761904761,0.265,0.198547619047619,0.2066666666666666,0.4612619047619047,0.192,0.7001071428571428,0.136,0.9577380952380952
kubernetes,ticket,bge-large,recent,desc_file_w1000_recent,desc,file,w1000,0.0936806600649737,0.1394365079365079,0.105,0.0597296438421274,0.0733333333333333,0.0929600896130229,0.059,0.1110006480796355,0.0409999999999999,0.1411139020493159
kubernetes,ticket,bge-large,recent,desc_module_w1000_recent,desc,module,w1000,0.5267816657218443,0.5463829365079366,0.36,0.3089642857142857,0.2383333333333333,0.5447619047619048,0.204,0.7541428571428571,0.14,0.9742023809523808
kubernetes,ticket,bge-large,recent,title_file_all_recent,title,file,all,0.1374226175496301,0.2315932539682539,0.155,0.0725392912172573,0.1066666666666666,0.1509634793371664,0.086,0.1859177693973886,0.0695,0.2375820834266475
kubernetes,ticket,bge-large,recent,title_module_all_recent,title,module,all,0.4890138558201057,0.5242440476190476,0.33,0.2664642857142857,0.2416666666666666,0.5450952380952381,0.2,0.7477261904761905,0.1275,0.9082380952380952
kubernetes,ticket,bge-large,recent,desc_file_all_recent,desc,file,all,0.1747086751369673,0.2890456349206349,0.22,0.1062315925023997,0.145,0.1798538223193325,0.1169999999999999,0.2160676525648222,0.0845,0.2818966347890949
kubernetes,ticket,bge-large,recent,desc_module_all_recent,desc,module,all,0.4483819633408919,0.4788690476190476,0.3,0.2417142857142857,0.22,0.4818928571428572,0.193,0.6707738095238096,0.1295,0.8985357142857143
kubernetes,ticket,bge-small,recent,comments_module_w100_recent,comments,module,w100,0.366615873015873,0.3818769841269841,0.105,0.0630833333333333,0.2116666666666666,0.4610119047619047,0.226,0.8138452380952381,0.137,0.9555714285714284
kubernetes,ticket,bge-small,recent,comments_file_w1000_recent,comments,file,w1000,0.102986925875674,0.1741210317460317,0.14,0.0685861286292161,0.0833333333333333,0.1049401439641636,0.066,0.1258018063693281,0.0455,0.1471023778524131
kubernetes,ticket,bge-small,recent,comments_module_w1000_recent,comments,module,w1000,0.4764844576719577,0.5017440476190476,0.305,0.2541309523809524,0.2283333333333333,0.5170119047619047,0.196,0.6965238095238095,0.134,0.9446190476190476
kubernetes,ticket,bge-small,recent,comments_module_all_recent,comments,module,all,0.4307532076719576,0.4621289682539682,0.285,0.2318333333333333,0.205,0.4386785714285715,0.176,0.6158928571428571,0.13,0.9007380952380952
kubernetes,ticket,bge-small,modn,comments_module_w1000_modn,comments,module,w1000,0.3658074688208617,0.3862281746031746,0.21,0.1735892857142857,0.1616666666666666,0.3868095238095237,0.1369999999999999,0.5326011904761905,0.1165,0.8863214285714287
kubernetes,ticket,bge-large,recent,comments_module_w100_recent,comments,module,w100,0.3789099206349206,0.3895079365079364,0.125,0.0755833333333333,0.215,0.4706785714285713,0.23,0.8110952380952381,0.138,0.957904761904762
kubernetes,ticket,bge-large,recent,comments_file_w1000_recent,comments,file,w1000,0.125001826440255,0.1925992063492063,0.15,0.0855633011902927,0.0933333333333333,0.1229725242931304,0.077,0.1535085040051643,0.0515,0.1921807175759782
kubernetes,ticket,bge-large,recent,comments_module_w1000_recent,comments,module,w1000,0.5090750188964475,0.5294404761904762,0.325,0.2806309523809523,0.245,0.5555952380952381,0.209,0.761107142857143,0.1365,0.9504523809523808
kubernetes,ticket,bge-large,recent,comments_file_all_recent,comments,file,all,0.1719759209716081,0.2841646825396825,0.205,0.0938288078848263,0.145,0.1762810756215857,0.1159999999999999,0.2140962514266308,0.0865,0.2912693984988151
kubernetes,ticket,bge-large,recent,comments_module_all_recent,comments,module,all,0.4668779761904761,0.4982956349206349,0.33,0.2667142857142857,0.225,0.4986785714285714,0.18,0.6353095238095237,0.134,0.919404761904762
kubernetes,ticket,bge-large,modn,title_file_w100_modn,title,file,w100,0.0134194183452832,0.0386666666666666,0.02,0.0042515711868503,0.0183333333333333,0.0153772071946781,0.016,0.0271459146776713,0.009,0.0321969350858346
kubernetes,ticket,bge-large,modn,title_module_w100_modn,title,module,w100,0.5679536706349206,0.5999186507936508,0.425,0.356922619047619,0.2716666666666666,0.675345238095238,0.205,0.8197261904761904,0.1205,0.9226130952380952
kubernetes,ticket,bge-large,modn,desc_file_w100_modn,desc,file,w100,0.0086778114004222,0.0214166666666666,0.015,0.0054166666666666,0.01,0.0081401008679333,0.006,0.0081401008679333,0.0055,0.0205067675346
kubernetes,ticket,bge-large,modn,desc_module_w100_modn,desc,module,w100,0.533725,0.5626825396825397,0.365,0.3052559523809524,0.265,0.6448095238095238,0.208,0.8125238095238094,0.1225,0.9348214285714286
kubernetes,ticket,bge-large,modn,comments_file_w100_modn,comments,file,w100,0.0106407482993197,0.0209583333333333,0.01,0.0041666666666666,0.01,0.0084676870748299,0.008,0.0135187074829931,0.0065,0.0278853741496598
kubernetes,ticket,bge-large,modn,comments_module_w100_modn,comments,module,w100,0.5472728670634921,0.5760555555555555,0.4,0.3273392857142857,0.2666666666666666,0.6343035714285714,0.207,0.8037738095238095,0.123,0.9329464285714286
kubernetes,ticket,bge-large,modn,title_file_w1000_modn,title,file,w1000,0.0471456582493929,0.0936369047619047,0.06,0.0181977466977466,0.05,0.0532401090972519,0.042,0.0655528796600225,0.037,0.0883484957048662
kubernetes,ticket,bge-large,modn,title_module_w1000_modn,title,module,w1000,0.4009820554610733,0.4232281746031747,0.22,0.188797619047619,0.1866666666666666,0.4696785714285714,0.152,0.6090595238095238,0.1225,0.942452380952381
kubernetes,ticket,bge-large,modn,desc_file_w1000_modn,desc,file,w1000,0.0367489905845713,0.0981666666666666,0.075,0.0200407153729071,0.0483333333333333,0.0386207794953933,0.04,0.0541453166021222,0.026,0.0592695883760567
kubernetes,ticket,bge-large,modn,desc_module_w1000_modn,desc,module,w1000,0.4085924390589568,0.4262301587301587,0.225,0.1935892857142857,0.1866666666666666,0.460470238095238,0.162,0.6403511904761905,0.1235,0.9454464285714286
kubernetes,ticket,bge-large,modn,comments_file_w1000_modn,comments,file,w1000,0.0407728531963173,0.0866706349206349,0.065,0.0194851598173515,0.0466666666666666,0.0405826966823594,0.036,0.0555506454003081,0.0265,0.0782002978849025
kubernetes,ticket,bge-large,modn,comments_module_w1000_modn,comments,module,w1000,0.3850806405895692,0.3989285714285714,0.21,0.1765059523809523,0.1666666666666666,0.3896369047619047,0.156,0.5967678571428572,0.1225,0.9221130952380954
kubernetes,ticket,bge-large,modn,title_file_all_modn,title,file,all,0.0980491465929902,0.1643055555555555,0.105,0.0510232803958769,0.085,0.1123142520055709,0.075,0.1499875634976047,0.0625,0.2154009924763127
kubernetes,ticket,bge-large,modn,title_module_all_modn,title,module,all,0.4489725198412698,0.4768253968253968,0.28,0.2321309523809523,0.215,0.5211369047619048,0.174,0.7034761904761905,0.1185,0.9230297619047618
kubernetes,ticket,bge-large,modn,desc_file_all_modn,desc,file,all,0.119401904531859,0.2220277777777777,0.14,0.0418485950386625,0.1383333333333333,0.141046610996255,0.115,0.1800187104430457,0.0855,0.2629804279671577
kubernetes,ticket,bge-large,modn,desc_module_all_modn,desc,module,all,0.4607222222222222,0.4755535714285714,0.29,0.2510892857142857,0.2083333333333333,0.5023452380952381,0.1669999999999999,0.6570178571428571,0.124,0.9384940476190476
kubernetes,ticket,bge-large,modn,comments_file_all_modn,comments,file,all,0.1365307284044447,0.2355912698412698,0.17,0.076419790183387,0.1266666666666666,0.1446599078301401,0.108,0.1880003088567345,0.08,0.2347181626101464
kubernetes,ticket,bge-large,modn,comments_module_all_modn,comments,module,all,0.4537379298941799,0.4751706349206349,0.285,0.239422619047619,0.215,0.5090119047619047,0.1729999999999999,0.6687321428571429,0.1235,0.939029761904762
pulumi,commit,bge-small,recent,title_file_w100_recent,title,file,w100,0.0752705412973546,0.180861111111111,0.135,0.0289099006474006,0.0983333333333333,0.0627783655158655,0.081,0.0797260158918053,0.0619999999999999,0.1141287951853409
pulumi,commit,bge-small,recent,title_module_w100_recent,title,module,w100,0.6225140873015873,0.7284761904761905,0.555,0.3005833333333333,0.3966666666666666,0.6419999999999999,0.296,0.7807499999999998,0.1939999999999999,0.97525
pulumi,commit,bge-small,recent,desc_file_w100_recent,desc,file,w100,0.0828689894744479,0.2383670634920635,0.185,0.0291338708991168,0.1283333333333333,0.0745549718220035,0.098,0.0937635385820408,0.0715,0.1281414388483682
pulumi,commit,bge-small,recent,desc_module_w100_recent,desc,module,w100,0.6442343253968253,0.7369285714285715,0.56,0.3044166666666666,0.4316666666666666,0.7060833333333334,0.311,0.81675,0.1939999999999999,0.97525
pulumi,commit,bge-small,recent,diff_file_w100_recent,diff,file,w100,0.0923001742307563,0.2465099206349206,0.21,0.0388559297226463,0.1433333333333333,0.0697217430759596,0.119,0.0934118069803092,0.0795,0.1284626137075865
pulumi,commit,bge-small,recent,diff_module_w100_recent,diff,module,w100,0.6307719246031745,0.7218452380952382,0.54,0.2874166666666666,0.4066666666666666,0.657,0.33,0.8565,0.194,0.97525
pulumi,commit,bge-small,recent,title_file_w1000_recent,title,file,w1000,0.10270213978374,0.2451289682539682,0.18,0.0473431126621916,0.145,0.08670039990992,0.12,0.1166402617637524,0.084,0.1590376935674149
pulumi,commit,bge-small,recent,title_module_w1000_recent,title,module,w1000,0.5665689814814815,0.6775138888888889,0.485,0.2815833333333333,0.37,0.6075833333333334,0.279,0.7368333333333333,0.187,0.9434166666666668
pulumi,commit,bge-small,recent,desc_file_w1000_recent,desc,file,w1000,0.1202744404809859,0.2982480158730158,0.215,0.0562272217347277,0.1683333333333332,0.1084062157670112,0.141,0.1430996335886854,0.093,0.1853298453703678
pulumi,commit,bge-small,recent,desc_module_w1000_recent,desc,module,w1000,0.6205078703703704,0.7419900793650794,0.58,0.3356666666666666,0.3933333333333333,0.6405000000000001,0.282,0.7478333333333333,0.1925,0.96775
pulumi,commit,bge-small,recent,diff_file_w1000_recent,diff,file,w1000,0.1243109700549057,0.2873174603174603,0.21,0.0636783495542766,0.1733333333333333,0.1077467215643652,0.14,0.1349984881801024,0.097,0.1750199448488943
pulumi,commit,bge-small,recent,diff_module_w1000_recent,diff,module,w1000,0.6054581349206348,0.7107202380952381,0.54,0.3075833333333334,0.375,0.61575,0.293,0.7822500000000001,0.196,0.9831666666666666
pulumi,commit,bge-small,recent,title_file_all_recent,title,file,all,0.0868724891483723,0.1927440476190476,0.13,0.0341148896038601,0.11,0.0768609651657252,0.098,0.1032936291608892,0.067,0.1314280894078494
pulumi,commit,bge-small,recent,title_module_all_recent,title,module,all,0.4488593584656085,0.5611845238095239,0.34,0.2093333333333333,0.295,0.4867499999999999,0.243,0.6640833333333334,0.156,0.8141666666666666
pulumi,commit,bge-small,recent,desc_file_all_recent,desc,file,all,0.1065889163099065,0.2589801587301587,0.17,0.0418989385661986,0.1416666666666666,0.0895503461193919,0.126,0.1302209527274985,0.0915,0.181801313986728
pulumi,commit,bge-small,recent,desc_module_all_recent,desc,module,all,0.4879557539682539,0.6093134920634921,0.4,0.2389166666666666,0.3316666666666667,0.5464166666666667,0.263,0.7040000000000001,0.1585,0.8154166666666666
pulumi,commit,bge-small,recent,diff_file_all_recent,diff,file,all,0.1053479362937693,0.2377876984126984,0.13,0.0360499145421746,0.15,0.0894170152962318,0.138,0.1217434057008785,0.098,0.1835375301399519
pulumi,commit,bge-small,recent,diff_module_all_recent,diff,module,all,0.4873554563492063,0.5904484126984128,0.37,0.2166666666666666,0.3183333333333333,0.53725,0.259,0.7019166666666666,0.175,0.8905833333333333
pulumi,commit,bge-small,modn,title_file_w100_modn,title,file,w100,0.0261636513949013,0.0568333333333333,0.03,0.0066628787878787,0.03,0.0187830086580086,0.031,0.0363246753246753,0.023,0.0574258658008658
pulumi,commit,bge-small,modn,title_module_w100_modn,title,module,w100,0.5244811507936508,0.5822638888888889,0.38,0.2543333333333333,0.2933333333333333,0.6040833333333333,0.236,0.7517499999999999,0.1435,0.9075
pulumi,commit,bge-small,modn,desc_file_w100_modn,desc,file,w100,0.0288795334295334,0.0559960317460317,0.02,0.0095833333333333,0.0299999999999999,0.0209734848484848,0.028,0.0363068181818181,0.0235,0.0715806277056277
pulumi,commit,bge-small,modn,desc_module_w100_modn,desc,module,w100,0.5563333333333333,0.6152638888888888,0.42,0.2868333333333333,0.3166666666666666,0.6361666666666665,0.242,0.7700833333333335,0.1435,0.9075
pulumi,commit,bge-small,modn,diff_file_w100_modn,diff,file,w100,0.0338240214646464,0.0796210317460317,0.05,0.0136508838383838,0.0533333333333333,0.0270965909090909,0.0409999999999999,0.0354400252525252,0.0325,0.0644360569985569
pulumi,commit,bge-small,modn,diff_module_w100_modn,diff,module,w100,0.5209359126984127,0.5722103174603174,0.355,0.2433333333333333,0.3033333333333333,0.6190833333333333,0.246,0.7760833333333333,0.1435,0.9075
pulumi,commit,bge-small,modn,title_file_w1000_modn,title,file,w1000,0.0497453979693034,0.1063769841269841,0.085,0.0227910353535353,0.055,0.0378575036075036,0.046,0.0465978535353535,0.043,0.0736691363185928
pulumi,commit,bge-small,modn,title_module_w1000_modn,title,module,w1000,0.509630291005291,0.5715813492063492,0.375,0.2676666666666666,0.2966666666666666,0.6088333333333333,0.22,0.72925,0.145,0.9133333333333332
pulumi,commit,bge-small,modn,desc_file_w1000_modn,desc,file,w1000,0.0640809699609971,0.1404424603174603,0.1,0.0374436327561327,0.0683333333333333,0.0619861803856369,0.0519999999999999,0.0691042359411924,0.0375,0.1021089557584122
pulumi,commit,bge-small,modn,desc_module_w1000_modn,desc,module,w1000,0.5412728174603174,0.6106269841269841,0.415,0.2751666666666666,0.3116666666666667,0.6309166666666667,0.225,0.7446666666666667,0.1485,0.93
pulumi,commit,bge-small,modn,diff_file_w1000_modn,diff,file,w1000,0.0759159022070253,0.1394980158730158,0.1,0.0368920846665411,0.0799999999999999,0.0611798131417696,0.073,0.0819220570090135,0.0535,0.1301385974130539
pulumi,commit,bge-small,modn,diff_module_w1000_modn,diff,module,w1000,0.5286183862433862,0.5780039682539683,0.38,0.2585,0.2983333333333333,0.5890833333333333,0.235,0.7463333333333333,0.1505,0.9391666666666666
pulumi,commit,bge-small,modn,title_file_all_modn,title,file,all,0.1167762255786152,0.2117341269841269,0.145,0.0650582264957265,0.1033333333333333,0.1063839652994064,0.088,0.1425230712914536,0.064,0.1963762430380077
pulumi,commit,bge-small,modn,title_module_all_modn,title,module,all,0.4519150132275132,0.5219642857142857,0.325,0.2314166666666666,0.25,0.5199166666666666,0.188,0.65675,0.1365,0.9006666666666666
pulumi,commit,bge-small,modn,desc_file_all_modn,desc,file,all,0.1704501317813844,0.3057837301587301,0.25,0.1039715007215007,0.1533333333333333,0.1521878416056805,0.121,0.1937366330919719,0.0875,0.2624142049754262
pulumi,commit,bge-small,modn,desc_module_all_modn,desc,module,all,0.4941224867724867,0.5604285714285715,0.35,0.24725,0.2733333333333334,0.5649166666666666,0.216,0.7371666666666666,0.141,0.9248333333333332
pulumi,commit,bge-small,modn,diff_file_all_modn,diff,file,all,0.1365575444126644,0.276343253968254,0.2,0.0678467203086768,0.1583333333333333,0.1325581518509907,0.129,0.1654734816192616,0.095,0.2173181664823289
pulumi,commit,bge-small,modn,diff_module_all_modn,diff,module,all,0.5176849867724868,0.5671130952380952,0.37,0.2695833333333333,0.2783333333333333,0.5711666666666666,0.224,0.7584166666666667,0.149,0.9581666666666666
pulumi,commit,bge-large,recent,title_file_w100_recent,title,file,w100,0.0731649758617538,0.1781309523809523,0.14,0.0332264983009548,0.0883333333333333,0.0562092363961929,0.0779999999999999,0.0765751661014083,0.061,0.1036207233219655
pulumi,commit,bge-large,recent,title_module_w100_recent,title,module,w100,0.6332705357142857,0.7266845238095239,0.545,0.3084166666666667,0.4016666666666666,0.65425,0.3,0.7829999999999999,0.194,0.97525
pulumi,commit,bge-large,recent,desc_file_w100_recent,desc,file,w100,0.0839045276063419,0.2328115079365079,0.19,0.0350558219983971,0.1216666666666666,0.0676664460965212,0.1009999999999999,0.0905762977183294,0.0675,0.1183630792551109
pulumi,commit,bge-large,recent,desc_module_w100_recent,desc,module,w100,0.6226694444444445,0.725234126984127,0.555,0.2984166666666666,0.4016666666666665,0.6459166666666667,0.308,0.8063333333333332,0.1939999999999999,0.97525
pulumi,commit,bge-large,recent,diff_file_w100_recent,diff,file,w100,0.0865535280322445,0.2320198412698412,0.19,0.0315339966015717,0.1316666666666666,0.0706051185351937,0.109,0.0947640682811,0.0735,0.1274074570994888
pulumi,commit,bge-large,recent,diff_module_w100_recent,diff,module,w100,0.6002430886243386,0.6935198412698412,0.505,0.2550833333333333,0.4,0.6451666666666667,0.329,0.8523333333333335,0.1939999999999999,0.97525
pulumi,commit,bge-large,recent,title_file_w1000_recent,title,file,w1000,0.0956608737978997,0.2306031746031746,0.165,0.0451731631672421,0.1316666666666666,0.0851179126042516,0.108,0.1135537892276282,0.0745,0.1391236655114751
pulumi,commit,bge-large,recent,title_module_w1000_recent,title,module,w1000,0.5553291666666667,0.6596031746031747,0.455,0.2590833333333333,0.3783333333333333,0.61675,0.281,0.7393333333333334,0.1915,0.9588333333333332
pulumi,commit,bge-large,recent,desc_file_w1000_recent,desc,file,w1000,0.1265388652165515,0.311281746031746,0.225,0.0628252797096046,0.1716666666666666,0.1151843665844478,0.139,0.1451194856320669,0.0984999999999999,0.1915138909904428
pulumi,commit,bge-large,recent,desc_module_w1000_recent,desc,module,w1000,0.5906029761904762,0.7101388888888889,0.525,0.2906666666666666,0.3866666666666666,0.6270833333333333,0.283,0.7622500000000001,0.194,0.9725833333333332
pulumi,commit,bge-large,recent,diff_file_w1000_recent,diff,file,w1000,0.1189616533139054,0.2822083333333333,0.225,0.0602165387773343,0.1533333333333333,0.0926041764664425,0.131,0.126165757179809,0.0944999999999999,0.1770642059532577
pulumi,commit,bge-large,recent,diff_module_w1000_recent,diff,module,w1000,0.5938709325396825,0.6965138888888889,0.51,0.2895,0.3733333333333333,0.607,0.292,0.7674166666666667,0.1975,0.993
pulumi,commit,bge-large,recent,title_file_all_recent,title,file,all,0.0876064163022609,0.1915436507936508,0.135,0.0368595448628343,0.1066666666666666,0.0738840883748778,0.089,0.0945930644478245,0.0684999999999999,0.1347092260639861
pulumi,commit,bge-large,recent,title_module_all_recent,title,module,all,0.4862187169312169,0.5990079365079365,0.39,0.2376666666666666,0.3216666666666666,0.5363333333333333,0.249,0.6753333333333333,0.16,0.8335833333333333
pulumi,commit,bge-large,recent,desc_file_all_recent,desc,file,all,0.1168028024539294,0.2776984126984127,0.18,0.0523772771948523,0.1549999999999999,0.1025754896564919,0.129,0.1341085885020908,0.094,0.1893231933416956
pulumi,commit,bge-large,recent,desc_module_all_recent,desc,module,all,0.4932695436507936,0.6222400793650793,0.41,0.2439166666666666,0.3433333333333332,0.5455833333333334,0.27,0.7175833333333332,0.1595,0.8266666666666667
pulumi,commit,bge-large,recent,diff_file_all_recent,diff,file,all,0.108920603725032,0.2715357142857142,0.18,0.040666686594976,0.1533333333333333,0.0918057559849725,0.136,0.1328973790765956,0.0995,0.1907627343827072
pulumi,commit,bge-large,recent,diff_module_all_recent,diff,module,all,0.4959690476190476,0.6049166666666667,0.4,0.2264166666666666,0.3199999999999999,0.5206666666666667,0.264,0.6935833333333333,0.177,0.9039166666666668
pulumi,commit,bge-large,modn,title_file_w100_modn,title,file,w100,0.0280763954740145,0.0603809523809523,0.035,0.0097224025974025,0.0299999999999999,0.0203663419913419,0.0289999999999999,0.0315330086580086,0.023,0.0491599927849927
pulumi,commit,bge-large,modn,title_module_w100_modn,title,module,w100,0.5427831349206349,0.5924325396825396,0.405,0.286,0.3,0.6065833333333334,0.248,0.7819166666666666,0.1435,0.9075
pulumi,commit,bge-large,modn,desc_file_w100_modn,desc,file,w100,0.0347709318954854,0.080547619047619,0.065,0.0177234848484848,0.0299999999999999,0.0230330086580086,0.03,0.0366363636363636,0.0265,0.0720312049062049
pulumi,commit,bge-large,modn,desc_module_w100_modn,desc,module,w100,0.5543625,0.6083075396825397,0.43,0.3034999999999999,0.305,0.61825,0.246,0.7785833333333333,0.1435,0.9075
pulumi,commit,bge-large,modn,diff_file_w100_modn,diff,file,w100,0.0403992724867724,0.1035515873015873,0.08,0.0197342171717171,0.0649999999999999,0.0366445707070707,0.045,0.0413667929292929,0.034,0.0594879148629148
pulumi,commit,bge-large,modn,diff_module_w100_modn,diff,module,w100,0.5566289682539682,0.6018511904761905,0.41,0.3043333333333333,0.3133333333333333,0.6395000000000001,0.239,0.7667499999999999,0.1435,0.9075
pulumi,commit,bge-large,modn,title_file_w1000_modn,title,file,w1000,0.0506976431884914,0.1102182539682539,0.075,0.0208276515151515,0.065,0.044812049062049,0.053,0.0545082371332371,0.043,0.0741719831094831
pulumi,commit,bge-large,modn,title_module_w1000_modn,title,module,w1000,0.5326309523809524,0.5886329365079365,0.39,0.2818333333333333,0.2883333333333333,0.5978333333333333,0.221,0.7305000000000001,0.1495,0.935
pulumi,commit,bge-large,modn,desc_file_w1000_modn,desc,file,w1000,0.0651912590562952,0.1459781746031746,0.12,0.0382828583453583,0.075,0.056187981000481,0.0569999999999999,0.0669616656491656,0.0445,0.0933801392045957
pulumi,commit,bge-large,modn,desc_module_w1000_modn,desc,module,w1000,0.5595638227513227,0.6305376984126984,0.445,0.3068333333333333,0.3133333333333333,0.6399166666666667,0.226,0.7505000000000002,0.1495,0.9341666666666666
pulumi,commit,bge-large,modn,diff_file_w1000_modn,diff,file,w1000,0.0719745793736399,0.1477261904761904,0.11,0.0339824134199134,0.085,0.0625112133237133,0.072,0.0750682510927076,0.0535,0.10434857354803
pulumi,commit,bge-large,modn,diff_module_w1000_modn,diff,module,w1000,0.5544682539682539,0.6044424603174603,0.41,0.2893333333333333,0.3166666666666666,0.638,0.234,0.7546666666666667,0.15,0.9366666666666664
pulumi,commit,bge-large,modn,title_file_all_modn,title,file,all,0.1218447336250272,0.2310238095238095,0.16,0.0616262626262626,0.1133333333333333,0.1093514977669389,0.094,0.1447323252727664,0.0755,0.2250035952964341
pulumi,commit,bge-large,modn,title_module_all_modn,title,module,all,0.4720662698412698,0.5355119047619048,0.315,0.21625,0.26,0.5526666666666666,0.209,0.7113333333333333,0.1455,0.94
pulumi,commit,bge-large,modn,desc_file_all_modn,desc,file,all,0.1781803945411255,0.3196547619047619,0.23,0.0838989944234509,0.175,0.1686684006707983,0.146,0.2129450173003561,0.103,0.2981443891431103
pulumi,commit,bge-large,modn,desc_module_all_modn,desc,module,all,0.5000390211640212,0.5578234126984127,0.335,0.2322499999999999,0.2933333333333333,0.6071666666666666,0.217,0.7346666666666667,0.1435,0.9265
pulumi,commit,bge-large,modn,diff_file_all_modn,diff,file,all,0.1516135832606158,0.2880257936507936,0.215,0.0678394314019314,0.1666666666666666,0.1333184336088748,0.144,0.1793749277683101,0.1035,0.2598256018219254
pulumi,commit,bge-large,modn,diff_module_all_modn,diff,module,all,0.5242086309523809,0.5724821428571428,0.365,0.26225,0.2916666666666666,0.6124166666666667,0.226,0.7675833333333333,0.15,0.9548333333333332
pulumi,ticket,bge-small,recent,title_file_w100_recent,title,file,w100,0.2062941236895448,0.3719146825396825,0.31,0.1438706787203476,0.1666666666666666,0.2188746469743158,0.11,0.2373618795485049,0.066,0.2630295828977872
pulumi,ticket,bge-small,recent,title_module_w100_recent,title,module,w100,0.636794246031746,0.6804880952380953,0.495,0.29725,0.405,0.7356666666666666,0.291,0.8614166666666666,0.168,0.9923333333333332
pulumi,ticket,bge-small,recent,desc_file_w100_recent,desc,file,w100,0.1725187857887178,0.3459722222222222,0.29,0.1155401065147753,0.1533333333333333,0.1807736828799306,0.105,0.1970193348887406,0.0635,0.2290410520604577
pulumi,ticket,bge-small,recent,desc_module_w100_recent,desc,module,w100,0.6628861111111111,0.7216428571428571,0.585,0.3645,0.3683333333333333,0.6589999999999999,0.307,0.8924166666666667,0.168,0.9923333333333332
pulumi,ticket,bge-small,recent,comments_file_w100_recent,comments,file,w100,0.1686359221270383,0.3451150793650794,0.29,0.1132572782319471,0.1549999999999999,0.1811903495465973,0.102,0.1937006214384481,0.062,0.2266915571109628
pulumi,ticket,bge-small,recent,comments_module_w100_recent,comments,module,w100,0.6732373015873016,0.7325238095238095,0.6,0.3745,0.38,0.6831666666666666,0.308,0.8949166666666667,0.168,0.9923333333333332
pulumi,ticket,bge-small,recent,title_file_w1000_recent,title,file,w1000,0.1664815785894792,0.2832063492063492,0.215,0.0934308910921814,0.1433333333333333,0.1718665673849584,0.1169999999999999,0.2064264620805917,0.0819999999999999,0.2632758805422193
pulumi,ticket,bge-small,recent,title_module_w1000_recent,title,module,w1000,0.5787799603174604,0.6405595238095237,0.48,0.3379166666666666,0.3183333333333333,0.5990833333333334,0.242,0.7385833333333334,0.1635,0.9721666666666668
pulumi,ticket,bge-small,recent,desc_file_w1000_recent,desc,file,w1000,0.1259669693338029,0.2182539682539682,0.155,0.0640746045424738,0.1133333333333333,0.1248065228238403,0.095,0.1632503063021438,0.0655,0.2111627559308529
pulumi,ticket,bge-small,recent,desc_module_w1000_recent,desc,module,w1000,0.6681799603174602,0.7056150793650794,0.535,0.33825,0.41,0.7531666666666667,0.285,0.856,0.17,0.999
pulumi,ticket,bge-small,recent,comments_file_w1000_recent,comments,file,w1000,0.0992565120951037,0.1986984126984126,0.13,0.0491059226252624,0.1016666666666666,0.0879046638984519,0.09,0.1349956376192514,0.061,0.1863270964185795
pulumi,ticket,bge-small,recent,comments_module_w1000_recent,comments,module,w1000,0.7120468253968254,0.742406746031746,0.59,0.3985,0.42,0.7702500000000001,0.29,0.8682500000000001,0.1695,0.994
pulumi,ticket,bge-small,recent,title_file_all_recent,title,file,all,0.0588986626376411,0.1266388888888888,0.09,0.0331126984126984,0.0599999999999999,0.0544936135549038,0.048,0.0740799230787134,0.037,0.1162719865707769
pulumi,ticket,bge-small,recent,title_module_all_recent,title,module,all,0.4132946428571429,0.4648075396825396,0.23,0.1625,0.2383333333333333,0.4732499999999999,0.198,0.6224166666666666,0.147,0.88075
pulumi,ticket,bge-small,recent,desc_file_all_recent,desc,file,all,0.074681065253915,0.1626031746031745,0.1,0.0399861047546402,0.08,0.0672873971452299,0.075,0.1070007028430585,0.0519999999999999,0.1480796666475441
pulumi,ticket,bge-small,recent,desc_module_all_recent,desc,module,all,0.5446501322751323,0.6016031746031746,0.42,0.2716666666666666,0.32,0.5913333333333334,0.244,0.7295833333333335,0.1585,0.9410833333333334
pulumi,ticket,bge-small,recent,comments_file_all_recent,comments,file,all,0.1008601145579718,0.2244662698412698,0.155,0.0521492700207466,0.11,0.1059888390856425,0.093,0.1459738838701355,0.0655,0.1839973785747347
pulumi,ticket,bge-small,recent,comments_module_all_recent,comments,module,all,0.5476778108465608,0.6041349206349207,0.415,0.2791666666666666,0.3216666666666666,0.5938333333333334,0.247,0.7514166666666666,0.1585,0.94025
pulumi,ticket,bge-small,modn,title_file_w100_modn,title,file,w100,0.0519685269392753,0.1399940476190476,0.1,0.0317671362950774,0.0616666666666666,0.0512842285707329,0.05,0.0633453607776263,0.038,0.084140529046497
pulumi,ticket,bge-small,modn,title_module_w100_modn,title,module,w100,0.4495751984126984,0.5344880952380953,0.29,0.1636666666666666,0.3116666666666666,0.5340833333333334,0.26,0.7325,0.1595,0.8829166666666666
pulumi,ticket,bge-small,modn,desc_file_w100_modn,desc,file,w100,0.0572069445882956,0.1510138888888889,0.12,0.0355429149666173,0.0766666666666666,0.0598717239411876,0.06,0.0733589180089255,0.0385,0.0808957917975991
pulumi,ticket,bge-small,modn,desc_module_w100_modn,desc,module,w100,0.511754761904762,0.6068630952380952,0.37,0.2189166666666666,0.335,0.5988333333333332,0.278,0.7849166666666666,0.1595,0.8829166666666666
pulumi,ticket,bge-small,modn,comments_file_w100_modn,comments,file,w100,0.0643675158284971,0.1539087301587301,0.125,0.0390929149666173,0.075,0.0644513133131682,0.063,0.08411732137027,0.0395,0.0923885729975603
pulumi,ticket,bge-small,modn,comments_module_w100_modn,comments,module,w100,0.5115619047619048,0.6011011904761905,0.37,0.21725,0.35,0.6234166666666666,0.278,0.7918333333333334,0.1595,0.8829166666666666
pulumi,ticket,bge-small,modn,title_file_w1000_modn,title,file,w1000,0.0700244411979958,0.1474126984126984,0.09,0.0334106702136895,0.0816666666666666,0.0776104677280031,0.063,0.0954335311040858,0.0445,0.1276190276543247
pulumi,ticket,bge-small,modn,title_module_w1000_modn,title,module,w1000,0.4692156746031746,0.5525912698412698,0.36,0.2171666666666666,0.27,0.4730833333333333,0.214,0.6054166666666666,0.1745,0.9380833333333334
pulumi,ticket,bge-small,modn,desc_file_w1000_modn,desc,file,w1000,0.0632900125723073,0.1676230158730159,0.095,0.0324305114835307,0.0816666666666666,0.0657228264861231,0.074,0.0956938886674627,0.0545,0.1246938731162539
pulumi,ticket,bge-small,modn,desc_module_w1000_modn,desc,module,w1000,0.4532486772486772,0.5219027777777778,0.285,0.16325,0.2783333333333333,0.4868333333333333,0.236,0.6755833333333334,0.1775,0.95425
pulumi,ticket,bge-small,modn,comments_file_w1000_modn,comments,file,w1000,0.0622454104499662,0.1780257936507936,0.115,0.0327229146301727,0.0866666666666666,0.0691884959089725,0.078,0.0884639542238547,0.055,0.1162402816561427
pulumi,ticket,bge-small,modn,comments_module_w1000_modn,comments,module,w1000,0.4649922949735449,0.5502043650793651,0.33,0.1803333333333333,0.2833333333333332,0.5041666666666667,0.2339999999999999,0.6714166666666667,0.177,0.9528333333333332
pulumi,ticket,bge-small,modn,title_file_all_modn,title,file,all,0.108131384858701,0.2134523809523809,0.135,0.0498145671777197,0.1116666666666666,0.1061039879332342,0.095,0.1405015545156494,0.0755,0.2098917098778301
pulumi,ticket,bge-small,modn,title_module_all_modn,title,module,all,0.4033840608465608,0.4970376984126984,0.325,0.2076666666666666,0.2233333333333333,0.3995833333333333,0.186,0.5440833333333334,0.145,0.80925
pulumi,ticket,bge-small,modn,desc_file_all_modn,desc,file,all,0.1256945171563151,0.2527559523809523,0.155,0.0507901378122582,0.135,0.1288234089393414,0.124,0.1676483735334688,0.105,0.2379665093621286
pulumi,ticket,bge-small,modn,desc_module_all_modn,desc,module,all,0.3971587301587301,0.5143670634920635,0.345,0.1881666666666666,0.2433333333333333,0.4072499999999999,0.201,0.5638333333333333,0.1495,0.8215
pulumi,ticket,bge-small,modn,comments_file_all_modn,comments,file,all,0.1250336408345169,0.2578373015873015,0.155,0.0528734711455915,0.1466666666666666,0.1270491614477026,0.128,0.1620602667092306,0.1095,0.2259780465356041
pulumi,ticket,bge-small,modn,comments_module_all_modn,comments,module,all,0.4166175264550265,0.540781746031746,0.385,0.2119166666666666,0.24,0.3907499999999999,0.21,0.5969166666666667,0.152,0.8377500000000001
pulumi,ticket,bge-large,recent,title_file_w100_recent,title,file,w100,0.203303734472263,0.3824444444444445,0.32,0.1327635358632047,0.18,0.2293322493134971,0.119,0.243718757250005,0.0645,0.2565200393012871
pulumi,ticket,bge-large,recent,title_module_w100_recent,title,module,w100,0.6495811507936508,0.6972261904761905,0.525,0.3276666666666666,0.42,0.7560833333333333,0.294,0.8697499999999999,0.168,0.9923333333333332
pulumi,ticket,bge-large,recent,desc_file_w100_recent,desc,file,w100,0.1677497897409059,0.333531746031746,0.28,0.1099579803076491,0.1483333333333333,0.1847090169902648,0.1039999999999999,0.2064920161548429,0.0615,0.2229882742826799
pulumi,ticket,bge-large,recent,desc_module_w100_recent,desc,module,w100,0.6555763888888889,0.7109285714285715,0.575,0.362,0.3733333333333333,0.65775,0.301,0.87875,0.168,0.9923333333333332
pulumi,ticket,bge-large,recent,comments_file_w100_recent,comments,file,w100,0.1691711526745935,0.3546984126984127,0.305,0.1178291443288132,0.1533333333333333,0.1800129466376155,0.104,0.2034179730926419,0.06,0.2226013861707918
pulumi,ticket,bge-large,recent,comments_module_w100_recent,comments,module,w100,0.6630753968253968,0.7168095238095238,0.575,0.357,0.395,0.7060833333333334,0.305,0.89375,0.168,0.9923333333333332
pulumi,ticket,bge-large,recent,title_file_w1000_recent,title,file,w1000,0.177002938025662,0.2870793650793651,0.205,0.0990778873707566,0.1466666666666666,0.1666575146949874,0.115,0.2060309805660339,0.0885,0.2792411932533452
pulumi,ticket,bge-large,recent,title_module_w1000_recent,title,module,w1000,0.5942243386243387,0.6692301587301587,0.515,0.3458333333333332,0.34,0.6385000000000001,0.244,0.73925,0.161,0.9598333333333332
pulumi,ticket,bge-large,recent,desc_file_w1000_recent,desc,file,w1000,0.15377562610327,0.2617738095238095,0.175,0.0748199749128441,0.1383333333333333,0.1561288304773299,0.116,0.2067401107014369,0.0755,0.2492456372183681
pulumi,ticket,bge-large,recent,desc_module_w1000_recent,desc,module,w1000,0.6844655423280424,0.7282123015873015,0.575,0.36975,0.4166666666666666,0.7550833333333334,0.292,0.8718333333333333,0.17,0.999
pulumi,ticket,bge-large,recent,comments_file_w1000_recent,comments,file,w1000,0.1523430248891055,0.2727539682539682,0.19,0.0817281448474847,0.15,0.150477702657781,0.121,0.1946826336755388,0.08,0.24365637367333
pulumi,ticket,bge-large,recent,comments_module_w1000_recent,comments,module,w1000,0.7085407407407408,0.7508432539682539,0.605,0.4005833333333333,0.42,0.7652500000000001,0.291,0.8720833333333334,0.17,0.999
pulumi,ticket,bge-large,recent,title_file_all_recent,title,file,all,0.0633296155383777,0.1237341269841269,0.07,0.0279583333333333,0.065,0.0668941589811155,0.051,0.0735735183744454,0.0464999999999999,0.1367368510448899
pulumi,ticket,bge-large,recent,title_module_all_recent,title,module,all,0.4383813492063491,0.4735337301587302,0.24,0.1870833333333333,0.25,0.4884999999999999,0.225,0.6856666666666666,0.153,0.9213333333333332
pulumi,ticket,bge-large,recent,desc_file_all_recent,desc,file,all,0.0896777613101932,0.1936746031746032,0.12,0.0426359063419418,0.0966666666666666,0.0825151189956026,0.088,0.1299422494417418,0.0635,0.172345434357388
pulumi,ticket,bge-large,recent,desc_module_all_recent,desc,module,all,0.5320654100529101,0.6151170634920635,0.43,0.261,0.3383333333333332,0.6225833333333334,0.24,0.7229166666666665,0.156,0.9169166666666666
pulumi,ticket,bge-large,recent,comments_file_all_recent,comments,file,all,0.1302632529624354,0.2697539682539682,0.17,0.0607253080056772,0.1416666666666666,0.1460009181072062,0.115,0.1835975982084124,0.0825,0.2515931324798036
pulumi,ticket,bge-large,recent,comments_module_all_recent,comments,module,all,0.5179771825396826,0.5983948412698412,0.41,0.2576666666666666,0.3066666666666666,0.5730000000000001,0.234,0.7179166666666668,0.1565,0.9269166666666666
pulumi,ticket,bge-large,modn,title_file_w100_modn,title,file,w100,0.0605758610318481,0.1590119047619047,0.125,0.0380911709221314,0.0833333333333333,0.0615561459570882,0.06,0.0648415809484837,0.042,0.0883131367187419
pulumi,ticket,bge-large,modn,title_module_w100_modn,title,module,w100,0.4671800595238095,0.5517103174603175,0.315,0.1885,0.3316666666666667,0.5759166666666666,0.26,0.7205833333333334,0.1595,0.8829166666666666
pulumi,ticket,bge-large,modn,desc_file_w100_modn,desc,file,w100,0.0529463884621356,0.1466587301587301,0.11,0.0266918945449138,0.0783333333333333,0.0584017884107682,0.057,0.0703866156452448,0.039,0.0877684257332005
pulumi,ticket,bge-large,modn,desc_module_w100_modn,desc,module,w100,0.5156748015873016,0.6077936507936507,0.39,0.2353333333333333,0.3433333333333334,0.5978333333333333,0.275,0.7615833333333333,0.1595,0.8829166666666666
pulumi,ticket,bge-large,modn,comments_file_w100_modn,comments,file,w100,0.0564925747307501,0.143345238095238,0.105,0.0285119866692447,0.0799999999999999,0.062213798108858,0.059,0.0691501727219544,0.037,0.0930175969643786
pulumi,ticket,bge-large,modn,comments_module_w100_modn,comments,module,w100,0.5203714285714285,0.6166805555555556,0.415,0.2559166666666666,0.335,0.5724166666666667,0.271,0.7429166666666667,0.1595,0.8829166666666666
pulumi,ticket,bge-large,modn,title_file_w1000_modn,title,file,w1000,0.0955669567816281,0.18175,0.13,0.0584905913978494,0.0933333333333333,0.095642103863878,0.077,0.1167166359653284,0.0559999999999999,0.150455985592439
pulumi,ticket,bge-large,modn,title_module_w1000_modn,title,module,w1000,0.4972011243386243,0.5795317460317461,0.41,0.2571666666666667,0.285,0.4857499999999999,0.2319999999999999,0.6418333333333334,0.1715,0.922
pulumi,ticket,bge-large,modn,desc_file_w1000_modn,desc,file,w1000,0.0956007906344223,0.2165119047619048,0.155,0.0633177559000139,0.1033333333333333,0.0985440084407826,0.085,0.1099031948753547,0.064,0.151915273583931
pulumi,ticket,bge-large,modn,desc_module_w1000_modn,desc,module,w1000,0.5069729497354497,0.57625,0.38,0.2385,0.295,0.5185,0.241,0.6582499999999999,0.1805,0.9638333333333334
pulumi,ticket,bge-large,modn,comments_file_w1000_modn,comments,file,w1000,0.1014603539261125,0.2194464285714285,0.145,0.060681247963506,0.1116666666666666,0.1008846342093495,0.096,0.1228393966678676,0.0685,0.1623757646010097
pulumi,ticket,bge-large,modn,comments_module_w1000_modn,comments,module,w1000,0.5016851851851851,0.5859305555555555,0.405,0.2436666666666666,0.2933333333333333,0.5180833333333333,0.235,0.6514166666666666,0.1785,0.948
pulumi,ticket,bge-large,modn,title_file_all_modn,title,file,all,0.1194105309635948,0.2309900793650793,0.155,0.0521287238975857,0.1233333333333333,0.1126515869893107,0.11,0.150165841785473,0.0865,0.2259595103011668
pulumi,ticket,bge-large,modn,title_module_all_modn,title,module,all,0.3854274801587302,0.4805595238095238,0.305,0.1863333333333333,0.2183333333333333,0.3830833333333333,0.1959999999999999,0.5523333333333332,0.143,0.8036666666666666
pulumi,ticket,bge-large,modn,desc_file_all_modn,desc,file,all,0.1477472935715413,0.2874484126984126,0.18,0.0618413468334161,0.1616666666666666,0.1308742940629436,0.152,0.1861305145262942,0.1245,0.2776705532751332
pulumi,ticket,bge-large,modn,desc_module_all_modn,desc,module,all,0.3999823412698413,0.5127123015873016,0.335,0.1819166666666666,0.25,0.4184999999999999,0.2,0.55925,0.1505,0.8256666666666667
pulumi,ticket,bge-large,modn,comments_file_all_modn,comments,file,all,0.1609363254008097,0.3171686507936508,0.225,0.0745589172108101,0.1783333333333333,0.1353899481015738,0.165,0.203498653556278,0.1295,0.2804469358695667
pulumi,ticket,bge-large,modn,comments_module_all_modn,comments,module,all,0.4159365079365079,0.5346845238095238,0.37,0.1971666666666666,0.24,0.4104166666666667,0.207,0.5814999999999999,0.155,0.8491666666666667
rubocop,commit,bge-small,recent,title_file_w100_recent,title,file,w100,0.1066867765669953,0.1898075396825397,0.15,0.0551688311688311,0.1099999999999999,0.1135281385281385,0.085,0.1310281385281385,0.0525,0.1476943347183663
rubocop,commit,bge-small,recent,title_module_w100_recent,title,module,w100,0.6766680555555555,0.7112678571428571,0.58,0.2731666666666666,0.4616666666666666,0.6326666666666667,0.389,0.8948333333333331,0.2095,0.9891666666666667
rubocop,commit,bge-small,recent,desc_file_w100_recent,desc,file,w100,0.1131836019441035,0.206095238095238,0.175,0.0615497835497835,0.1233333333333333,0.122051948051948,0.085,0.1295005411255411,0.051,0.1444229761749489
rubocop,commit,bge-small,recent,desc_module_w100_recent,desc,module,w100,0.6599001984126985,0.703779761904762,0.595,0.2794166666666667,0.4466666666666666,0.5865833333333333,0.372,0.8125833333333332,0.2095,0.9891666666666667
rubocop,commit,bge-small,recent,diff_file_w100_recent,diff,file,w100,0.0956233059410016,0.1691031746031746,0.13,0.0465854978354978,0.1016666666666666,0.0958495670995671,0.074,0.1218517316017316,0.048,0.1472441182681498
rubocop,commit,bge-small,recent,diff_module_w100_recent,diff,module,w100,0.7356597222222223,0.7622678571428572,0.64,0.3344166666666666,0.5149999999999999,0.7336666666666666,0.393,0.9071666666666668,0.2095,0.9891666666666667
rubocop,commit,bge-small,recent,title_file_w1000_recent,title,file,w1000,0.2189009771098634,0.377297619047619,0.31,0.1273212121212121,0.1983333333333333,0.2340474025974026,0.135,0.254850974025974,0.085,0.2936467856987584
rubocop,commit,bge-small,recent,title_module_w1000_recent,title,module,w1000,0.6332144841269841,0.6834464285714286,0.585,0.2648333333333333,0.4233333333333333,0.5383333333333333,0.325,0.6607499999999998,0.211,1.0
rubocop,commit,bge-small,recent,desc_file_w1000_recent,desc,file,w1000,0.2165041323618631,0.3753670634920635,0.315,0.1208558059587471,0.2016666666666666,0.2297700916730328,0.14,0.2635677107206519,0.0854999999999999,0.2934481926251653
rubocop,commit,bge-small,recent,desc_module_w1000_recent,desc,module,w1000,0.6279704365079365,0.6754940476190476,0.565,0.2598333333333333,0.43,0.5514166666666667,0.315,0.6518333333333333,0.211,1.0
rubocop,commit,bge-small,recent,diff_file_w1000_recent,diff,file,w1000,0.2073864410915881,0.3539583333333332,0.3,0.123,0.1883333333333333,0.2178274509803921,0.131,0.2522917366946778,0.0765,0.2785698752228164
rubocop,commit,bge-small,recent,diff_module_w1000_recent,diff,module,w1000,0.6225186507936508,0.6376190476190476,0.505,0.2189999999999999,0.4766666666666667,0.5914166666666667,0.362,0.7596666666666667,0.211,1.0
rubocop,commit,bge-small,recent,title_file_all_recent,title,file,all,0.2869694222840651,0.4220376984126984,0.345,0.1683093073593073,0.2333333333333333,0.3065890692640692,0.1579999999999999,0.3314854978354978,0.095,0.3817971861471861
rubocop,commit,bge-small,recent,title_module_all_recent,title,module,all,0.4990350529100529,0.6085595238095238,0.49,0.2050833333333333,0.365,0.4774166666666666,0.267,0.5842499999999999,0.187,0.8890833333333333
rubocop,commit,bge-small,recent,desc_file_all_recent,desc,file,all,0.2786626082251082,0.4215654761904761,0.35,0.159025974025974,0.2266666666666666,0.2920795454545454,0.158,0.3261866883116883,0.096,0.3844805194805195
rubocop,commit,bge-small,recent,desc_module_all_recent,desc,module,all,0.5023291666666667,0.603001984126984,0.5,0.2275833333333333,0.3583333333333333,0.4543333333333333,0.259,0.55475,0.18,0.8436666666666666
rubocop,commit,bge-small,recent,diff_file_all_recent,diff,file,all,0.2607012092412722,0.3836825396825397,0.3,0.1425416666666666,0.2133333333333333,0.2741369047619047,0.147,0.3004914502164502,0.0984999999999999,0.3911032085561497
rubocop,commit,bge-small,recent,diff_module_all_recent,diff,module,all,0.4654832010582009,0.5195357142857142,0.365,0.1609166666666666,0.3183333333333333,0.4130833333333333,0.294,0.61525,0.1995,0.9173333333333332
rubocop,commit,bge-small,modn,title_file_w100_modn,title,file,w100,0.0521492587439016,0.0989642857142857,0.07,0.0394505772005772,0.0416666666666666,0.0546596274096274,0.036,0.0678760776260776,0.023,0.0808678358678358
rubocop,commit,bge-small,modn,title_module_w100_modn,title,module,w100,0.7279353174603175,0.8015000000000001,0.68,0.3439166666666666,0.4933333333333333,0.7246666666666667,0.386,0.8988333333333333,0.2035,0.94225
rubocop,commit,bge-small,modn,desc_file_w100_modn,desc,file,w100,0.0451308182773633,0.0953730158730158,0.055,0.0290458152958152,0.045,0.0457167900537465,0.037,0.0540438657558222,0.025,0.0829010086129651
rubocop,commit,bge-small,modn,desc_module_w100_modn,desc,module,w100,0.714020238095238,0.781720238095238,0.65,0.3226666666666666,0.4983333333333333,0.7325833333333334,0.384,0.8925833333333333,0.2035,0.94225
rubocop,commit,bge-small,modn,diff_file_w100_modn,diff,file,w100,0.0395848901429258,0.0786091269841269,0.055,0.0302958152958152,0.0333333333333333,0.038036075036075,0.03,0.0523662818662818,0.0195,0.0600708273208273
rubocop,commit,bge-small,modn,diff_module_w100_modn,diff,module,w100,0.6814448412698413,0.7328888888888888,0.58,0.2868333333333333,0.5016666666666666,0.7130833333333334,0.387,0.8975833333333333,0.2035,0.94225
rubocop,commit,bge-small,modn,title_file_w1000_modn,title,file,w1000,0.1092232399971012,0.2025218253968254,0.155,0.066812504524461,0.0833333333333333,0.1030177113546678,0.065,0.1351627329996895,0.0475,0.1923752149621714
rubocop,commit,bge-small,modn,title_module_w1000_modn,title,module,w1000,0.7131560515873017,0.7701309523809524,0.62,0.33375,0.495,0.7280833333333334,0.3710000000000001,0.87075,0.2035,0.94225
rubocop,commit,bge-small,modn,desc_file_w1000_modn,desc,file,w1000,0.1245815961605299,0.2339464285714285,0.195,0.0868916892286457,0.0966666666666666,0.1225329229948795,0.072,0.1426977859097424,0.0525,0.1939287654776785
rubocop,commit,bge-small,modn,desc_module_w1000_modn,desc,module,w1000,0.6807874999999999,0.7439166666666667,0.565,0.2716666666666666,0.4883333333333333,0.7155833333333333,0.372,0.8761666666666668,0.2035,0.94225
rubocop,commit,bge-small,modn,diff_file_w1000_modn,diff,file,w1000,0.117308913465474,0.1969484126984127,0.14,0.0707599206349206,0.0933333333333333,0.1292845719095719,0.071,0.1518473816843382,0.048,0.1794696159315724
rubocop,commit,bge-small,modn,diff_module_w1000_modn,diff,module,w1000,0.6332359126984126,0.6692222222222222,0.445,0.2148333333333333,0.48,0.705,0.378,0.8803333333333333,0.2035,0.94225
rubocop,commit,bge-small,modn,title_file_all_modn,title,file,all,0.3088635784486996,0.476922619047619,0.41,0.1950684569054134,0.2483333333333333,0.329921631508588,0.17,0.3617103219847785,0.1014999999999999,0.4108077546447111
rubocop,commit,bge-small,modn,title_module_all_modn,title,module,all,0.6579991071428571,0.7107063492063491,0.56,0.2843333333333333,0.4533333333333333,0.6655833333333334,0.357,0.8489166666666667,0.208,0.9704166666666666
rubocop,commit,bge-small,modn,desc_file_all_modn,desc,file,all,0.322596494288906,0.4956507936507936,0.415,0.1971941391941391,0.255,0.339280758492715,0.178,0.3830152462272028,0.1075,0.4425602197721763
rubocop,commit,bge-small,modn,desc_module_all_modn,desc,module,all,0.6387249007936507,0.6865654761904761,0.525,0.2651666666666666,0.4416666666666667,0.6405833333333334,0.35,0.8194999999999999,0.209,0.9766666666666666
rubocop,commit,bge-small,modn,diff_file_all_modn,diff,file,all,0.2460939892056222,0.3900257936507936,0.285,0.1159494047619047,0.2283333333333333,0.2830518970763536,0.162,0.3479507066001631,0.093,0.3840678001547566
rubocop,commit,bge-small,modn,diff_module_all_modn,diff,module,all,0.5266400793650794,0.5610238095238096,0.36,0.18225,0.3266666666666666,0.4895833333333333,0.3340000000000001,0.7874166666666668,0.213,0.99125
rubocop,commit,bge-large,recent,title_file_w100_recent,title,file,w100,0.1126190416065416,0.2022619047619047,0.17,0.059797619047619,0.1233333333333333,0.1174962121212121,0.088,0.1313198051948051,0.05,0.1442348484848485
rubocop,commit,bge-large,recent,title_module_w100_recent,title,module,w100,0.653579761904762,0.6844821428571428,0.57,0.2673333333333333,0.4416666666666667,0.5664166666666667,0.37,0.7648333333333334,0.2095,0.9891666666666667
rubocop,commit,bge-large,recent,desc_file_w100_recent,desc,file,w100,0.1186332422868137,0.2147896825396825,0.185,0.0690595238095237,0.1283333333333333,0.1240974025974026,0.085,0.1304745670995671,0.0484999999999999,0.1391693722943722
rubocop,commit,bge-large,recent,desc_module_w100_recent,desc,module,w100,0.6578605158730159,0.6923392857142858,0.585,0.2764999999999999,0.445,0.5714166666666667,0.367,0.7465,0.2095,0.9891666666666667
rubocop,commit,bge-large,recent,diff_file_w100_recent,diff,file,w100,0.0905847359225779,0.1761230158730158,0.145,0.0487997835497835,0.0883333333333333,0.0831352813852813,0.072,0.1170352438092753,0.0484999999999999,0.1493967156707472
rubocop,commit,bge-large,recent,diff_module_w100_recent,diff,module,w100,0.7227583333333334,0.7348988095238096,0.585,0.3073333333333333,0.5149999999999999,0.7190833333333333,0.401,0.9231666666666666,0.2095,0.9891666666666667
rubocop,commit,bge-large,recent,title_file_w1000_recent,title,file,w1000,0.2189354160351008,0.3834543650793651,0.315,0.1242059523809523,0.2049999999999999,0.2360974726254137,0.147,0.2685579704609116,0.085,0.298089896867838
rubocop,commit,bge-large,recent,title_module_w1000_recent,title,module,w1000,0.6284974206349206,0.6610555555555555,0.55,0.2459166666666666,0.4316666666666667,0.5516666666666667,0.341,0.68875,0.211,1.0
rubocop,commit,bge-large,recent,desc_file_w1000_recent,desc,file,w1000,0.2218133155787567,0.3787559523809524,0.335,0.128482212885154,0.2066666666666666,0.2280319964349376,0.142,0.2591629488158899,0.0825,0.2872601349630762
rubocop,commit,bge-large,recent,desc_module_w1000_recent,desc,module,w1000,0.6378873015873016,0.6787460317460318,0.59,0.2698333333333332,0.43,0.5491666666666667,0.336,0.6724166666666668,0.211,1.0
rubocop,commit,bge-large,recent,diff_file_w1000_recent,diff,file,w1000,0.2026914649630485,0.3436964285714285,0.27,0.1042941176470588,0.1933333333333333,0.2095417366946778,0.142,0.2586450916730328,0.0834999999999999,0.3012019805039532
rubocop,commit,bge-large,recent,diff_module_w1000_recent,diff,module,w1000,0.6628886904761905,0.6788333333333333,0.55,0.2510833333333333,0.4933333333333333,0.6318333333333332,0.366,0.7717499999999999,0.211,1.0
rubocop,commit,bge-large,recent,title_file_all_recent,title,file,all,0.2915379921665636,0.4302738095238095,0.335,0.1614938311688311,0.245,0.3206045454545455,0.166,0.3521402597402597,0.0984999999999999,0.3984497835497835
rubocop,commit,bge-large,recent,title_module_all_recent,title,module,all,0.4681936507936508,0.5709285714285715,0.475,0.2021666666666666,0.355,0.4590833333333333,0.258,0.5496666666666666,0.175,0.7515833333333332
rubocop,commit,bge-large,recent,desc_file_all_recent,desc,file,all,0.3102635070947571,0.4627480158730159,0.39,0.1843688311688311,0.2516666666666667,0.321803354978355,0.175,0.3617378787878788,0.103,0.4099438311688311
rubocop,commit,bge-large,recent,desc_module_all_recent,desc,module,all,0.4896230158730158,0.5762976190476191,0.465,0.1996666666666667,0.37,0.4768333333333333,0.261,0.5543333333333333,0.1785,0.78175
rubocop,commit,bge-large,recent,diff_file_all_recent,diff,file,all,0.3037686297498797,0.4565059523809524,0.375,0.1664559523809524,0.245,0.3117595238095238,0.18,0.374803354978355,0.108,0.4365712121212121
rubocop,commit,bge-large,recent,diff_module_all_recent,diff,module,all,0.500399503968254,0.5455099206349207,0.35,0.1595,0.3566666666666666,0.4867499999999999,0.313,0.68425,0.2055,0.9694166666666666
rubocop,commit,bge-large,modn,title_file_w100_modn,title,file,w100,0.0458820448621043,0.0763015873015873,0.045,0.031089466089466,0.0333333333333333,0.044520202020202,0.03,0.0602269119769119,0.0225,0.080830623080623
rubocop,commit,bge-large,modn,title_module_w100_modn,title,module,w100,0.7386579365079364,0.8088392857142856,0.705,0.3580833333333333,0.4983333333333333,0.7245,0.381,0.8665833333333333,0.2035,0.94225
rubocop,commit,bge-large,modn,desc_file_w100_modn,desc,file,w100,0.0487502147323575,0.0871785714285714,0.06,0.0372402597402597,0.0416666666666666,0.0471281866281866,0.031,0.0551303511303511,0.0235,0.0777257696007695
rubocop,commit,bge-large,modn,desc_module_w100_modn,desc,module,w100,0.7210825396825397,0.7989285714285714,0.695,0.3455833333333333,0.4933333333333333,0.7153333333333333,0.3879999999999999,0.8986666666666667,0.2035,0.94225
rubocop,commit,bge-large,modn,diff_file_w100_modn,diff,file,w100,0.0539100868564377,0.1002321428571428,0.075,0.0397402597402597,0.0383333333333333,0.0498323713323713,0.033,0.0650152717652717,0.024,0.0883796688416253
rubocop,commit,bge-large,modn,diff_module_w100_modn,diff,module,w100,0.7203613095238094,0.7730198412698412,0.635,0.32225,0.51,0.73225,0.388,0.9013333333333332,0.2035,0.94225
rubocop,commit,bge-large,modn,title_file_w1000_modn,title,file,w1000,0.1193271153765719,0.2133710317460317,0.155,0.0707989208858774,0.0933333333333333,0.1153905514775079,0.076,0.1628016218885784,0.0504999999999999,0.2114345583965149
rubocop,commit,bge-large,modn,title_module_w1000_modn,title,module,w1000,0.7197060515873015,0.7994761904761905,0.67,0.34,0.5,0.7411666666666666,0.359,0.8558333333333333,0.2035,0.94225
rubocop,commit,bge-large,modn,desc_file_w1000_modn,desc,file,w1000,0.1294240227644515,0.2364980158730159,0.19,0.0852579155948721,0.1083333333333333,0.1372700007319572,0.077,0.1543674033293598,0.05,0.1862134831754397
rubocop,commit,bge-large,modn,desc_module_w1000_modn,desc,module,w1000,0.7072436507936507,0.7896785714285715,0.665,0.3304166666666666,0.4916666666666666,0.71825,0.368,0.8739166666666667,0.2035,0.94225
rubocop,commit,bge-large,modn,diff_file_w1000_modn,diff,file,w1000,0.1179387776450794,0.2120694444444444,0.165,0.0771878097747662,0.0883333333333333,0.1069348636468201,0.074,0.1571572662442227,0.05,0.2001751233870799
rubocop,commit,bge-large,modn,diff_module_w1000_modn,diff,module,w1000,0.6717188492063493,0.7155416666666667,0.525,0.27025,0.5049999999999999,0.741,0.388,0.9028333333333332,0.2035,0.94225
rubocop,commit,bge-large,modn,title_file_all_modn,title,file,all,0.3416586066696703,0.5088313492063492,0.435,0.2150459446954012,0.27,0.3587987960107525,0.1829999999999999,0.3926883462753028,0.1035,0.4316505229874795
rubocop,commit,bge-large,modn,title_module_all_modn,title,module,all,0.6759456349206349,0.7362777777777777,0.585,0.3055833333333333,0.4716666666666666,0.7018333333333334,0.363,0.861,0.204,0.9535833333333332
rubocop,commit,bge-large,modn,desc_file_all_modn,desc,file,all,0.333332035456492,0.5020059523809524,0.42,0.1970823457943023,0.27,0.3532767902387467,0.183,0.3908007801377367,0.11,0.4500230578600144
rubocop,commit,bge-large,modn,desc_module_all_modn,desc,module,all,0.6829933531746032,0.739311507936508,0.595,0.3085,0.48,0.7151666666666666,0.362,0.8561666666666667,0.209,0.974
rubocop,commit,bge-large,modn,diff_file_all_modn,diff,file,all,0.3187032896652462,0.4853809523809523,0.39,0.1835001293995858,0.2549999999999999,0.3486387130381695,0.1779999999999999,0.3962599251593816,0.104,0.4360671942791508
rubocop,commit,bge-large,modn,diff_module_all_modn,diff,module,all,0.5989793650793651,0.6422460317460318,0.44,0.2380833333333333,0.39,0.6004166666666666,0.353,0.8269999999999998,0.2125,0.98625
rubocop,ticket,bge-small,recent,title_file_w100_recent,title,file,w100,0.0910211747459866,0.1973472222222222,0.125,0.03725,0.1083333333333333,0.1022472314507198,0.087,0.1336568560638328,0.051,0.1526851006950186
rubocop,ticket,bge-small,recent,title_module_w100_recent,title,module,w100,0.7493218253968255,0.8550892857142859,0.75,0.24425,0.6266666666666667,0.63275,0.564,0.9471666666666668,0.2929999999999999,0.9916666666666666
rubocop,ticket,bge-small,recent,desc_file_w100_recent,desc,file,w100,0.0892370865104381,0.2081488095238095,0.15,0.0372313147834339,0.1166666666666666,0.0948909393965469,0.085,0.1151994735292591,0.0535,0.1440508256085523
rubocop,ticket,bge-small,recent,desc_module_w100_recent,desc,module,w100,0.7988698412698413,0.8696309523809523,0.775,0.2634166666666667,0.6666666666666667,0.684,0.574,0.9659166666666666,0.2945,0.9975
rubocop,ticket,bge-small,recent,comments_file_w100_recent,comments,file,w100,0.0954440821920753,0.2163809523809524,0.165,0.0463922343236638,0.1199999999999999,0.0996468917774993,0.091,0.1206697116244972,0.0525,0.1391817779895047
rubocop,ticket,bge-small,recent,comments_module_w100_recent,comments,module,w100,0.7952573412698412,0.8557142857142855,0.745,0.2575833333333333,0.6716666666666667,0.6927500000000001,0.5779999999999998,0.973,0.2945,0.9975
rubocop,ticket,bge-small,recent,title_file_w1000_recent,title,file,w1000,0.1640203682633616,0.3307321428571428,0.26,0.0783720261962042,0.1716666666666666,0.1614883052659716,0.1339999999999999,0.2070773857257417,0.088,0.2667445192458164
rubocop,ticket,bge-small,recent,title_module_w1000_recent,title,module,w1000,0.6063449404761905,0.7434642857142858,0.59,0.1935,0.4783333333333333,0.4751666666666667,0.428,0.7341666666666665,0.2945,0.9975
rubocop,ticket,bge-small,recent,desc_file_w1000_recent,desc,file,w1000,0.1683487801136431,0.3292599206349206,0.255,0.0781038638030418,0.18,0.1602077276060836,0.14,0.2043498003266447,0.0935,0.275539448443412
rubocop,ticket,bge-small,recent,desc_module_w1000_recent,desc,module,w1000,0.6104715277777778,0.7021071428571427,0.55,0.1824166666666666,0.4566666666666666,0.45825,0.44,0.7445833333333334,0.2945,0.99875
rubocop,ticket,bge-small,recent,comments_file_w1000_recent,comments,file,w1000,0.1715446710981135,0.3369484126984127,0.255,0.0775205304697085,0.1883333333333333,0.1700055519082183,0.143,0.2152639552695628,0.0945,0.2819072963577716
rubocop,ticket,bge-small,recent,comments_module_w1000_recent,comments,module,w1000,0.6135879960317461,0.6953690476190476,0.535,0.1774166666666666,0.4533333333333333,0.4618333333333334,0.44,0.7418333333333333,0.295,1.0
rubocop,ticket,bge-small,recent,title_file_all_recent,title,file,all,0.2194439138790573,0.4304047619047619,0.315,0.0987627992162876,0.2416666666666666,0.2183848747012221,0.19,0.2872330913736169,0.118,0.3494079045760964
rubocop,ticket,bge-small,recent,title_module_all_recent,title,module,all,0.689606746031746,0.7960059523809524,0.67,0.2174166666666666,0.5516666666666667,0.561,0.5209999999999999,0.8816666666666666,0.2929999999999999,0.99375
rubocop,ticket,bge-small,recent,desc_file_all_recent,desc,file,all,0.220570549459477,0.4339206349206349,0.33,0.1065388981173864,0.245,0.2180930464314527,0.18,0.2582851578471949,0.1169999999999999,0.3326424107364246
rubocop,ticket,bge-small,recent,desc_module_all_recent,desc,module,all,0.6467781746031745,0.7458452380952381,0.61,0.2024166666666666,0.5066666666666666,0.5080833333333333,0.488,0.8095833333333334,0.2939999999999999,0.99625
rubocop,ticket,bge-small,recent,comments_file_all_recent,comments,file,all,0.2317097396658167,0.4591190476190476,0.355,0.1127167366946778,0.2566666666666666,0.2317562755871579,0.1879999999999999,0.2848090625934333,0.119,0.348586024616085
rubocop,ticket,bge-small,recent,comments_module_all_recent,comments,module,all,0.6517766865079365,0.7376369047619048,0.6,0.20225,0.505,0.5068333333333334,0.5019999999999999,0.8379166666666668,0.2939999999999999,0.99625
rubocop,ticket,bge-small,modn,title_file_w100_modn,title,file,w100,0.0842950637719229,0.239265873015873,0.155,0.0421587301587301,0.12,0.0859526864424743,0.094,0.1102741150139029,0.066,0.1485836388234267
rubocop,ticket,bge-small,modn,title_module_w100_modn,title,module,w100,0.7027835317460317,0.7327142857142858,0.555,0.1908333333333333,0.6066666666666667,0.63825,0.5389999999999999,0.9344166666666668,0.2739999999999999,0.949
rubocop,ticket,bge-small,modn,desc_file_w100_modn,desc,file,w100,0.065098535430072,0.1753710317460317,0.09,0.0269087301587301,0.09,0.073151099140887,0.071,0.095198718188506,0.051,0.1290231673711642
rubocop,ticket,bge-small,modn,desc_module_w100_modn,desc,module,w100,0.682759126984127,0.7179583333333333,0.53,0.1865833333333333,0.5916666666666667,0.6211666666666666,0.5209999999999999,0.89825,0.2739999999999999,0.949
rubocop,ticket,bge-small,modn,comments_file_w100_modn,comments,file,w100,0.0702009710035275,0.1885238095238095,0.1,0.0295119047619047,0.0916666666666666,0.076453634085213,0.0819999999999999,0.1047701467599346,0.061,0.1479101609745757
rubocop,ticket,bge-small,modn,comments_module_w100_modn,comments,module,w100,0.6845744047619047,0.722375,0.54,0.1896666666666666,0.59,0.6226666666666667,0.5209999999999999,0.8990833333333333,0.2739999999999999,0.949
rubocop,ticket,bge-small,modn,title_file_w1000_modn,title,file,w1000,0.1470014905181882,0.2934464285714286,0.205,0.0704911158493248,0.15,0.1414346126510305,0.122,0.1796104326850595,0.088,0.2617813368223816
rubocop,ticket,bge-small,modn,title_module_w1000_modn,title,module,w1000,0.6332779761904761,0.7193531746031746,0.55,0.1970833333333333,0.5033333333333334,0.5301666666666667,0.439,0.7739166666666667,0.2809999999999999,0.9820833333333332
rubocop,ticket,bge-small,modn,desc_file_w1000_modn,desc,file,w1000,0.1563708365532503,0.3028849206349207,0.22,0.0782261904761904,0.1583333333333333,0.1446043914626004,0.129,0.1844192349938618,0.091,0.259985882276927
rubocop,ticket,bge-small,modn,desc_module_w1000_modn,desc,module,w1000,0.5995318452380952,0.6349424603174603,0.425,0.1523333333333333,0.455,0.4801666666666666,0.446,0.7835833333333333,0.2825,0.99125
rubocop,ticket,bge-small,modn,comments_file_w1000_modn,comments,file,w1000,0.1468266306305174,0.2978849206349206,0.215,0.0688095238095238,0.1633333333333333,0.1480329628911718,0.125,0.1801611638775817,0.0855,0.2439957140703409
rubocop,ticket,bge-small,modn,comments_module_w1000_modn,comments,module,w1000,0.6009560515873016,0.638061507936508,0.44,0.1562499999999999,0.4616666666666666,0.48575,0.449,0.7855000000000001,0.2825,0.99125
rubocop,ticket,bge-small,modn,title_file_all_modn,title,file,all,0.2474971219390062,0.4089206349206348,0.275,0.0977669552669552,0.26,0.2558596128494008,0.204,0.327001277220641,0.1245,0.3927536556792252
rubocop,ticket,bge-small,modn,title_module_all_modn,title,module,all,0.6500566137566137,0.69875,0.51,0.1840833333333333,0.5233333333333333,0.55875,0.478,0.8454999999999999,0.2804999999999999,0.9838333333333332
rubocop,ticket,bge-small,modn,desc_file_all_modn,desc,file,all,0.2711952178685632,0.4576706349206349,0.345,0.1200119047619047,0.29,0.2877203269367448,0.2129999999999999,0.3413209210271268,0.128,0.3932667962874168
rubocop,ticket,bge-small,modn,desc_module_all_modn,desc,module,all,0.618072652116402,0.6612718253968254,0.475,0.1652499999999999,0.485,0.5089999999999999,0.455,0.8023333333333333,0.2825,0.9915
rubocop,ticket,bge-small,modn,comments_file_all_modn,comments,file,all,0.2832477647969678,0.4745099206349206,0.365,0.1333107769423558,0.2883333333333333,0.289453634085213,0.216,0.3537893028024607,0.1285,0.4057278837074595
rubocop,ticket,bge-small,modn,comments_module_all_modn,comments,module,all,0.6300854166666667,0.663843253968254,0.48,0.1694166666666666,0.4933333333333333,0.5139166666666667,0.475,0.8334166666666667,0.282,0.9906666666666666
rubocop,ticket,bge-large,recent,title_file_w100_recent,title,file,w100,0.0945420563304451,0.2226984126984127,0.16,0.0435498647734956,0.1133333333333333,0.1001032309475514,0.089,0.1329667414680387,0.0544999999999999,0.1595601570393954
rubocop,ticket,bge-large,recent,title_module_w100_recent,title,module,w100,0.7473039682539684,0.8443809523809523,0.73,0.2421666666666667,0.6166666666666667,0.6160833333333333,0.5649999999999998,0.9550833333333332,0.2945,0.9983333333333332
rubocop,ticket,bge-large,recent,desc_file_w100_recent,desc,file,w100,0.0963356255004829,0.2387361111111111,0.185,0.046403933831053,0.13,0.1074391376119464,0.095,0.1289154896912397,0.054,0.1450039909832293
rubocop,ticket,bge-large,recent,desc_module_w100_recent,desc,module,w100,0.7867031746031746,0.8508333333333334,0.74,0.2413333333333333,0.6716666666666665,0.6815000000000001,0.5779999999999998,0.9809166666666668,0.295,1.0
rubocop,ticket,bge-large,recent,comments_file_w100_recent,comments,file,w100,0.1034748260286369,0.2427083333333333,0.19,0.0490229814501006,0.1416666666666666,0.1196030357293329,0.1,0.137041994646233,0.055,0.1511349433641818
rubocop,ticket,bge-large,recent,comments_module_w100_recent,comments,module,w100,0.7854680555555555,0.85225,0.735,0.2396666666666666,0.675,0.69025,0.5799999999999998,0.98175,0.2939999999999999,0.995
rubocop,ticket,bge-large,recent,title_file_w1000_recent,title,file,w1000,0.1791706319131856,0.3489126984126984,0.27,0.0864166666666666,0.1816666666666666,0.1777412790697674,0.1369999999999999,0.2143314592384359,0.0925,0.2827461981224953
rubocop,ticket,bge-large,recent,title_module_w1000_recent,title,module,w1000,0.6077975198412698,0.7411369047619047,0.57,0.1865833333333333,0.4916666666666667,0.492,0.438,0.7401666666666666,0.2945,0.9975
rubocop,ticket,bge-large,recent,desc_file_w1000_recent,desc,file,w1000,0.185532099964812,0.3685436507936508,0.31,0.0973816415808196,0.1916666666666666,0.1758882831616391,0.145,0.2116404288917261,0.0944999999999999,0.2739673993350758
rubocop,ticket,bge-large,recent,desc_module_w1000_recent,desc,module,w1000,0.6233275793650793,0.7100912698412699,0.565,0.1843333333333333,0.475,0.4745833333333333,0.446,0.74875,0.295,1.0
rubocop,ticket,bge-large,recent,comments_file_w1000_recent,comments,file,w1000,0.1886929945321931,0.3702559523809523,0.295,0.0959709272951053,0.2066666666666666,0.1849502579515552,0.1469999999999999,0.2166682066695039,0.1,0.2932299246338883
rubocop,ticket,bge-large,recent,comments_module_w1000_recent,comments,module,w1000,0.6247921626984128,0.7190555555555556,0.575,0.1865833333333333,0.465,0.46625,0.449,0.7520833333333334,0.2949999999999999,1.0
rubocop,ticket,bge-large,recent,title_file_all_recent,title,file,all,0.2511722435222349,0.4661428571428571,0.365,0.1141377992162875,0.2783333333333334,0.2580515413678888,0.2019999999999999,0.3096440109138467,0.123,0.3692218071486197
rubocop,ticket,bge-large,recent,title_module_all_recent,title,module,all,0.6812944444444443,0.7922083333333333,0.67,0.21825,0.5466666666666667,0.552,0.5239999999999999,0.8910833333333333,0.2934999999999999,0.995
rubocop,ticket,bge-large,recent,desc_file_all_recent,desc,file,all,0.2502704094258077,0.4838234126984126,0.39,0.12152527082739,0.2833333333333333,0.2481704837282105,0.207,0.2992507432619584,0.127,0.3658267292914328
rubocop,ticket,bge-large,recent,desc_module_all_recent,desc,module,all,0.6482968253968255,0.7416507936507937,0.59,0.1936666666666666,0.51,0.51475,0.507,0.8535833333333332,0.2939999999999999,0.99625
rubocop,ticket,bge-large,recent,comments_file_all_recent,comments,file,all,0.2586274596133082,0.4931984126984126,0.4,0.1256861903676199,0.2916666666666666,0.2599623556493927,0.211,0.3049650289762441,0.131,0.3771050962732882
rubocop,ticket,bge-large,recent,comments_module_all_recent,comments,module,all,0.6605545634920634,0.7495476190476191,0.6,0.2036666666666666,0.5233333333333333,0.5347500000000001,0.508,0.8541666666666665,0.2934999999999999,0.99125
rubocop,ticket,bge-large,modn,title_file_w100_modn,title,file,w100,0.0933425530035702,0.2527956349206349,0.15,0.0414920634920635,0.1316666666666666,0.0995555555555555,0.101,0.1217115705931495,0.075,0.1921471308869188
rubocop,ticket,bge-large,modn,title_module_w100_modn,title,module,w100,0.7146515873015872,0.7471309523809524,0.585,0.2093333333333333,0.6133333333333333,0.6536666666666667,0.5399999999999999,0.9354166666666666,0.2739999999999999,0.949
rubocop,ticket,bge-large,modn,desc_file_w100_modn,desc,file,w100,0.084814403650087,0.2342599206349206,0.145,0.0433941102756892,0.115,0.0932463372361251,0.089,0.1146550673948553,0.0635,0.1638257023154902
rubocop,ticket,bge-large,modn,desc_module_w100_modn,desc,module,w100,0.6917075396825397,0.7223392857142856,0.545,0.1904999999999999,0.5933333333333333,0.6298333333333334,0.5199999999999999,0.9004166666666668,0.2739999999999999,0.949
rubocop,ticket,bge-large,modn,comments_file_w100_modn,comments,file,w100,0.092189893265502,0.2557321428571428,0.155,0.0409417293233082,0.1333333333333333,0.1028385547201336,0.1,0.127469507101086,0.0675,0.1811272896170775
rubocop,ticket,bge-large,modn,comments_module_w100_modn,comments,module,w100,0.6932644841269842,0.725172619047619,0.545,0.1884166666666666,0.6033333333333333,0.6445833333333334,0.5269999999999999,0.91475,0.2739999999999999,0.949
rubocop,ticket,bge-large,modn,title_file_w1000_modn,title,file,w1000,0.1565284706517915,0.3125734126984127,0.19,0.0604761904761904,0.18,0.1691242327324417,0.14,0.2096104326850595,0.094,0.2743744104154552
rubocop,ticket,bge-large,modn,title_module_w1000_modn,title,module,w1000,0.6223491402116401,0.6898710317460316,0.5,0.1775833333333333,0.495,0.5155833333333334,0.444,0.7716666666666666,0.2825,0.99125
rubocop,ticket,bge-large,modn,desc_file_w1000_modn,desc,file,w1000,0.1593138150408623,0.3109742063492063,0.215,0.0738333333333333,0.1683333333333333,0.1565139777303956,0.132,0.2015804904051172,0.096,0.2700939605912111
rubocop,ticket,bge-large,modn,desc_module_w1000_modn,desc,module,w1000,0.5805204365079366,0.6247123015873016,0.43,0.1425,0.445,0.45625,0.436,0.7600833333333332,0.283,0.9920833333333334
rubocop,ticket,bge-large,modn,comments_file_w1000_modn,comments,file,w1000,0.1647911398224298,0.3349325396825396,0.24,0.0799077825159914,0.1833333333333333,0.1702481047145226,0.133,0.2016836650082918,0.0925,0.2639824093816631
rubocop,ticket,bge-large,modn,comments_module_w1000_modn,comments,module,w1000,0.5904039682539682,0.636984126984127,0.445,0.1483333333333333,0.4483333333333333,0.46125,0.4339999999999999,0.7552500000000001,0.283,0.9920833333333334
rubocop,ticket,bge-large,modn,title_file_all_modn,title,file,all,0.2727034814336162,0.4519940476190476,0.345,0.1143385547201336,0.2833333333333333,0.2859747284878863,0.205,0.3335884804730052,0.1325,0.4217486414475809
rubocop,ticket,bge-large,modn,title_module_all_modn,title,module,all,0.6522542328042329,0.6991349206349207,0.52,0.1830833333333333,0.5183333333333333,0.5420833333333333,0.4889999999999999,0.8593333333333334,0.2794999999999999,0.9809166666666668
rubocop,ticket,bge-large,modn,desc_file_all_modn,desc,file,all,0.3134563313489837,0.527672619047619,0.44,0.1501944444444444,0.315,0.3147569888651978,0.235,0.3845420609982667,0.1369999999999999,0.427149509345503
rubocop,ticket,bge-large,modn,desc_module_all_modn,desc,module,all,0.6325000330687831,0.6755277777777777,0.5,0.1798333333333333,0.4933333333333333,0.5151666666666667,0.47,0.8181666666666666,0.282,0.9898333333333332
rubocop,ticket,bge-large,modn,comments_file_all_modn,comments,file,all,0.3119814431022474,0.537045634920635,0.46,0.1532569888651978,0.3199999999999999,0.3145487443733712,0.233,0.3714220657364805,0.14,0.4327766711555007
rubocop,ticket,bge-large,modn,comments_module_all_modn,comments,module,all,0.634230291005291,0.680109126984127,0.505,0.1735833333333333,0.5016666666666667,0.5243333333333333,0.485,0.8416666666666666,0.2815,0.9885833333333334
sonar,commit,bge-small,recent,title_file_w100_recent,title,file,w100,0.2371351450793914,0.3100059523809523,0.27,0.2100048282470882,0.1133333333333333,0.2400524472947073,0.0799999999999999,0.2589274472947073,0.054,0.2920022912309643
sonar,commit,bge-small,recent,title_module_w100_recent,title,module,w100,0.8442969104308389,0.8611666666666667,0.77,0.6962976190476191,0.3583333333333333,0.915142857142857,0.226,0.9421071428571428,0.12,0.971904761904762
sonar,commit,bge-small,recent,desc_file_w100_recent,desc,file,w100,0.2339298273881588,0.3066865079365079,0.275,0.2111714949137549,0.115,0.236219113961374,0.076,0.2482191139613739,0.0495,0.281463341955602
sonar,commit,bge-small,recent,desc_module_w100_recent,desc,module,w100,0.8378961167800454,0.857297619047619,0.76,0.6812976190476191,0.3583333333333333,0.915142857142857,0.227,0.9458571428571428,0.12,0.971904761904762
sonar,commit,bge-small,recent,diff_file_w100_recent,diff,file,w100,0.2405503269935034,0.3220059523809523,0.275,0.1992621381886087,0.1366666666666666,0.2491250483048083,0.096,0.2761875483048084,0.057,0.2941147621728117
sonar,commit,bge-small,recent,diff_module_w100_recent,diff,module,w100,0.7566802437641723,0.7722916666666666,0.605,0.5304642857142857,0.3533333333333333,0.9026428571428572,0.227,0.9456071428571428,0.12,0.971904761904762
sonar,commit,bge-small,recent,title_file_w1000_recent,title,file,w1000,0.2757378063089833,0.3494285714285713,0.28,0.2103095238095237,0.165,0.2933192151129457,0.1199999999999999,0.3198607291544598,0.074,0.3411173818155242
sonar,commit,bge-small,recent,title_module_w1000_recent,title,module,w1000,0.6822324263038547,0.7010119047619047,0.53,0.458797619047619,0.335,0.8422261904761905,0.218,0.9091904761904762,0.12,0.9777380952380952
sonar,commit,bge-small,recent,desc_file_w1000_recent,desc,file,w1000,0.2719732668063543,0.3538789682539683,0.29,0.2076714949137549,0.175,0.29785492939866,0.123,0.3197430596507609,0.0725,0.3342932868283857
sonar,commit,bge-small,recent,desc_module_w1000_recent,desc,module,w1000,0.706332105064248,0.7226706349206349,0.57,0.501297619047619,0.3366666666666666,0.8505595238095239,0.217,0.909309523809524,0.12,0.9777380952380952
sonar,commit,bge-small,recent,diff_file_w1000_recent,diff,file,w1000,0.2634177176986949,0.3558869047619047,0.28,0.1934553571428571,0.1666666666666666,0.2879384826917722,0.122,0.3208250219566008,0.0745,0.3424252686741076
sonar,commit,bge-small,recent,diff_module_w1000_recent,diff,module,w1000,0.5637453231292517,0.5778928571428571,0.34,0.2862976190476191,0.3116666666666666,0.7877619047619047,0.214,0.8916904761904761,0.121,0.9801190476190476
sonar,commit,bge-small,recent,title_file_all_recent,title,file,all,0.2132367650342965,0.2640238095238095,0.205,0.1702442810457516,0.1116666666666666,0.2404588001867413,0.074,0.2515225256769374,0.0469999999999999,0.2866632872846107
sonar,commit,bge-small,recent,title_module_all_recent,title,module,all,0.2615146825396826,0.266281746031746,0.095,0.0739166666666666,0.1266666666666666,0.2807619047619047,0.126,0.4913928571428571,0.093,0.7489404761904761
sonar,commit,bge-small,recent,desc_file_all_recent,desc,file,all,0.239420878692386,0.3016170634920634,0.25,0.1939032446311858,0.1249999999999999,0.256531921101774,0.09,0.2766512021475257,0.057,0.3024662751464222
sonar,commit,bge-small,recent,desc_module_all_recent,desc,module,all,0.303865306122449,0.3140158730158729,0.155,0.1205833333333333,0.15,0.3424285714285714,0.142,0.5606785714285715,0.0905,0.7139404761904763
sonar,commit,bge-small,recent,diff_file_all_recent,diff,file,all,0.1622947232428324,0.2026488095238094,0.125,0.0989746732026144,0.1033333333333333,0.202610060690943,0.073,0.2269281682369917,0.0465,0.2692734063322298
sonar,commit,bge-small,recent,diff_module_all_recent,diff,module,all,0.2904345616024187,0.3023392857142857,0.085,0.063797619047619,0.1466666666666666,0.3517619047619048,0.139,0.5623452380952381,0.1015,0.827154761904762
sonar,commit,bge-small,modn,title_file_w100_modn,title,file,w100,0.0204479379747236,0.0476150793650793,0.03,0.0112529137529137,0.02,0.0206847319347319,0.016,0.0308930652680652,0.011,0.0382323509823509
sonar,commit,bge-small,modn,title_module_w100_modn,title,module,w100,0.5553876678876679,0.626922619047619,0.555,0.4643589743589744,0.25,0.5912179487179486,0.162,0.633301282051282,0.0895,0.6851602564102564
sonar,commit,bge-small,modn,desc_file_w100_modn,desc,file,w100,0.0229674249361749,0.0446924603174603,0.025,0.0156468531468531,0.0183333333333333,0.0250029137529137,0.013,0.027711247086247,0.0105,0.0378968531468531
sonar,commit,bge-small,modn,desc_module_w100_modn,desc,module,w100,0.5464786324786325,0.6134642857142858,0.53,0.4431089743589744,0.2516666666666666,0.5951923076923077,0.16,0.623301282051282,0.0895,0.6851602564102564
sonar,commit,bge-small,modn,diff_file_w100_modn,diff,file,w100,0.0276337211399711,0.0440555555555555,0.025,0.0179545454545454,0.0216666666666666,0.0311174242424242,0.018,0.0366439393939393,0.01,0.0383582251082251
sonar,commit,bge-small,modn,diff_module_w100_modn,diff,module,w100,0.5092388583638584,0.5783809523809523,0.46,0.3831089743589743,0.2516666666666666,0.5887179487179487,0.162,0.6324679487179486,0.0895,0.6851602564102564
sonar,commit,bge-small,modn,title_file_w1000_modn,title,file,w1000,0.0255649406149406,0.0420059523809523,0.03,0.0113611388611388,0.0266666666666666,0.0326192557442557,0.02,0.0357758491508491,0.012,0.0384030136530136
sonar,commit,bge-small,modn,title_module_w1000_modn,title,module,w1000,0.3950590913715913,0.4430396825396825,0.245,0.1789423076923077,0.2416666666666666,0.5558012820512821,0.165,0.6314102564102564,0.094,0.7166025641025641
sonar,commit,bge-small,modn,desc_file_w1000_modn,desc,file,w1000,0.0251632811632811,0.0439365079365079,0.03,0.0113611388611388,0.0216666666666666,0.0259147102897102,0.021,0.0323234681984681,0.0135,0.0422497502497502
sonar,commit,bge-small,modn,desc_module_w1000_modn,desc,module,w1000,0.3926928927553927,0.4316904761904762,0.255,0.2018589743589743,0.23,0.5216346153846153,0.163,0.6253846153846153,0.094,0.7124358974358974
sonar,commit,bge-small,modn,diff_file_w1000_modn,diff,file,w1000,0.0297286081973581,0.0537638888888888,0.03,0.0117938311688311,0.0299999999999999,0.0393254245754245,0.022,0.0415433732933732,0.015,0.0488271312021312
sonar,commit,bge-small,modn,diff_module_w1000_modn,diff,module,w1000,0.3345792887667888,0.3744484126984126,0.165,0.1206089743589743,0.2133333333333333,0.489551282051282,0.162,0.6162179487179487,0.092,0.701602564102564
sonar,commit,bge-small,modn,title_file_all_modn,title,file,all,0.0914116960524855,0.1532757936507936,0.095,0.0424111244019138,0.0766666666666666,0.0869645709553604,0.073,0.1215063208721103,0.0575,0.1741394571802466
sonar,commit,bge-small,modn,title_module_all_modn,title,module,all,0.3250789962352462,0.3495039682539682,0.175,0.1318589743589743,0.1616666666666666,0.3684935897435897,0.143,0.5491025641025641,0.1055,0.7667307692307692
sonar,commit,bge-small,modn,desc_file_all_modn,desc,file,all,0.1064341456747863,0.1666944444444444,0.09,0.0387170767828662,0.0916666666666666,0.0978539121697016,0.088,0.1580241169649064,0.0664999999999999,0.2166127430535325
sonar,commit,bge-small,modn,desc_module_all_modn,desc,module,all,0.3336501577126577,0.3611944444444445,0.19,0.1441666666666666,0.1733333333333333,0.3974679487179487,0.143,0.5399358974358974,0.1009999999999999,0.7333974358974359
sonar,commit,bge-small,modn,diff_file_all_modn,diff,file,all,0.0990995490215885,0.1680059523809524,0.09,0.0426034939692834,0.09,0.1049663117071011,0.0819999999999999,0.1366563086470981,0.0645,0.21008105057184
sonar,commit,bge-small,modn,diff_module_all_modn,diff,module,all,0.3671274165649166,0.3971984126984126,0.215,0.1768589743589743,0.1783333333333333,0.4047435897435897,0.157,0.6030448717948719,0.107,0.8075641025641025
sonar,commit,bge-large,recent,title_file_w100_recent,title,file,w100,0.2417027710998009,0.3072817460317461,0.275,0.2212065826330532,0.115,0.242042080468551,0.081,0.2574468423733129,0.0505,0.2823681038603639
sonar,commit,bge-large,recent,title_module_w100_recent,title,module,w100,0.8553270691609977,0.8688750000000001,0.785,0.7096309523809523,0.3566666666666667,0.910142857142857,0.23,0.9514404761904762,0.12,0.971904761904762
sonar,commit,bge-large,recent,desc_file_w100_recent,desc,file,w100,0.2405494955498148,0.3152003968253968,0.29,0.2209089635854342,0.1216666666666666,0.2428436677701383,0.081,0.2565996201510907,0.048,0.2792847705270306
sonar,commit,bge-large,recent,desc_module_w100_recent,desc,module,w100,0.8687457199546484,0.882875,0.815,0.7371309523809524,0.355,0.9076428571428572,0.229,0.9497738095238094,0.12,0.971904761904762
sonar,commit,bge-large,recent,diff_file_w100_recent,diff,file,w100,0.251024256886101,0.3298690476190476,0.285,0.2237700746965453,0.1266666666666666,0.2414333996756597,0.091,0.266171494913755,0.0569999999999999,0.3007209129664625
sonar,commit,bge-large,recent,diff_module_w100_recent,diff,module,w100,0.8394381802721088,0.8542222222222222,0.755,0.6812976190476189,0.355,0.9076428571428572,0.228,0.9481071428571428,0.12,0.971904761904762
sonar,commit,bge-large,recent,title_file_w1000_recent,title,file,w1000,0.2603480148259752,0.3446230158730158,0.27,0.1926574074074074,0.16,0.2800586932840769,0.118,0.3050110742364578,0.0755,0.3410517971444408
sonar,commit,bge-large,recent,title_module_w1000_recent,title,module,w1000,0.7045160336356764,0.7265813492063491,0.575,0.5029642857142856,0.33,0.8402619047619048,0.218,0.9040595238095238,0.1205,0.9784523809523809
sonar,commit,bge-large,recent,desc_file_w1000_recent,desc,file,w1000,0.2745325634609952,0.3660734126984127,0.3,0.2069155773420479,0.1766666666666666,0.2915885592159569,0.123,0.3126299897851334,0.079,0.3516677365026402
sonar,commit,bge-large,recent,desc_module_w1000_recent,desc,module,w1000,0.7097928193499622,0.7268392857142857,0.57,0.501297619047619,0.3333333333333332,0.8423452380952381,0.218,0.9098928571428572,0.12,0.9759523809523808
sonar,commit,bge-large,recent,diff_file_w1000_recent,diff,file,w1000,0.2854009538727771,0.3718789682539682,0.305,0.2212410714285714,0.1716666666666666,0.3019097222222222,0.13,0.3326616367307157,0.0775,0.3564684140907825
sonar,commit,bge-large,recent,diff_module_w1000_recent,diff,module,w1000,0.6259784580498866,0.646922619047619,0.44,0.3729642857142858,0.3133333333333333,0.7906785714285715,0.218,0.9041071428571428,0.1195,0.9676190476190476
sonar,commit,bge-large,recent,title_file_all_recent,title,file,all,0.2064930916558542,0.2692539682539682,0.215,0.1638276143790849,0.11,0.2334052287581699,0.076,0.2497326097105509,0.047,0.2673683579492402
sonar,commit,bge-large,recent,title_module_all_recent,title,module,all,0.2984160052910052,0.3107916666666667,0.145,0.1171309523809523,0.1516666666666666,0.3557619047619048,0.1329999999999999,0.5334285714285714,0.084,0.6657261904761904
sonar,commit,bge-large,recent,desc_file_all_recent,desc,file,all,0.225598374476053,0.2961428571428571,0.235,0.1750277777777777,0.1233333333333333,0.2496269841269841,0.087,0.2686946248196248,0.0525,0.2925838744588745
sonar,commit,bge-large,recent,desc_module_all_recent,desc,module,all,0.3390801587301587,0.353265873015873,0.195,0.15975,0.1616666666666666,0.3832619047619047,0.146,0.5806785714285714,0.0885,0.6951904761904761
sonar,commit,bge-large,recent,diff_file_all_recent,diff,file,all,0.1699292577526655,0.2194345238095238,0.135,0.0942162698412698,0.11,0.2178055555555555,0.083,0.2501479188166494,0.05,0.2704496109841311
sonar,commit,bge-large,recent,diff_module_all_recent,diff,module,all,0.2785168650793651,0.294547619047619,0.125,0.101297619047619,0.1333333333333333,0.3182619047619047,0.115,0.4591428571428571,0.093,0.7582261904761906
sonar,commit,bge-large,modn,title_file_w100_modn,title,file,w100,0.0211467268842268,0.0579007936507936,0.045,0.01319826007326,0.0199999999999999,0.02132326007326,0.017,0.0306565934065934,0.011,0.0386111388611388
sonar,commit,bge-large,modn,title_module_w100_modn,title,module,w100,0.5310785256410255,0.5943928571428571,0.515,0.4306089743589743,0.235,0.567275641025641,0.158,0.6156089743589743,0.0895,0.6851602564102564
sonar,commit,bge-large,modn,desc_file_w100_modn,desc,file,w100,0.0217613462925962,0.0575416666666666,0.04,0.0168589743589743,0.0233333333333333,0.0251885198135198,0.016,0.0261111388611388,0.0095,0.0311111388611388
sonar,commit,bge-large,modn,desc_module_w100_modn,desc,module,w100,0.5456916208791209,0.6115952380952381,0.545,0.4543589743589744,0.2383333333333333,0.574775641025641,0.158,0.6156089743589743,0.0895,0.6851602564102564
sonar,commit,bge-large,modn,diff_file_w100_modn,diff,file,w100,0.0283052919302919,0.057797619047619,0.04,0.0195643939393939,0.0266666666666666,0.0314870129870129,0.018,0.0329293206793206,0.011,0.0390088661338661
sonar,commit,bge-large,modn,diff_module_w100_modn,diff,module,w100,0.5176380494505495,0.5864761904761905,0.485,0.4043589743589743,0.235,0.5685256410256411,0.16,0.624775641025641,0.0895,0.6851602564102564
sonar,commit,bge-large,modn,title_file_w1000_modn,title,file,w1000,0.0258630358838692,0.0486170634920634,0.03,0.0094861388611388,0.0283333333333333,0.0250615634365634,0.021,0.0302401348651348,0.0175,0.0530831113331113
sonar,commit,bge-large,modn,title_module_w1000_modn,title,module,w1000,0.3883149292836793,0.433204365079365,0.245,0.1856089743589744,0.2216666666666666,0.5053846153846154,0.16,0.6183012820512821,0.0935,0.713076923076923
sonar,commit,bge-large,modn,desc_file_w1000_modn,desc,file,w1000,0.0346103486460629,0.0587698412698412,0.04,0.0194861388611388,0.0316666666666666,0.0327698967698967,0.0279999999999999,0.046912629037629,0.0175,0.0529698634698634
sonar,commit,bge-large,modn,desc_module_w1000_modn,desc,module,w1000,0.4053807234432234,0.4491269841269841,0.28,0.2131089743589743,0.2233333333333332,0.5041346153846153,0.16,0.615801282051282,0.093,0.7116025641025641
sonar,commit,bge-large,modn,diff_file_w1000_modn,diff,file,w1000,0.0329309856809856,0.06625,0.04,0.0149567099567099,0.04,0.0373532301032301,0.031,0.0504164169164169,0.017,0.0557602397602397
sonar,commit,bge-large,modn,diff_module_w1000_modn,diff,module,w1000,0.3543057081807081,0.3986309523809524,0.175,0.1176923076923077,0.23,0.5266346153846153,0.165,0.6337179487179487,0.092,0.6974358974358975
sonar,commit,bge-large,modn,title_file_all_modn,title,file,all,0.0985272795409203,0.1738769841269841,0.1,0.0417444577352472,0.0966666666666666,0.1155598007255902,0.081,0.1578377228035122,0.0619999999999999,0.1962057251940756
sonar,commit,bge-large,modn,title_module_all_modn,title,module,all,0.3436510861823362,0.3695416666666666,0.185,0.146025641025641,0.185,0.4272435897435898,0.145,0.5497115384615384,0.108,0.7827564102564102
sonar,commit,bge-large,modn,desc_file_all_modn,desc,file,all,0.1098983292009936,0.2047599206349206,0.13,0.0414801387209282,0.1083333333333333,0.1149928759836654,0.089,0.1551836768494663,0.072,0.2233883924041818
sonar,commit,bge-large,modn,desc_module_all_modn,desc,module,all,0.3667210266585266,0.4017678571428571,0.23,0.177275641025641,0.1816666666666666,0.4272435897435898,0.149,0.5613782051282051,0.1085,0.7952564102564103
sonar,commit,bge-large,modn,diff_file_all_modn,diff,file,all,0.1018942776904243,0.1939642857142857,0.12,0.0420898151556046,0.095,0.1131921156329051,0.081,0.1554771361679256,0.063,0.2006734870392765
sonar,commit,bge-large,modn,diff_module_all_modn,diff,module,all,0.3900561787749288,0.4230496031746031,0.235,0.1851923076923077,0.1933333333333333,0.4414102564102563,0.16,0.5947115384615385,0.1165,0.8510897435897437
sonar,ticket,bge-small,recent,title_file_w100_recent,title,file,w100,0.0133027826370811,0.0296666666666666,0.02,0.0105756578947368,0.0166666666666666,0.0142832230978515,0.011,0.0145463809925884,0.009,0.0162321928462695
sonar,ticket,bge-small,recent,title_module_w100_recent,title,module,w100,0.7844665674603175,0.8588869047619048,0.805,0.6685,0.3133333333333333,0.7526666666666667,0.241,0.8775833333333333,0.1355,0.9770833333333332
sonar,ticket,bge-small,recent,desc_file_w100_recent,desc,file,w100,0.0143892206005209,0.0244642857142857,0.02,0.0106458333333333,0.0133333333333333,0.014125,0.011,0.014984649122807,0.0095,0.0171426728586171
sonar,ticket,bge-small,recent,desc_module_w100_recent,desc,module,w100,0.7857701388888888,0.8610059523809523,0.805,0.6709999999999999,0.3116666666666666,0.7476666666666667,0.243,0.8850833333333332,0.1355,0.9770833333333332
sonar,ticket,bge-small,recent,comments_file_w100_recent,comments,file,w100,0.011705588149667,0.0218055555555555,0.015,0.0056458333333333,0.0133333333333333,0.014125,0.011,0.014984649122807,0.0085,0.0165923046251993
sonar,ticket,bge-small,recent,comments_module_w100_recent,comments,module,w100,0.7853137896825397,0.8620892857142857,0.805,0.6685,0.3133333333333333,0.7526666666666667,0.241,0.8775833333333333,0.1355,0.9770833333333332
sonar,ticket,bge-small,recent,title_file_w1000_recent,title,file,w1000,0.0140271280711247,0.0338809523809523,0.025,0.0067271730462519,0.0199999999999999,0.0155099016480595,0.015,0.0213286150983519,0.01,0.0273588184476342
sonar,ticket,bge-small,recent,title_module_w1000_recent,title,module,w1000,0.3545712301587301,0.3528611111111111,0.065,0.0420833333333333,0.3066666666666667,0.7326666666666667,0.229,0.8471666666666667,0.127,0.9365
sonar,ticket,bge-small,recent,desc_file_w1000_recent,desc,file,w1000,0.0201666570941242,0.03125,0.025,0.0105964912280701,0.02,0.018657529239766,0.016,0.0245873538011695,0.0125,0.0302942251461988
sonar,ticket,bge-small,recent,desc_module_w1000_recent,desc,module,w1000,0.4663134920634921,0.4835892857142857,0.07,0.0495833333333333,0.3066666666666667,0.7401666666666666,0.229,0.8471666666666667,0.127,0.9365
sonar,ticket,bge-small,recent,comments_file_w1000_recent,comments,file,w1000,0.0231769910888331,0.0354166666666666,0.03,0.0122631578947368,0.0216666666666666,0.0234353070175438,0.017,0.0248998538011695,0.0125,0.0287178362573099
sonar,ticket,bge-small,recent,comments_module_w1000_recent,comments,module,w1000,0.4585089285714286,0.4838670634920635,0.07,0.0495833333333333,0.3066666666666667,0.7401666666666666,0.229,0.8471666666666667,0.127,0.9365
sonar,ticket,bge-small,recent,title_file_all_recent,title,file,all,0.0081457115009746,0.0133333333333333,0.005,0.005,0.0083333333333333,0.009985380116959,0.0069999999999999,0.0105116959064327,0.004,0.0130116959064327
sonar,ticket,bge-small,recent,title_module_all_recent,title,module,all,0.1173878968253968,0.1375892857142857,0.035,0.02125,0.0233333333333333,0.045,0.02,0.06125,0.0944999999999999,0.7568333333333334
sonar,ticket,bge-small,recent,desc_file_all_recent,desc,file,all,0.0123425229741019,0.0156031746031746,0.005,0.005,0.0066666666666666,0.0127631578947368,0.009,0.0189152046783625,0.008,0.0301081871345029
sonar,ticket,bge-small,recent,desc_module_all_recent,desc,module,all,0.0457777777777777,0.0567499999999999,0.035,0.0175,0.0233333333333333,0.04375,0.023,0.08125,0.015,0.1025
sonar,ticket,bge-small,recent,comments_file_all_recent,comments,file,all,0.0117503829016986,0.0154761904761904,0.005,0.005,0.005,0.0125,0.005,0.0130263157894736,0.0085,0.0411783625730994
sonar,ticket,bge-small,recent,comments_module_all_recent,comments,module,all,0.0462539682539682,0.0558333333333333,0.035,0.02125,0.0216666666666666,0.04,0.022,0.07625,0.0155,0.105
sonar,ticket,bge-small,modn,title_file_w100_modn,title,file,w100,0.0001093457943925,0.0015,0.0,0.0,0.0,0.0,0.001,4.672897196261682e-05,0.001,0.0010467289719626
sonar,ticket,bge-small,modn,title_module_w100_modn,title,module,w100,0.2374905092592593,0.2811230158730159,0.07,0.0324166666666666,0.085,0.1285833333333333,0.203,0.726,0.1265,0.8498333333333333
sonar,ticket,bge-small,modn,desc_file_w100_modn,desc,file,w100,0.0003489096573208,0.0033333333333333,0.0,0.0,0.0033333333333333,0.0010467289719626,0.002,0.0010467289719626,0.001,0.0010467289719626
sonar,ticket,bge-small,modn,desc_module_w100_modn,desc,module,w100,0.2394423941798942,0.2888095238095238,0.085,0.0451666666666666,0.0866666666666666,0.1285833333333333,0.203,0.726,0.124,0.848
sonar,ticket,bge-small,modn,comments_file_w100_modn,comments,file,w100,0.0001428571428571,0.0007142857142857,0.0,0.0,0.0,0.0,0.0,0.0,0.0005,0.001
sonar,ticket,bge-small,modn,comments_module_w100_modn,comments,module,w100,0.2368517857142857,0.2854067460317461,0.08,0.0464166666666666,0.0883333333333333,0.1335833333333333,0.204,0.731,0.12,0.818
sonar,ticket,bge-small,modn,title_file_w1000_modn,title,file,w1000,0.0042245862482356,0.0398888888888888,0.03,0.0013887207676401,0.025,0.0034648026555785,0.02,0.0048737938836487,0.012,0.006332127216982
sonar,ticket,bge-small,modn,title_module_w1000_modn,title,module,w1000,0.4086648148148148,0.4505039682539682,0.21,0.1451666666666666,0.2483333333333333,0.5459166666666667,0.184,0.6444166666666666,0.1255,0.8236666666666668
sonar,ticket,bge-small,modn,desc_file_w1000_modn,desc,file,w1000,0.0048825571015025,0.0412420634920634,0.03,0.0014827057300461,0.0249999999999999,0.00360750872453,0.022,0.0054292334851274,0.0195,0.0082297816266643
sonar,ticket,bge-small,modn,desc_module_w1000_modn,desc,module,w1000,0.4341490079365078,0.4870416666666666,0.255,0.17725,0.2483333333333333,0.53775,0.19,0.6654166666666665,0.1325,0.8801666666666665
sonar,ticket,bge-small,modn,comments_file_w1000_modn,comments,file,w1000,0.0057893405337171,0.0374841269841269,0.025,0.0009916343014747,0.0216666666666666,0.0029885481285957,0.023,0.005516952783373,0.0215,0.0095972628296718
sonar,ticket,bge-small,modn,comments_module_w1000_modn,comments,module,w1000,0.4440856812169312,0.4918670634920634,0.245,0.17475,0.2616666666666666,0.5735833333333332,0.193,0.6731666666666666,0.131,0.8686666666666667
sonar,ticket,bge-small,modn,title_file_all_modn,title,file,all,0.0506210918388165,0.1284861111111111,0.09,0.0250484429898623,0.06,0.0471263460809233,0.0559999999999999,0.0632347455518228,0.048,0.0908034111634804
sonar,ticket,bge-small,modn,title_module_all_modn,title,module,all,0.3033345238095238,0.3386190476190476,0.16,0.09725,0.17,0.3335833333333333,0.147,0.4839166666666666,0.1165,0.7513333333333333
sonar,ticket,bge-small,modn,desc_file_all_modn,desc,file,all,0.0497629004369772,0.170390873015873,0.12,0.0209272891308414,0.09,0.0385444964093856,0.087,0.0698834041672961,0.0684999999999999,0.1112151948450641
sonar,ticket,bge-small,modn,desc_module_all_modn,desc,module,all,0.3168047288359789,0.3590198412698413,0.18,0.10875,0.175,0.3549166666666666,0.1629999999999999,0.53125,0.1175,0.7375833333333333
sonar,ticket,bge-small,modn,comments_file_all_modn,comments,file,all,0.0535181833599048,0.1643849206349206,0.1,0.0200337776297433,0.0933333333333333,0.0530455295213865,0.089,0.0771522288899662,0.0715,0.1140620383916446
sonar,ticket,bge-small,modn,comments_module_all_modn,comments,module,all,0.3356439484126984,0.3786825396825397,0.2,0.13125,0.19,0.3896666666666666,0.1639999999999999,0.5393333333333333,0.1185,0.7498333333333334
sonar,ticket,bge-large,recent,title_file_w100_recent,title,file,w100,0.0146812092410728,0.03125,0.025,0.0109089912280701,0.0166666666666666,0.0145352167182662,0.015,0.0158797143259217,0.0095,0.0169895628107702
sonar,ticket,bge-large,recent,title_module_w100_recent,title,module,w100,0.7895766865079367,0.869172619047619,0.825,0.6884999999999999,0.3166666666666666,0.7561666666666668,0.208,0.8009166666666667,0.1355,0.9758333333333332
sonar,ticket,bge-large,recent,desc_file_w100_recent,desc,file,w100,0.0132335437314878,0.0268055555555555,0.02,0.0059089912280701,0.0183333333333333,0.0149144736842105,0.014,0.0155508373205741,0.0125,0.0204748803827751
sonar,ticket,bge-large,recent,desc_module_w100_recent,desc,module,w100,0.7978098214285714,0.8747202380952381,0.83,0.691,0.3183333333333333,0.7574166666666667,0.242,0.8800833333333332,0.135,0.9745833333333332
sonar,ticket,bge-large,recent,comments_file_w100_recent,comments,file,w100,0.0134190162907268,0.0272916666666666,0.02,0.0059089912280701,0.0183333333333333,0.0171513157894736,0.012,0.017484649122807,0.01,0.0220657894736842
sonar,ticket,bge-large,recent,comments_module_w100_recent,comments,module,w100,0.788582638888889,0.8691428571428571,0.82,0.6835,0.32,0.7599166666666666,0.206,0.7934166666666667,0.1355,0.9770833333333332
sonar,ticket,bge-large,recent,title_file_w1000_recent,title,file,w1000,0.0213327767809675,0.0455833333333333,0.04,0.0135605063795853,0.0233333333333333,0.0175649255715045,0.023,0.0250502060074428,0.0155,0.0300045520999468
sonar,ticket,bge-large,recent,title_module_w1000_recent,title,module,w1000,0.4318132936507936,0.4599305555555555,0.05,0.0320833333333333,0.3083333333333333,0.7376666666666667,0.193,0.7605,0.1215,0.8852500000000001
sonar,ticket,bge-large,recent,desc_file_w1000_recent,desc,file,w1000,0.0211233867962389,0.0396309523809523,0.035,0.0110560500515995,0.0233333333333333,0.0189156991744066,0.019,0.0273740325077399,0.0134999999999999,0.0314350705194358
sonar,ticket,bge-large,recent,desc_module_w1000_recent,desc,module,w1000,0.3529159722222222,0.3614226190476191,0.07,0.0495833333333333,0.305,0.7326666666666667,0.23,0.8496666666666667,0.1255,0.92775
sonar,ticket,bge-large,recent,comments_file_w1000_recent,comments,file,w1000,0.0275151113076809,0.044047619047619,0.035,0.0136520467836257,0.03,0.0309908625730994,0.023,0.0347331871345029,0.0139999999999999,0.0374350705194358
sonar,ticket,bge-large,recent,comments_module_w1000_recent,comments,module,w1000,0.3564740079365079,0.365625,0.08,0.0595833333333333,0.305,0.7351666666666666,0.229,0.8471666666666667,0.125,0.92525
sonar,ticket,bge-large,recent,title_file_all_recent,title,file,all,0.0048599671527303,0.0150892857142857,0.005,0.0001515151515151,0.0116666666666666,0.0051968700159489,0.012,0.0065817716640085,0.008,0.0168942716640085
sonar,ticket,bge-large,recent,title_module_all_recent,title,module,all,0.1242762896825397,0.1480892857142857,0.04,0.02625,0.0333333333333333,0.06625,0.022,0.07375,0.094,0.7501666666666666
sonar,ticket,bge-large,recent,desc_file_all_recent,desc,file,all,0.0028348762531328,0.0110555555555555,0.005,0.0002631578947368,0.0033333333333333,0.0005263157894736,0.005,0.003672149122807,0.007,0.0160873538011695
sonar,ticket,bge-large,recent,desc_module_all_recent,desc,module,all,0.0516130952380952,0.0627142857142857,0.04,0.02625,0.0283333333333333,0.0575,0.023,0.07375,0.017,0.1108333333333333
sonar,ticket,bge-large,recent,comments_file_all_recent,comments,file,all,0.0120722914187826,0.0289920634920634,0.025,0.0095813397129186,0.0116666666666666,0.0099960127591706,0.0069999999999999,0.0099960127591706,0.0075,0.0227182349813928
sonar,ticket,bge-large,recent,comments_module_all_recent,comments,module,all,0.1126932539682539,0.1377638888888889,0.045,0.0275,0.0283333333333333,0.0575,0.021,0.07,0.09,0.721
sonar,ticket,bge-large,modn,title_file_w100_modn,title,file,w100,0.0006283489096573,0.0030833333333333,0.0,0.0,0.0,0.0,0.002,0.0010467289719626,0.0015,0.0035467289719626
sonar,ticket,bge-large,modn,title_module_w100_modn,title,module,w100,0.2555819444444445,0.3057916666666667,0.125,0.0632499999999999,0.0866666666666666,0.1310833333333333,0.204,0.731,0.1325,0.8645833333333335
sonar,ticket,bge-large,modn,desc_file_w100_modn,desc,file,w100,0.0002655763239875,0.0029166666666666,0.0,0.0,0.0016666666666666,4.672897196261682e-05,0.002,0.0010467289719626,0.001,0.0010467289719626
sonar,ticket,bge-large,modn,desc_module_w100_modn,desc,module,w100,0.2568598875661376,0.3067083333333333,0.12,0.0640833333333333,0.0866666666666666,0.1325833333333333,0.203,0.7284999999999999,0.133,0.8831666666666667
sonar,ticket,bge-large,modn,comments_file_w100_modn,comments,file,w100,0.0027,0.0034999999999999,0.0,0.0,0.0016666666666666,0.005,0.002,0.006,0.001,0.006
sonar,ticket,bge-large,modn,comments_module_w100_modn,comments,module,w100,0.2498225198412699,0.3004861111111112,0.11,0.0540833333333333,0.0916666666666666,0.1410833333333333,0.202,0.721,0.1315,0.8773333333333333
sonar,ticket,bge-large,modn,title_file_w1000_modn,title,file,w1000,0.0070134567219264,0.0524285714285714,0.05,0.0046398030187223,0.0233333333333333,0.0062524979504962,0.018,0.0074303095006482,0.0125,0.0091607613021951
sonar,ticket,bge-large,modn,title_module_w1000_modn,title,module,w1000,0.4117962962962963,0.4579722222222221,0.195,0.1276666666666666,0.2566666666666666,0.5575833333333333,0.192,0.67,0.127,0.8339166666666666
sonar,ticket,bge-large,modn,desc_file_w1000_modn,desc,file,w1000,0.0068778791003827,0.061625,0.045,0.0029132436007436,0.0333333333333333,0.0057217928414736,0.031,0.0088907398242933,0.0225,0.0179933219527046
sonar,ticket,bge-large,modn,desc_module_w1000_modn,desc,module,w1000,0.4521715277777777,0.5027837301587301,0.275,0.20475,0.2583333333333333,0.562,0.198,0.6944166666666667,0.13,0.8628333333333333
sonar,ticket,bge-large,modn,comments_file_w1000_modn,comments,file,w1000,0.0110720873630881,0.0670753968253968,0.045,0.0030412663603453,0.0383333333333333,0.0083146060494184,0.038,0.0114568251765629,0.0315,0.022174231245456
sonar,ticket,bge-large,modn,comments_module_w1000_modn,comments,module,w1000,0.4589596891534391,0.5092837301587302,0.265,0.19475,0.2783333333333334,0.5973333333333334,0.2,0.6916666666666668,0.129,0.8555833333333334
sonar,ticket,bge-large,modn,title_file_all_modn,title,file,all,0.051941433015426,0.1468650793650793,0.095,0.0201066335915312,0.0816666666666666,0.0557061100166655,0.071,0.06963573455879,0.0565,0.0991316340296895
sonar,ticket,bge-large,modn,title_module_all_modn,title,module,all,0.3249611441798942,0.369204365079365,0.2,0.1214166666666666,0.1816666666666666,0.352,0.1609999999999999,0.5175,0.12,0.7738333333333333
sonar,ticket,bge-large,modn,desc_file_all_modn,desc,file,all,0.0627484773728874,0.1680396825396825,0.105,0.0236418884543884,0.0916666666666666,0.0544615467518791,0.084,0.0840527007484138,0.072,0.1303457995139306
sonar,ticket,bge-large,modn,desc_module_all_modn,desc,module,all,0.3392357804232804,0.3774940476190476,0.2,0.13,0.1866666666666666,0.3789166666666667,0.17,0.5490833333333334,0.121,0.7735
sonar,ticket,bge-large,modn,comments_file_all_modn,comments,file,all,0.0745386026191514,0.1795853174603174,0.1,0.0271572119572691,0.1033333333333333,0.0694015004796237,0.098,0.0958653210673605,0.0745,0.1463315848370617
sonar,ticket,bge-large,modn,comments_module_all_modn,comments,module,all,0.3666367063492063,0.4198988095238096,0.24,0.1516666666666666,0.2,0.3975833333333333,0.175,0.5779166666666666,0.124,0.7802500000000001
spark,commit,bge-small,recent,title_file_w100_recent,title,file,w100,0.0827310067988639,0.1469365079365079,0.11,0.0453959235209235,0.08,0.0781258091758091,0.065,0.0976175995925995,0.045,0.1223422943422943
spark,commit,bge-small,recent,title_module_w100_recent,title,module,w100,0.7475099206349206,0.7729424603174603,0.66,0.5858333333333333,0.32,0.7970833333333335,0.216,0.8875,0.119,0.9675
spark,commit,bge-small,recent,desc_file_w100_recent,desc,file,w100,0.0910186106840007,0.1738174603174603,0.13,0.0478551587301587,0.09,0.0852444277944278,0.071,0.1150770737520737,0.048,0.142891165135244
spark,commit,bge-small,recent,desc_module_w100_recent,desc,module,w100,0.755875,0.7876150793650794,0.675,0.58625,0.335,0.83625,0.215,0.8883333333333333,0.1185,0.9675
spark,commit,bge-small,recent,diff_file_w100_recent,diff,file,w100,0.0904695491491661,0.1713253968253968,0.13,0.0490199314574314,0.0883333333333333,0.0868317293817293,0.068,0.1061593248343248,0.0484999999999999,0.1398649746590536
spark,commit,bge-small,recent,diff_module_w100_recent,diff,module,w100,0.7365039682539682,0.7714841269841269,0.645,0.55625,0.3283333333333333,0.8245833333333334,0.214,0.8891666666666665,0.1185,0.9675
spark,commit,bge-small,recent,title_file_w1000_recent,title,file,w1000,0.1646696223950336,0.2618134920634921,0.16,0.0668602552418341,0.14,0.1781282006222795,0.111,0.2215962389653179,0.084,0.3078094845351424
spark,commit,bge-small,recent,title_module_w1000_recent,title,module,w1000,0.7364642857142857,0.7517718253968255,0.625,0.5616666666666666,0.325,0.8241666666666666,0.215,0.8845833333333334,0.121,0.98375
spark,commit,bge-small,recent,desc_file_w1000_recent,desc,file,w1000,0.1837163893162106,0.3011607142857143,0.2,0.0754360469426258,0.17,0.1922822204762994,0.1369999999999999,0.245502804059383,0.102,0.3299631916858696
spark,commit,bge-small,recent,desc_module_w1000_recent,desc,module,w1000,0.764437996031746,0.781186507936508,0.655,0.5783333333333334,0.345,0.8591666666666665,0.228,0.93625,0.1215,0.9816666666666666
spark,commit,bge-small,recent,diff_file_w1000_recent,diff,file,w1000,0.2035202242254708,0.3179146825396825,0.21,0.0884568802759592,0.185,0.220087776031855,0.147,0.2703599469165259,0.106,0.350416608882708
spark,commit,bge-small,recent,diff_module_w1000_recent,diff,module,w1000,0.7542455357142858,0.7683174603174604,0.65,0.5783333333333333,0.3283333333333333,0.8208333333333334,0.226,0.93125,0.122,0.9833333333333332
spark,commit,bge-small,recent,title_file_all_recent,title,file,all,0.1334597206272566,0.2232857142857142,0.12,0.057323593073593,0.1133333333333333,0.1478510622635622,0.107,0.2307722609913399,0.0725,0.2821975296041085
spark,commit,bge-small,recent,title_module_all_recent,title,module,all,0.587015873015873,0.626204365079365,0.515,0.4558333333333333,0.245,0.6254166666666666,0.175,0.7379166666666667,0.104,0.8508333333333334
spark,commit,bge-small,recent,desc_file_all_recent,desc,file,all,0.2003202517709456,0.3221825396825397,0.215,0.1009743861618861,0.1716666666666666,0.2119229385258797,0.136,0.2594003549907961,0.1035,0.3576485559735172
spark,commit,bge-small,recent,desc_module_all_recent,desc,module,all,0.6661815476190476,0.6977460317460317,0.585,0.515,0.2783333333333333,0.7116666666666666,0.195,0.82375,0.1125,0.9191666666666668
spark,commit,bge-small,recent,diff_file_all_recent,diff,file,all,0.1933891723392234,0.311297619047619,0.205,0.0953245845745845,0.16,0.2013413028413028,0.141,0.2717682503307503,0.102,0.3509158933658547
spark,commit,bge-small,recent,diff_module_all_recent,diff,module,all,0.6269702380952381,0.6614027777777778,0.545,0.475,0.2616666666666666,0.6708333333333334,0.188,0.7808333333333333,0.111,0.9091666666666668
spark,commit,bge-small,modn,title_file_w100_modn,title,file,w100,0.0237207341269841,0.0546170634920634,0.04,0.0148809523809523,0.0233333333333333,0.0270535714285714,0.015,0.028720238095238,0.0115,0.04625
spark,commit,bge-small,modn,title_module_w100_modn,title,module,w100,0.579151565255732,0.6243095238095238,0.515,0.4390555555555556,0.2583333333333333,0.6292698412698413,0.1909999999999999,0.7462539682539682,0.108,0.8015992063492063
spark,commit,bge-small,modn,desc_file_w100_modn,desc,file,w100,0.027390873015873,0.0595555555555555,0.045,0.0155059523809523,0.0266666666666666,0.0303869047619047,0.018,0.0378869047619047,0.011,0.0445535714285714
spark,commit,bge-small,modn,desc_module_w100_modn,desc,module,w100,0.5718191137566138,0.6305952380952381,0.52,0.4335198412698413,0.255,0.6252341269841271,0.186,0.7253015873015873,0.107,0.799218253968254
spark,commit,bge-small,modn,diff_file_w100_modn,diff,file,w100,0.0259861111111111,0.0584285714285714,0.045,0.014672619047619,0.025,0.0245535714285714,0.019,0.0395535714285714,0.012,0.0478869047619047
spark,commit,bge-small,modn,diff_module_w100_modn,diff,module,w100,0.5777476851851852,0.6317321428571429,0.515,0.4351865079365079,0.2633333333333333,0.645234126984127,0.186,0.7295873015873017,0.1065,0.7986626984126985
spark,commit,bge-small,modn,title_file_w1000_modn,title,file,w1000,0.0507685185185185,0.1282499999999999,0.085,0.0234325396825396,0.0583333333333333,0.0537103174603174,0.0519999999999999,0.0779662698412698,0.031,0.0942162698412698
spark,commit,bge-small,modn,title_module_w1000_modn,title,module,w1000,0.5755626102292769,0.6142519841269841,0.48,0.3961388888888889,0.2733333333333334,0.6518333333333334,0.192,0.7317698412698413,0.1165,0.8543571428571428
spark,commit,bge-small,modn,desc_file_w1000_modn,desc,file,w1000,0.0556946428571428,0.1338869047619047,0.1,0.0335496031746031,0.0616666666666666,0.0603388888888888,0.043,0.0676603174603174,0.029,0.095715873015873
spark,commit,bge-small,modn,desc_module_w1000_modn,desc,module,w1000,0.5981536816578482,0.6490674603174602,0.53,0.4386388888888888,0.2766666666666666,0.6518809523809524,0.199,0.7586150793650793,0.1145,0.8455873015873016
spark,commit,bge-small,modn,diff_file_w1000_modn,diff,file,w1000,0.0603443452380952,0.134359126984127,0.095,0.0328353174603174,0.0616666666666666,0.0643055555555555,0.045,0.0807936507936507,0.031,0.1059123015873016
spark,commit,bge-small,modn,diff_module_w1000_modn,diff,module,w1000,0.5942581790123457,0.6432976190476191,0.535,0.4411388888888888,0.2766666666666666,0.6493809523809523,0.19,0.7204007936507937,0.116,0.8518571428571429
spark,commit,bge-small,modn,title_file_all_modn,title,file,all,0.200720565162635,0.3289960317460317,0.23,0.1037902585765489,0.1733333333333333,0.1950255015593725,0.148,0.2603937171251687,0.1085,0.3522017560396592
spark,commit,bge-small,modn,title_module_all_modn,title,module,all,0.6132840608465608,0.6715257936507936,0.56,0.4743333333333334,0.27,0.6693333333333333,0.185,0.7565833333333333,0.111,0.8710277777777778
spark,commit,bge-small,modn,desc_file_all_modn,desc,file,all,0.2549678568865636,0.4094047619047619,0.295,0.1193896453009356,0.2266666666666666,0.2406213168551878,0.187,0.3122934645999162,0.1395,0.4465683505562537
spark,commit,bge-small,modn,desc_module_all_modn,desc,module,all,0.6029723481985387,0.6524880952380953,0.52,0.435047619047619,0.2716666666666666,0.6581031746031747,0.192,0.7503452380952382,0.119,0.9003293650793651
spark,commit,bge-small,modn,diff_file_all_modn,diff,file,all,0.2620440497248101,0.4170555555555555,0.305,0.1355702008564911,0.2366666666666666,0.2668153644742354,0.187,0.3243680677745193,0.135,0.422094937857841
spark,commit,bge-small,modn,diff_module_all_modn,diff,module,all,0.5948281997984379,0.6467380952380952,0.525,0.4450476190476191,0.265,0.646436507936508,0.184,0.7382420634920634,0.115,0.8605873015873016
spark,commit,bge-large,recent,title_file_w100_recent,title,file,w100,0.0935343091538815,0.1778154761904762,0.14,0.0554680389055389,0.0916666666666666,0.0915490234615234,0.064,0.1039835794460794,0.045,0.1258227141417931
spark,commit,bge-large,recent,title_module_w100_recent,title,module,w100,0.7646765873015873,0.7903234126984126,0.69,0.60375,0.3283333333333333,0.8175,0.22,0.9020833333333332,0.119,0.9641666666666666
spark,commit,bge-large,recent,desc_file_w100_recent,desc,file,w100,0.0857065883683317,0.1686011904761905,0.115,0.0379282661782661,0.095,0.1018840523215523,0.066,0.106271386083886,0.0455,0.1335684392500181
spark,commit,bge-large,recent,desc_module_w100_recent,desc,module,w100,0.7826011904761905,0.8141785714285714,0.715,0.62375,0.3366666666666666,0.8479166666666668,0.22,0.9141666666666668,0.1205,0.9791666666666664
spark,commit,bge-large,recent,diff_file_w100_recent,diff,file,w100,0.0860357027525667,0.1725932539682539,0.12,0.0402189407814407,0.0883333333333333,0.0914516028266028,0.068,0.1108042143667143,0.049,0.1410012675328464
spark,commit,bge-large,recent,diff_module_w100_recent,diff,module,w100,0.7804682539682539,0.8110555555555555,0.715,0.62625,0.3383333333333332,0.8529166666666668,0.218,0.9008333333333334,0.12,0.9766666666666666
spark,commit,bge-large,recent,title_file_w1000_recent,title,file,w1000,0.1753539481938377,0.2820357142857143,0.18,0.0821890236956026,0.1516666666666666,0.1912337100468679,0.1209999999999999,0.2332458273589852,0.0875,0.3051172833370201
spark,commit,bge-large,recent,title_module_w1000_recent,title,module,w1000,0.7330153769841269,0.7545257936507938,0.635,0.5616666666666666,0.3266666666666666,0.8129166666666667,0.222,0.9129166666666668,0.1195,0.9666666666666666
spark,commit,bge-large,recent,desc_file_w1000_recent,desc,file,w1000,0.2059762561846229,0.3548234126984127,0.25,0.0944383016323805,0.1866666666666666,0.2154489482400473,0.149,0.2686562775039555,0.1045,0.3506757563359343
spark,commit,bge-large,recent,desc_module_w1000_recent,desc,module,w1000,0.7912460317460318,0.8101904761904761,0.71,0.6241666666666668,0.3466666666666666,0.8595833333333333,0.231,0.9441666666666668,0.122,0.9904166666666666
spark,commit,bge-large,recent,diff_file_w1000_recent,diff,file,w1000,0.2246194482260387,0.3689900793650794,0.26,0.1095598839973839,0.1966666666666666,0.2304382500418491,0.158,0.2907774896251676,0.1125,0.3772497642724423
spark,commit,bge-large,recent,diff_module_w1000_recent,diff,module,w1000,0.7846403769841271,0.8044146825396825,0.7,0.6191666666666665,0.3416666666666666,0.8625,0.228,0.9325,0.122,0.9904166666666666
spark,commit,bge-large,recent,title_file_all_recent,title,file,all,0.1678869547855871,0.2760178571428571,0.17,0.0858841991341991,0.145,0.2029219402160191,0.112,0.2441388458424449,0.08,0.3083272162873943
spark,commit,bge-large,recent,title_module_all_recent,title,module,all,0.6218480489417989,0.6604484126984127,0.555,0.4970833333333332,0.265,0.6854166666666666,0.1809999999999999,0.7654166666666665,0.1065,0.8679166666666667
spark,commit,bge-large,recent,desc_file_all_recent,desc,file,all,0.2212312551834832,0.3675,0.275,0.1266670268545268,0.1866666666666666,0.2140086694616106,0.146,0.2737660439071429,0.113,0.3725089666155068
spark,commit,bge-large,recent,desc_module_all_recent,desc,module,all,0.6912063492063493,0.7184067460317459,0.59,0.5279166666666667,0.305,0.7791666666666667,0.205,0.8516666666666666,0.1145,0.9329166666666668
spark,commit,bge-large,recent,diff_file_all_recent,diff,file,all,0.2299039956443524,0.3717242063492063,0.25,0.1187124813999814,0.195,0.231517263864284,0.151,0.2860419277455268,0.1215,0.4088024370339772
spark,commit,bge-large,recent,diff_module_all_recent,diff,module,all,0.7000932539682541,0.727642857142857,0.615,0.5479166666666666,0.3,0.765,0.205,0.8458333333333333,0.115,0.9345833333333334
spark,commit,bge-large,modn,title_file_w100_modn,title,file,w100,0.0255221088435374,0.0585059523809523,0.04,0.016547619047619,0.025,0.0289285714285714,0.017,0.0339285714285714,0.011,0.0414583333333333
spark,commit,bge-large,modn,title_module_w100_modn,title,module,w100,0.5859581128747796,0.6367936507936507,0.535,0.4497698412698412,0.2666666666666666,0.6363650793650794,0.1879999999999999,0.7350039682539682,0.1065,0.794218253968254
spark,commit,bge-large,modn,desc_file_w100_modn,desc,file,w100,0.0318587962962962,0.0698055555555555,0.06,0.0245535714285714,0.0283333333333333,0.0320535714285714,0.018,0.033720238095238,0.012,0.0464583333333333
spark,commit,bge-large,modn,desc_module_w100_modn,desc,module,w100,0.5869742063492063,0.6388373015873016,0.54,0.4573888888888888,0.255,0.6198174603174603,0.186,0.7170873015873016,0.107,0.8011626984126985
spark,commit,bge-large,modn,diff_file_w100_modn,diff,file,w100,0.0310601851851851,0.0663253968253968,0.06,0.0245535714285714,0.0233333333333333,0.028720238095238,0.018,0.0353869047619047,0.012,0.04625
spark,commit,bge-large,modn,diff_module_w100_modn,diff,module,w100,0.5876279761904761,0.639781746031746,0.54,0.4573888888888888,0.2583333333333333,0.622734126984127,0.1889999999999999,0.7295873015873017,0.1065,0.7986626984126985
spark,commit,bge-large,modn,title_file_w1000_modn,title,file,w1000,0.0561033399470899,0.1263948412698412,0.08,0.0282222222222222,0.0633333333333333,0.0681607142857142,0.048,0.0782638888888889,0.0309999999999999,0.1030039682539682
spark,commit,bge-large,modn,title_module_w1000_modn,title,module,w1000,0.6340664840010077,0.673609126984127,0.56,0.4776388888888888,0.29,0.6902142857142857,0.1989999999999999,0.7610674603174603,0.1175,0.8601904761904763
spark,commit,bge-large,modn,desc_file_w1000_modn,desc,file,w1000,0.0667824074074074,0.1426388888888889,0.11,0.0453948412698412,0.065,0.0677996031746031,0.052,0.087140873015873,0.0295,0.0971011904761905
spark,commit,bge-large,modn,desc_module_w1000_modn,desc,module,w1000,0.6418038800705468,0.6946706349206349,0.595,0.4947698412698412,0.2916666666666667,0.6948452380952381,0.1969999999999999,0.7608174603174603,0.115,0.8507261904761905
spark,commit,bge-large,modn,diff_file_w1000_modn,diff,file,w1000,0.0747771164021164,0.1587757936507936,0.125,0.0540674603174603,0.0683333333333333,0.0736805555555555,0.051,0.089640873015873,0.0334999999999999,0.1146904761904761
spark,commit,bge-large,modn,diff_module_w1000_modn,diff,module,w1000,0.6307699514991181,0.6787876984126985,0.575,0.4781031746031746,0.285,0.6695595238095238,0.198,0.7656984126984128,0.1144999999999999,0.8461428571428571
spark,commit,bge-large,modn,title_file_all_modn,title,file,all,0.2391949316162872,0.3806884920634921,0.275,0.1243281373644276,0.2,0.236581057114928,0.164,0.2934433202997719,0.122,0.3972311211190243
spark,commit,bge-large,modn,title_module_all_modn,title,module,all,0.6287789682539683,0.687954365079365,0.575,0.4826666666666666,0.275,0.684888888888889,0.187,0.7547777777777779,0.1145,0.8822142857142856
spark,commit,bge-large,modn,desc_file_all_modn,desc,file,all,0.2900142848137951,0.435531746031746,0.32,0.1523003595866499,0.2466666666666666,0.2774863962202672,0.19,0.3345986233300749,0.143,0.4578399595028626
spark,commit,bge-large,modn,desc_module_all_modn,desc,module,all,0.6245985827664399,0.6667361111111112,0.525,0.441297619047619,0.285,0.6940952380952381,0.1989999999999999,0.7833174603174604,0.1205,0.9119960317460316
spark,commit,bge-large,modn,diff_file_all_modn,diff,file,all,0.2840424395900154,0.4334940476190476,0.335,0.1540146453009356,0.2366666666666666,0.2734701263789973,0.191,0.3438129090443606,0.1385,0.4413028743657776
spark,commit,bge-large,modn,diff_module_all_modn,diff,module,all,0.6212193342151676,0.6654424603174602,0.525,0.438797619047619,0.285,0.6914365079365079,0.201,0.7910674603174604,0.1205,0.9089206349206348
spark,ticket,bge-small,recent,title_file_w100_recent,title,file,w100,0.0598650641866634,0.1386924603174603,0.1,0.0356027586996337,0.0633333333333333,0.0606310729099332,0.057,0.0909034068260171,0.0355,0.1051631801045404
spark,ticket,bge-small,recent,title_module_w100_recent,title,module,w100,0.5304013227513228,0.5783988095238095,0.4,0.3341666666666666,0.2516666666666667,0.6189166666666667,0.175,0.7074166666666667,0.119,0.9131666666666668
spark,ticket,bge-small,recent,desc_file_w100_recent,desc,file,w100,0.0571963360291669,0.1309821428571428,0.095,0.0385253777472527,0.0616666666666666,0.0580872138278388,0.047,0.0715184638278388,0.035,0.0980925551776654
spark,ticket,bge-small,recent,desc_module_w100_recent,desc,module,w100,0.5501484126984127,0.6005595238095238,0.415,0.3470833333333333,0.2666666666666666,0.6509999999999999,0.2,0.7857499999999998,0.118,0.9059166666666668
spark,ticket,bge-small,recent,comments_file_w100_recent,comments,file,w100,0.0593513239595041,0.1294563492063491,0.09,0.0391944253663003,0.0633333333333333,0.0650893146681749,0.05,0.0812226708952812,0.035,0.1020234233991587
spark,ticket,bge-small,recent,comments_module_w100_recent,comments,module,w100,0.5242736441798941,0.5707242063492063,0.38,0.3191666666666666,0.255,0.6304166666666667,0.1929999999999999,0.76225,0.118,0.90275
spark,ticket,bge-small,recent,title_file_w1000_recent,title,file,w1000,0.1356710883497582,0.2341428571428571,0.155,0.0722409401260504,0.115,0.1362464238580047,0.105,0.1955333841651856,0.0735,0.2467703993558773
spark,ticket,bge-small,recent,title_module_w1000_recent,title,module,w1000,0.6121621031746032,0.6564126984126983,0.5,0.4191666666666666,0.295,0.7134999999999999,0.201,0.7968333333333333,0.119,0.9075833333333332
spark,ticket,bge-small,recent,desc_file_w1000_recent,desc,file,w1000,0.162789817540171,0.2674404761904762,0.18,0.0825572916666666,0.1383333333333333,0.1770673770469726,0.1139999999999999,0.2233548354166081,0.0825,0.2811654311933804
spark,ticket,bge-small,recent,desc_module_w1000_recent,desc,module,w1000,0.6099176587301588,0.651015873015873,0.48,0.3941666666666667,0.295,0.6980833333333334,0.208,0.8114166666666667,0.123,0.93825
spark,ticket,bge-small,recent,comments_file_w1000_recent,comments,file,w1000,0.1746737426589225,0.2913571428571428,0.21,0.0976367734593837,0.1466666666666666,0.1793561697990006,0.11,0.2186817253096665,0.0835,0.3086081945148121
spark,ticket,bge-small,recent,comments_module_w1000_recent,comments,module,w1000,0.6473744047619049,0.6935972222222222,0.535,0.4441666666666667,0.3,0.7239166666666667,0.214,0.8430833333333334,0.1255,0.9534166666666668
spark,ticket,bge-small,recent,title_file_all_recent,title,file,all,0.1126681574132727,0.1813373015873016,0.085,0.0258242540494458,0.115,0.1206262055497429,0.1,0.1895013893732723,0.0715,0.2627414697532504
spark,ticket,bge-small,recent,title_module_all_recent,title,module,all,0.4883551917989418,0.5415059523809523,0.37,0.3004166666666666,0.2383333333333333,0.5780833333333333,0.175,0.6961666666666667,0.1075,0.8325833333333332
spark,ticket,bge-small,recent,desc_file_all_recent,desc,file,all,0.1490605938250858,0.2080396825396825,0.1,0.0520749999999999,0.1116666666666666,0.1441514686853002,0.1,0.2021988693797676,0.087,0.3405907379882124
spark,ticket,bge-small,recent,desc_module_all_recent,desc,module,all,0.5536461640211641,0.6034325396825397,0.46,0.39375,0.2466666666666666,0.6043333333333334,0.181,0.7284999999999999,0.1125,0.8739166666666667
spark,ticket,bge-small,recent,comments_file_all_recent,comments,file,all,0.1460431990206558,0.2372023809523809,0.135,0.0574738076208744,0.1183333333333333,0.1478968711941298,0.11,0.2143026967970222,0.0855,0.3022912490580249
spark,ticket,bge-small,recent,comments_module_all_recent,comments,module,all,0.5660402777777778,0.6249126984126984,0.47,0.3975,0.2583333333333333,0.6318333333333332,0.1939999999999999,0.7709999999999999,0.11,0.86075
spark,ticket,bge-small,modn,title_file_w100_modn,title,file,w100,0.0242317398895142,0.0559305555555555,0.035,0.0130386178861788,0.0283333333333333,0.0284748280175109,0.021,0.0360967792370231,0.013,0.0458020637898686
spark,ticket,bge-small,modn,title_module_w100_modn,title,module,w100,0.5352697467876039,0.602376984126984,0.435,0.345922619047619,0.2716666666666666,0.6390178571428571,0.191,0.7297797619047618,0.1165,0.8502916666666667
spark,ticket,bge-small,modn,desc_file_w100_modn,desc,file,w100,0.0173460402724775,0.0483035714285714,0.025,0.0059552845528455,0.0216666666666666,0.0188914946841776,0.019,0.0340134459036898,0.015,0.0461041394919443
spark,ticket,bge-small,modn,desc_module_w100_modn,desc,module,w100,0.5796063492063491,0.6507757936507937,0.49,0.3924702380952381,0.2883333333333333,0.6797321428571428,0.202,0.7674464285714286,0.1165,0.8522142857142856
spark,ticket,bge-small,modn,comments_file_w100_modn,comments,file,w100,0.015059581066705,0.0434285714285714,0.02,0.0038719512195121,0.0233333333333333,0.0179470502397331,0.019,0.0277387169063998,0.013,0.0392781284433723
spark,ticket,bge-small,modn,comments_module_w100_modn,comments,module,w100,0.6011996031746033,0.6671388888888888,0.52,0.4243035714285714,0.3033333333333333,0.6931130952380953,0.211,0.7912857142857144,0.1165,0.8463809523809525
spark,ticket,bge-small,modn,title_file_w1000_modn,title,file,w1000,0.0496133921808905,0.105220238095238,0.06,0.0256219512195121,0.0483333333333333,0.0538555751439477,0.042,0.0831115843344744,0.0315,0.1121701137249298
spark,ticket,bge-small,modn,title_module_w1000_modn,title,module,w1000,0.4686875,0.5288293650793651,0.36,0.2787083333333333,0.2333333333333333,0.5338869047619048,0.182,0.6898988095238096,0.1144999999999999,0.838029761904762
spark,ticket,bge-small,modn,desc_file_w1000_modn,desc,file,w1000,0.0604980930916784,0.1402123015873015,0.095,0.0303967347692957,0.0699999999999999,0.0719361782365073,0.053,0.0878948289634087,0.037,0.1164841000184913
spark,ticket,bge-small,modn,desc_module_w1000_modn,desc,module,w1000,0.5406100340136054,0.6004742063492065,0.435,0.3510892857142856,0.2733333333333334,0.6411785714285714,0.191,0.7159285714285715,0.1185,0.8643690476190478
spark,ticket,bge-small,modn,comments_file_w1000_modn,comments,file,w1000,0.0745811828484985,0.1533809523809523,0.105,0.0453967347692957,0.0733333333333333,0.0814718925222216,0.054,0.0988671038149938,0.0385,0.1374246336968279
spark,ticket,bge-small,modn,comments_module_w1000_modn,comments,module,w1000,0.5493792280801209,0.6052896825396825,0.44,0.3567559523809523,0.2683333333333333,0.627297619047619,0.196,0.7336369047619047,0.121,0.8810357142857143
spark,ticket,bge-small,modn,title_file_all_modn,title,file,all,0.1409897944066635,0.2483353174603174,0.17,0.087383382659558,0.12,0.1500698805298569,0.0969999999999999,0.1847955921632995,0.0715,0.2524058185758149
spark,ticket,bge-small,modn,title_module_all_modn,title,module,all,0.472754117063492,0.5312162698412698,0.385,0.307875,0.22,0.5208392857142857,0.1659999999999999,0.6395595238095237,0.1115,0.8179404761904762
spark,ticket,bge-small,modn,desc_file_all_modn,desc,file,all,0.1803935008693619,0.3281071428571428,0.23,0.0920478288085243,0.1766666666666666,0.1920625529367301,0.141,0.24633662611492,0.1005,0.3052161500866951
spark,ticket,bge-small,modn,desc_module_all_modn,desc,module,all,0.5535465419501134,0.6095674603174603,0.47,0.390375,0.255,0.6060892857142857,0.185,0.7219702380952381,0.1165,0.8667797619047619
spark,ticket,bge-small,modn,comments_file_all_modn,comments,file,all,0.1700733356086688,0.3126349206349206,0.205,0.0748012883119838,0.1666666666666666,0.1822104765287327,0.146,0.2533558994693867,0.1015,0.3243794644046902
spark,ticket,bge-small,modn,comments_module_all_modn,comments,module,all,0.5572961144179894,0.6110615079365078,0.465,0.384375,0.2616666666666666,0.6145416666666667,0.186,0.7103035714285714,0.119,0.8736130952380953
spark,ticket,bge-large,recent,title_file_w100_recent,title,file,w100,0.0634395893039301,0.1392202380952381,0.09,0.0332203262672012,0.075,0.0777149259937862,0.057,0.0972558715066067,0.0345,0.1111331036494639
spark,ticket,bge-large,recent,title_module_w100_recent,title,module,w100,0.5446266865079366,0.5850119047619048,0.405,0.33875,0.2566666666666666,0.62625,0.188,0.7432500000000001,0.12,0.9206666666666666
spark,ticket,bge-large,recent,desc_file_w100_recent,desc,file,w100,0.0594144242807845,0.1306666666666666,0.085,0.0340596214447317,0.0683333333333333,0.068499433715794,0.053,0.0837027200128303,0.036,0.100958398709134
spark,ticket,bge-large,recent,desc_module_w100_recent,desc,module,w100,0.5455945767195768,0.5946230158730159,0.395,0.3308333333333333,0.26,0.631,0.2,0.7985,0.119,0.9153333333333332
spark,ticket,bge-large,recent,comments_file_w100_recent,comments,file,w100,0.0608300213408012,0.1301309523809523,0.085,0.0367290353641456,0.0616666666666666,0.0670143146681749,0.048,0.0794869566095669,0.035,0.1098701220552323
spark,ticket,bge-large,recent,comments_module_w100_recent,comments,module,w100,0.5732477182539683,0.6142638888888889,0.455,0.3954166666666667,0.27,0.6559999999999999,0.193,0.7618333333333333,0.119,0.9056666666666666
spark,ticket,bge-large,recent,title_file_w1000_recent,title,file,w1000,0.1518316979495977,0.2592539682539682,0.17,0.0777378151260504,0.1366666666666666,0.1682805974546783,0.1089999999999999,0.2139045908020173,0.0745,0.2736648442128221
spark,ticket,bge-large,recent,title_module_w1000_recent,title,module,w1000,0.6270030423280423,0.6658154761904762,0.515,0.4326666666666666,0.3016666666666666,0.721,0.204,0.7957500000000001,0.122,0.9306666666666666
spark,ticket,bge-large,recent,desc_file_w1000_recent,desc,file,w1000,0.178913463063708,0.3016150793650793,0.21,0.0993659401260504,0.1483333333333333,0.1753386022314331,0.126,0.2445574788205302,0.092,0.3170232073268917
spark,ticket,bge-large,recent,desc_module_w1000_recent,desc,module,w1000,0.6485565476190476,0.6842162698412699,0.525,0.4433333333333333,0.3,0.7172499999999999,0.207,0.816,0.1265,0.963
spark,ticket,bge-large,recent,comments_file_w1000_recent,comments,file,w1000,0.1855916910967614,0.3195932539682539,0.22,0.0971775553126656,0.1733333333333333,0.2123858984037293,0.136,0.2472788901794416,0.092,0.3135376131912977
spark,ticket,bge-large,recent,comments_module_w1000_recent,comments,module,w1000,0.6886073412698412,0.7324742063492065,0.595,0.4970833333333334,0.315,0.7597499999999999,0.216,0.8536666666666668,0.1255,0.9588333333333334
spark,ticket,bge-large,recent,title_file_all_recent,title,file,all,0.1476259325254036,0.2189642857142857,0.13,0.0663183210784313,0.1116666666666666,0.1519987132352941,0.098,0.2006708338177168,0.0745,0.2895601895600137
spark,ticket,bge-large,recent,title_module_all_recent,title,module,all,0.5383258928571428,0.5856626984126985,0.43,0.3608333333333333,0.2516666666666666,0.6189166666666667,0.186,0.7411666666666666,0.1165,0.88925
spark,ticket,bge-large,recent,desc_file_all_recent,desc,file,all,0.1937581434861494,0.2715714285714286,0.15,0.0799045454545454,0.155,0.198819834015622,0.126,0.2659201122247318,0.0975,0.3927708330565427
spark,ticket,bge-large,recent,desc_module_all_recent,desc,module,all,0.5708914682539682,0.6251309523809524,0.475,0.4008333333333332,0.2616666666666666,0.6435,0.19,0.7530833333333333,0.113,0.8786666666666666
spark,ticket,bge-large,recent,comments_file_all_recent,comments,file,all,0.2034076542238287,0.2933095238095238,0.17,0.0835007246376811,0.1533333333333333,0.1904188769661356,0.143,0.2782219489695912,0.1115,0.4213620857216925
spark,ticket,bge-large,recent,comments_module_all_recent,comments,module,all,0.5932303902116403,0.6465496031746032,0.49,0.4095833333333333,0.28,0.6893333333333334,0.1929999999999999,0.7693333333333334,0.116,0.9009166666666668
spark,ticket,bge-large,modn,title_file_w100_modn,title,file,w100,0.0299663768650049,0.060047619047619,0.03,0.0088719512195121,0.0316666666666666,0.0392439024390243,0.0279999999999999,0.0482248280175109,0.018,0.0600520637898686
spark,ticket,bge-large,modn,title_module_w100_modn,title,module,w100,0.5367006401171579,0.6060059523809523,0.425,0.325922619047619,0.2883333333333333,0.6705654761904762,0.203,0.7729464285714285,0.1155,0.8418392857142857
spark,ticket,bge-large,modn,desc_file_w100_modn,desc,file,w100,0.0260237805857671,0.0628869047619047,0.035,0.0134552845528455,0.0283333333333333,0.0283814482265701,0.025,0.040555175226998,0.0175,0.0549053010496848
spark,ticket,bge-large,modn,desc_module_w100_modn,desc,module,w100,0.5784284226190476,0.6495535714285714,0.49,0.4000892857142857,0.29,0.6832738095238095,0.202,0.7697797619047618,0.1165,0.8503392857142856
spark,ticket,bge-large,modn,comments_file_w100_modn,comments,file,w100,0.0258800695126914,0.052047619047619,0.03,0.0109552845528455,0.0233333333333333,0.0262981148932368,0.0259999999999999,0.0424339550016379,0.0165,0.0525945241073289
spark,ticket,bge-large,modn,comments_module_w100_modn,comments,module,w100,0.6253729450113379,0.6876448412698412,0.54,0.4435892857142856,0.3166666666666666,0.7317738095238095,0.215,0.7964940476190476,0.1185,0.856172619047619
spark,ticket,bge-large,modn,title_file_w1000_modn,title,file,w1000,0.066267574978543,0.1384325396825396,0.085,0.0321379393098043,0.0583333333333333,0.0700741494411364,0.05,0.1129132299009065,0.04,0.1535026569843686
spark,ticket,bge-large,modn,title_module_w1000_modn,title,module,w1000,0.4821529407596372,0.5416468253968254,0.375,0.2935892857142857,0.2383333333333333,0.547220238095238,0.184,0.6991428571428571,0.116,0.8469583333333333
spark,ticket,bge-large,modn,desc_file_w1000_modn,desc,file,w1000,0.0751438843912194,0.1644345238095238,0.11,0.0389654493880103,0.0816666666666666,0.0964008020434849,0.0619999999999999,0.1122988267948455,0.043,0.1500126917519611
spark,ticket,bge-large,modn,desc_module_w1000_modn,desc,module,w1000,0.5553333333333333,0.6108551587301587,0.455,0.3720416666666666,0.26,0.6173392857142856,0.189,0.7290952380952382,0.1215,0.8768690476190476
spark,ticket,bge-large,modn,comments_file_w1000_modn,comments,file,w1000,0.0944997384473644,0.1840416666666667,0.135,0.0634747567473177,0.0816666666666666,0.1037968089101815,0.067,0.1260984432206374,0.045,0.1582972938263085
spark,ticket,bge-large,modn,comments_module_w1000_modn,comments,module,w1000,0.5987518896447468,0.6528035714285714,0.51,0.421875,0.29,0.6856726190476191,0.202,0.7688452380952381,0.122,0.87925
spark,ticket,bge-large,modn,title_file_all_modn,title,file,all,0.1339351799184605,0.234265873015873,0.14,0.0676940969452723,0.1083333333333333,0.1449879267406741,0.094,0.1884539075417159,0.0765,0.2599741332668914
spark,ticket,bge-large,modn,title_module_all_modn,title,module,all,0.5113964569160997,0.5659623015873015,0.405,0.3328749999999999,0.2416666666666666,0.5820119047619048,0.1779999999999999,0.6953035714285715,0.1105,0.8146964285714285
spark,ticket,bge-large,modn,desc_file_all_modn,desc,file,all,0.1915414739535248,0.363406746031746,0.255,0.0973346877828833,0.1883333333333333,0.1917595047866232,0.159,0.2617660288472639,0.1095,0.3363755919328086
spark,ticket,bge-large,modn,desc_module_all_modn,desc,module,all,0.5845176587301587,0.644390873015873,0.505,0.4137083333333333,0.2716666666666666,0.652297619047619,0.195,0.7552619047619047,0.118,0.8595654761904761
spark,ticket,bge-large,modn,comments_file_all_modn,comments,file,all,0.2067606204745189,0.372359126984127,0.26,0.1032057449664405,0.1983333333333333,0.2092574872109361,0.171,0.2875905893063291,0.1205,0.3616888821871818
spark,ticket,bge-large,modn,comments_module_all_modn,comments,module,all,0.5914650368480726,0.6408154761904763,0.495,0.4112083333333334,0.285,0.6832499999999999,0.201,0.7627142857142857,0.1215,0.8826428571428571
vscode,commit,bge-small,recent,title_file_w100_recent,title,file,w100,0.1634424099953991,0.2404960317460317,0.18,0.1068948412698412,0.1116666666666666,0.1742016594516594,0.085,0.2054291517661082,0.0565,0.2559691950561515
vscode,commit,bge-small,recent,title_module_w100_recent,title,module,w100,0.882235119047619,0.9071666666666668,0.865,0.8275,0.3266666666666667,0.9091666666666668,0.208,0.9416666666666664,0.106,0.9520833333333332
vscode,commit,bge-small,recent,desc_file_w100_recent,desc,file,w100,0.1674296190984079,0.2635753968253968,0.2,0.1072411616161616,0.1216666666666666,0.1840488816738816,0.095,0.2316154401154401,0.0569999999999999,0.2574479107848673
vscode,commit,bge-small,recent,desc_module_w100_recent,desc,module,w100,0.8929156746031746,0.92125,0.89,0.85,0.325,0.9120833333333336,0.203,0.9254166666666666,0.106,0.9520833333333332
vscode,commit,bge-small,recent,diff_file_w100_recent,diff,file,w100,0.1687940340162195,0.2618928571428571,0.19,0.100797619047619,0.125,0.1860497835497835,0.092,0.2168753999623564,0.063,0.2727805226174791
vscode,commit,bge-small,recent,diff_module_w100_recent,diff,module,w100,0.8822490079365078,0.91225,0.87,0.8275,0.3216666666666666,0.9045833333333334,0.206,0.9341666666666666,0.106,0.9520833333333332
vscode,commit,bge-small,recent,title_file_w1000_recent,title,file,w1000,0.2160053253803468,0.3042083333333333,0.205,0.116610119047619,0.16,0.2459658668784813,0.118,0.2900394877021021,0.08,0.3584174059794769
vscode,commit,bge-small,recent,title_module_w1000_recent,title,module,w1000,0.7811542658730158,0.7996309523809524,0.68,0.6470833333333332,0.3133333333333333,0.8616666666666667,0.208,0.94125,0.112,0.9866666666666668
vscode,commit,bge-small,recent,desc_file_w1000_recent,desc,file,w1000,0.2285230719922081,0.3287936507936508,0.23,0.1264982769423558,0.1549999999999999,0.2339005433131577,0.124,0.2984437431688576,0.087,0.388120538595653
vscode,commit,bge-small,recent,desc_module_w1000_recent,desc,module,w1000,0.7824384920634921,0.8007499999999999,0.66,0.6270833333333333,0.3316666666666667,0.9116666666666668,0.21,0.94875,0.1119999999999999,0.9866666666666668
vscode,commit,bge-small,recent,diff_file_w1000_recent,diff,file,w1000,0.2656072862732974,0.4005575396825396,0.3,0.1538682541873331,0.1933333333333333,0.2871685183936328,0.147,0.3435871067497211,0.1035,0.4286900843276987
vscode,commit,bge-small,recent,diff_module_w1000_recent,diff,module,w1000,0.7069722222222222,0.7239404761904763,0.58,0.5495833333333333,0.2933333333333333,0.8045833333333334,0.2,0.9,0.1119999999999999,0.9891666666666667
vscode,commit,bge-small,recent,title_file_all_recent,title,file,all,0.1623347366482854,0.2307738095238095,0.16,0.0900713843904633,0.1183333333333333,0.1808158224784369,0.089,0.210751648126219,0.0605,0.2701423312734811
vscode,commit,bge-small,recent,title_module_all_recent,title,module,all,0.643525958994709,0.6570773809523809,0.48,0.4558333333333333,0.2733333333333334,0.7579166666666667,0.1929999999999999,0.875,0.1105,0.9795833333333336
vscode,commit,bge-small,recent,desc_file_all_recent,desc,file,all,0.2045021769641883,0.2944404761904762,0.215,0.1189188261998616,0.1383333333333333,0.2064906962158106,0.109,0.2403858982360126,0.08,0.3340571549763483
vscode,commit,bge-small,recent,desc_module_all_recent,desc,module,all,0.6214265873015873,0.6358869047619047,0.44,0.4133333333333333,0.2766666666666666,0.7629166666666666,0.197,0.89375,0.1094999999999999,0.9758333333333334
vscode,commit,bge-small,recent,diff_file_all_recent,diff,file,all,0.2214430957146516,0.3107063492063491,0.23,0.1267464317083882,0.1466666666666666,0.2197060276679842,0.1259999999999999,0.293717030553987,0.0865,0.352085911085482
vscode,commit,bge-small,recent,diff_module_all_recent,diff,module,all,0.5466324404761904,0.5602579365079364,0.405,0.3833333333333333,0.2216666666666666,0.6104166666666666,0.172,0.77625,0.1035,0.91125
vscode,commit,bge-small,modn,title_file_w100_modn,title,file,w100,0.0202529761904761,0.0214583333333333,0.02,0.02,0.0066666666666666,0.02,0.004,0.02,0.003,0.0216071428571428
vscode,commit,bge-small,modn,title_module_w100_modn,title,module,w100,0.7373214285714286,0.7422579365079365,0.59,0.57875,0.2916666666666667,0.85375,0.184,0.89,0.1045,1.0
vscode,commit,bge-small,modn,desc_file_w100_modn,desc,file,w100,0.0207533068783068,0.0235555555555555,0.02,0.02,0.0083333333333333,0.02125,0.005,0.02125,0.0035,0.0224404761904761
vscode,commit,bge-small,modn,desc_module_w100_modn,desc,module,w100,0.7460119047619048,0.7517559523809524,0.61,0.59625,0.29,0.845,0.185,0.895,0.1045,1.0
vscode,commit,bge-small,modn,diff_file_w100_modn,diff,file,w100,0.0222516835016835,0.0305555555555555,0.03,0.0217045454545454,0.0116666666666666,0.0221590909090909,0.007,0.0221590909090909,0.004,0.0229924242424242
vscode,commit,bge-small,modn,diff_module_w100_modn,diff,module,w100,0.7751160714285714,0.7787976190476189,0.65,0.63625,0.3033333333333333,0.8825,0.197,0.94875,0.1045,1.0
vscode,commit,bge-small,modn,title_file_w1000_modn,title,file,w1000,0.0280092592592592,0.0391666666666666,0.03,0.0225,0.0166666666666666,0.035625,0.01,0.035625,0.006,0.0374305555555555
vscode,commit,bge-small,modn,title_module_w1000_modn,title,module,w1000,0.5760496031746032,0.5816686507936508,0.38,0.3675,0.2383333333333333,0.69375,0.184,0.88375,0.1045,1.0
vscode,commit,bge-small,modn,desc_file_w1000_modn,desc,file,w1000,0.0307638888888888,0.0404166666666666,0.035,0.0275,0.015,0.03125,0.011,0.0375,0.006,0.0383333333333333
vscode,commit,bge-small,modn,desc_module_w1000_modn,desc,module,w1000,0.5639900793650794,0.5662757936507936,0.335,0.325,0.2466666666666666,0.71125,0.1939999999999999,0.92875,0.1045,1.0
vscode,commit,bge-small,modn,diff_file_w1000_modn,diff,file,w1000,0.0316022727272727,0.0463333333333333,0.04,0.0279545454545454,0.0166666666666666,0.0317045454545454,0.011,0.0329545454545454,0.007,0.0431818181818181
vscode,commit,bge-small,modn,diff_module_w1000_modn,diff,module,w1000,0.5089513888888889,0.5154305555555555,0.32,0.30375,0.2116666666666666,0.6075,0.162,0.7675,0.1045,1.0
vscode,commit,bge-small,modn,title_file_all_modn,title,file,all,0.1139125765939497,0.1705595238095237,0.12,0.0711663365370262,0.0816666666666666,0.1227562939933629,0.064,0.1574496064280547,0.0485,0.1993329400484572
vscode,commit,bge-small,modn,title_module_all_modn,title,module,all,0.6660972222222221,0.6702936507936508,0.505,0.49625,0.265,0.77625,0.184,0.88625,0.1045,1.0
vscode,commit,bge-small,modn,desc_file_all_modn,desc,file,all,0.1389599824664479,0.2070039682539682,0.145,0.0785793402000298,0.0983333333333333,0.1530955797076486,0.077,0.188711716444475,0.055,0.2377156349397728
vscode,commit,bge-small,modn,desc_module_all_modn,desc,module,all,0.679577380952381,0.6834821428571429,0.52,0.5125,0.2716666666666666,0.79375,0.188,0.90375,0.1045,1.0
vscode,commit,bge-small,modn,diff_file_all_modn,diff,file,all,0.1114063638081495,0.1737519841269841,0.12,0.0673176406926406,0.0766666666666666,0.11258658008658,0.064,0.1503442864606657,0.051,0.2095869719361098
vscode,commit,bge-small,modn,diff_module_all_modn,diff,module,all,0.4829265873015873,0.4904841269841269,0.32,0.30625,0.1933333333333333,0.55875,0.147,0.69875,0.102,0.975
vscode,commit,bge-large,recent,title_file_w100_recent,title,file,w100,0.161354628415925,0.2481071428571428,0.195,0.1060467171717171,0.105,0.1611360028860028,0.088,0.2152950937950938,0.059,0.2627439456678587
vscode,ticket,bge-small,recent,title_file_w100_recent,title,file,w100,0.0673685764937138,0.1137182539682539,0.065,0.0336388888888888,0.0533333333333333,0.0923611111111111,0.041,0.100479078613694,0.0285,0.1248838405184558
vscode,ticket,bge-small,recent,title_module_w100_recent,title,module,w100,0.8198005952380953,0.8256309523809523,0.72,0.7125,0.315,0.9275,0.1969999999999999,0.9625,0.1025,0.985
vscode,ticket,bge-small,recent,desc_file_w100_recent,desc,file,w100,0.0717080140784124,0.1193194444444444,0.06,0.0295,0.0533333333333333,0.0919960317460317,0.043,0.1185138888888888,0.0315,0.1475306659152813
vscode,ticket,bge-small,recent,desc_module_w100_recent,desc,module,w100,0.8449017857142858,0.8496309523809523,0.745,0.7375,0.325,0.94875,0.1979999999999999,0.96125,0.1025,0.985
vscode,ticket,bge-small,recent,comments_file_w100_recent,comments,file,w100,0.0789988267023981,0.1247123015873015,0.07,0.0436666666666666,0.0533333333333333,0.0930496031746031,0.044,0.1151767676767676,0.0309999999999999,0.1530398629148629
vscode,ticket,bge-small,recent,comments_module_w100_recent,comments,module,w100,0.85221875,0.857297619047619,0.76,0.7525,0.3216666666666666,0.94125,0.198,0.96125,0.1025,0.985
vscode,ticket,bge-small,recent,title_file_w1000_recent,title,file,w1000,0.1791993109175114,0.2256388888888888,0.145,0.1000138888888889,0.1066666666666666,0.1873441579787733,0.093,0.2729136024232177,0.06,0.3357252907349061
vscode,ticket,bge-small,recent,title_module_w1000_recent,title,module,w1000,0.8664856150793651,0.8693809523809523,0.77,0.7625,0.325,0.95625,0.203,0.98625,0.1045,0.99875
vscode,ticket,bge-small,recent,desc_file_w1000_recent,desc,file,w1000,0.1815991733488886,0.2495138888888889,0.155,0.0931388888888888,0.1166666666666666,0.2152083333333333,0.093,0.282626121463078,0.066,0.3692273119392684
vscode,ticket,bge-small,recent,desc_module_w1000_recent,desc,module,w1000,0.8629781746031746,0.8635833333333331,0.75,0.7425,0.33,0.96875,0.203,0.9875,0.1045,0.99875
vscode,ticket,bge-small,recent,comments_file_w1000_recent,comments,file,w1000,0.1987107487238051,0.2379742063492063,0.135,0.1005,0.1166666666666666,0.2206309523809523,0.103,0.3022471532091097,0.073,0.3908097826086957
vscode,ticket,bge-small,recent,comments_module_w1000_recent,comments,module,w1000,0.8582862103174602,0.8596726190476189,0.745,0.7375,0.3333333333333333,0.9725,0.2019999999999999,0.9825,0.1045,0.99875
vscode,ticket,bge-small,recent,title_file_all_recent,title,file,all,0.1511599580737401,0.1946130952380952,0.11,0.0784870151216305,0.09,0.1766259040105193,0.076,0.2345860453648915,0.0585,0.308401169343477
vscode,ticket,bge-small,recent,title_module_all_recent,title,module,all,0.6945808531746033,0.6987162698412698,0.515,0.50625,0.2916666666666667,0.8525,0.19,0.92,0.104,0.99625
vscode,ticket,bge-small,recent,desc_file_all_recent,desc,file,all,0.1778888909268298,0.2518769841269841,0.155,0.0940286817882972,0.1166666666666666,0.2151181478777632,0.095,0.2628930417872726,0.0669999999999999,0.3362196056915957
vscode,ticket,bge-small,recent,desc_module_all_recent,desc,module,all,0.7026150793650794,0.7082460317460317,0.55,0.53875,0.2833333333333334,0.83,0.1939999999999999,0.94375,0.104,0.9975
vscode,ticket,bge-small,recent,comments_file_all_recent,comments,file,all,0.1992739588088529,0.2657460317460317,0.17,0.1218481262327416,0.11,0.2033919574015727,0.095,0.2767224068666376,0.0684999999999999,0.3583020350144096
vscode,ticket,bge-small,recent,comments_module_all_recent,comments,module,all,0.7134474206349206,0.716626984126984,0.575,0.56625,0.2816666666666667,0.8225,0.191,0.92625,0.1045,0.99875
vscode,ticket,bge-small,modn,title_file_w100_modn,title,file,w100,0.0150551411488319,0.031297619047619,0.02,0.011547619047619,0.0099999999999999,0.0140479208524117,0.011,0.0220482226572043,0.008,0.0238824614049156
vscode,ticket,bge-small,modn,title_module_w100_modn,title,module,w100,0.8538015422077921,0.8691428571428571,0.785,0.7529545454545454,0.3216666666666666,0.8955303030303031,0.213,0.9510227272727272,0.113,0.9819696969696968
vscode,ticket,bge-small,modn,desc_file_w100_modn,desc,file,w100,0.0228192118279073,0.0382619047619047,0.02,0.0120833333333333,0.0183333333333333,0.0311277527851848,0.013,0.0361280545899774,0.0104999999999999,0.0491292618091481
vscode,ticket,bge-small,modn,desc_module_w100_modn,desc,module,w100,0.8587459866522366,0.8777261904761905,0.805,0.7704545454545455,0.3183333333333333,0.8884469696969697,0.208,0.9368560606060606,0.113,0.9819696969696968
vscode,ticket,bge-small,modn,comments_file_w100_modn,comments,file,w100,0.0222443407409642,0.0398055555555555,0.02,0.0095833333333333,0.0166666666666666,0.0263336351381259,0.016,0.0463342387477113,0.011,0.0516479459668819
vscode,ticket,bge-small,modn,comments_module_w100_modn,comments,module,w100,0.8565872564935065,0.8763095238095238,0.805,0.7679545454545454,0.32,0.8901136363636364,0.206,0.9293560606060606,0.113,0.9819696969696968
vscode,ticket,bge-small,modn,title_file_w1000_modn,title,file,w1000,0.0527470936056398,0.081781746031746,0.055,0.031051282051282,0.0349999999999999,0.0589358974358974,0.027,0.0753205128205128,0.0215,0.1059147881092961
vscode,ticket,bge-small,modn,title_module_w1000_modn,title,module,w1000,0.7524149230399231,0.7705337301587301,0.62,0.5796212121212121,0.3166666666666666,0.8767424242424243,0.204,0.9251515151515152,0.116,0.9915909090909092
vscode,ticket,bge-small,modn,desc_file_w1000_modn,desc,file,w1000,0.0509695750313082,0.0839702380952381,0.055,0.024384917189408,0.0483333333333333,0.0572822025486162,0.039,0.0840766220004677,0.027,0.1019332836117818
vscode,ticket,bge-small,modn,desc_module_w1000_modn,desc,module,w1000,0.7502727272727273,0.767422619047619,0.625,0.5854545454545454,0.315,0.8696969696969696,0.205,0.9222727272727272,0.116,0.9915909090909092
vscode,ticket,bge-small,modn,comments_file_w1000_modn,comments,file,w1000,0.0566514265192511,0.0992876984126984,0.07,0.0293500874680458,0.0499999999999999,0.0554581571409795,0.043,0.0712261940396699,0.0305,0.1036256855725661
vscode,ticket,bge-small,modn,comments_module_w1000_modn,comments,module,w1000,0.7398807720057721,0.7556230158730157,0.595,0.5579545454545455,0.3183333333333333,0.8771969696969697,0.207,0.9272727272727272,0.1165,0.9920454545454546
vscode,ticket,bge-small,modn,title_file_all_modn,title,file,all,0.1309560683613551,0.1853670634920634,0.13,0.0762623681698002,0.0833333333333333,0.1255026915718883,0.079,0.1803558390604089,0.055,0.2466238535911608
vscode,ticket,bge-small,modn,title_module_all_modn,title,module,all,0.639790404040404,0.6509067460317459,0.465,0.4325,0.2783333333333334,0.7617424242424242,0.1939999999999999,0.8647348484848485,0.116,0.9969696969696968
vscode,ticket,bge-small,modn,desc_file_all_modn,desc,file,all,0.1515601101994235,0.2113988095238095,0.16,0.0964501234060057,0.0966666666666666,0.1450864411556379,0.0839999999999999,0.2014382949262223,0.0565,0.2510439717946364
vscode,ticket,bge-small,modn,desc_module_all_modn,desc,module,all,0.5703767135642136,0.5791111111111111,0.385,0.3525,0.2483333333333333,0.6713257575757575,0.1879999999999999,0.8243181818181817,0.1155,0.9886363636363636
vscode,ticket,bge-small,modn,comments_file_all_modn,comments,file,all,0.139482418073603,0.190140873015873,0.12,0.0666750700280112,0.0966666666666666,0.1496145276292335,0.076,0.190791923762512,0.059,0.2813892202264123
vscode,ticket,bge-small,modn,comments_module_all_modn,comments,module,all,0.5879007034632034,0.5980079365079365,0.41,0.3729545454545455,0.25,0.6717803030303031,0.1919999999999999,0.8339393939393939,0.1155,0.9874242424242424
vscode,ticket,bge-large,recent,title_file_w100_recent,title,file,w100,0.063487931459566,0.1075099206349206,0.065,0.0383888888888888,0.0466666666666666,0.0695167770263924,0.036,0.083083157227388,0.029,0.1282458556400864
vscode,ticket,bge-large,recent,title_module_w100_recent,title,module,w100,0.8444434523809525,0.8496666666666667,0.76,0.7525,0.3133333333333333,0.9225,0.1989999999999999,0.97,0.1025,0.985
vscode,ticket,bge-large,recent,desc_file_w100_recent,desc,file,w100,0.05776443001443,0.1005039682539682,0.06,0.0309999999999999,0.0433333333333333,0.0684960317460317,0.036,0.0966291486291486,0.0255,0.1256470057720057
vscode,ticket,bge-large,recent,desc_module_w100_recent,desc,module,w100,0.8895684523809524,0.8953333333333333,0.845,0.8375,0.3183333333333333,0.92875,0.196,0.95,0.1025,0.985
vscode,ticket,bge-large,recent,comments_file_w100_recent,comments,file,w100,0.0630800244944266,0.1054206349206349,0.06,0.0358809523809523,0.0433333333333333,0.0680110420979986,0.037,0.094112232574189,0.0285,0.1396143970763536
vscode,ticket,bge-large,recent,comments_module_w100_recent,comments,module,w100,0.8835267857142857,0.8890833333333333,0.84,0.8325,0.31,0.90625,0.195,0.945,0.1025,0.985
vscode,ticket,bge-large,recent,title_file_w1000_recent,title,file,w1000,0.1896013004850817,0.2399761904761904,0.15,0.0997678571428571,0.1166666666666666,0.2158015873015873,0.096,0.2730298032513751,0.063,0.3432599619815339
vscode,ticket,bge-large,recent,title_module_w1000_recent,title,module,w1000,0.882669642857143,0.8824166666666667,0.8,0.7925,0.325,0.9525,0.201,0.975,0.1045,0.99875
vscode,ticket,bge-large,recent,desc_file_w1000_recent,desc,file,w1000,0.2043389325199774,0.2532261904761904,0.155,0.1136666666666666,0.1366666666666666,0.247640873015873,0.102,0.2998928571428571,0.066,0.3479305969021687
vscode,ticket,bge-large,recent,desc_module_w1000_recent,desc,module,w1000,0.8712966269841271,0.871375,0.78,0.7725,0.3266666666666667,0.9575,0.201,0.98,0.1045,0.99875
vscode,ticket,bge-large,recent,comments_file_w1000_recent,comments,file,w1000,0.2273263388017977,0.2798630952380952,0.175,0.1299365079365079,0.1366666666666666,0.268765873015873,0.105,0.3154900793650794,0.0715,0.3805565009126882
vscode,ticket,bge-large,recent,comments_module_w1000_recent,comments,module,w1000,0.8850600198412698,0.8850476190476191,0.8,0.7925,0.3266666666666667,0.9575,0.1989999999999999,0.9725,0.1045,0.99875
vscode,ticket,bge-large,recent,title_file_all_recent,title,file,all,0.1538625384824102,0.1913809523809524,0.085,0.0712647928994082,0.0966666666666666,0.1962478397670705,0.08,0.2412864421902883,0.059,0.3185867732694656
vscode,ticket,bge-large,recent,title_module_all_recent,title,module,all,0.7640853174603174,0.767095238095238,0.65,0.63875,0.2883333333333333,0.84875,0.1879999999999999,0.91125,0.104,0.99
vscode,ticket,bge-large,recent,desc_file_all_recent,desc,file,all,0.1787344063334487,0.2436765873015873,0.15,0.0993809523809523,0.1099999999999999,0.1904782159497878,0.089,0.2485893270608989,0.0665,0.3466588128519566
vscode,ticket,bge-large,recent,desc_module_all_recent,desc,module,all,0.7631651785714285,0.7666527777777778,0.64,0.62875,0.29,0.85375,0.1929999999999999,0.93625,0.1045,0.99875
vscode,ticket,bge-large,recent,comments_file_all_recent,comments,file,all,0.2074134429863666,0.2770575396825397,0.185,0.1192886024232178,0.1249999999999999,0.2187372739208023,0.102,0.2934824430029279,0.075,0.3922829915346638
vscode,ticket,bge-large,recent,comments_module_all_recent,comments,module,all,0.7569419642857141,0.7599702380952381,0.62,0.60875,0.2983333333333333,0.8725,0.1929999999999999,0.93375,0.1045,0.99875
vscode,ticket,bge-large,modn,title_file_w100_modn,title,file,w100,0.0149535770335175,0.0246309523809523,0.015,0.0107142857142857,0.01,0.0182145875190783,0.008,0.020714889323871,0.008,0.0272163983478343
vscode,ticket,bge-large,modn,title_module_w100_modn,title,module,w100,0.8531973755411255,0.8703452380952382,0.795,0.7629545454545454,0.3183333333333333,0.8909469696969697,0.21,0.9410227272727272,0.113,0.9819696969696968
vscode,ticket,bge-large,modn,desc_file_w100_modn,desc,file,w100,0.0183379117240143,0.0312083333333333,0.01,0.0058333333333333,0.0149999999999999,0.0265479208524117,0.012,0.027798524461997,0.011,0.0438000334859603
vscode,ticket,bge-large,modn,desc_module_w100_modn,desc,module,w100,0.8516626533189033,0.8717619047619047,0.795,0.7604545454545455,0.32,0.8926136363636364,0.206,0.9306060606060608,0.113,0.9819696969696968
vscode,ticket,bge-large,modn,comments_file_w100_modn,comments,file,w100,0.0279182764179795,0.0395059523809523,0.02,0.02,0.0183333333333333,0.0327979208524117,0.014,0.033298524461997,0.011,0.0450497316811676
vscode,ticket,bge-large,modn,comments_module_w100_modn,comments,module,w100,0.851689439033189,0.8713452380952381,0.795,0.7604545454545455,0.3183333333333333,0.8876136363636364,0.211,0.9443560606060606,0.113,0.9819696969696968
vscode,ticket,bge-large,modn,title_file_w1000_modn,title,file,w1000,0.0595589719962738,0.0937202380952381,0.06,0.0371669684714593,0.0433333333333333,0.0659695770935759,0.035,0.0912404104269093,0.023,0.1055786457210269
vscode,ticket,bge-large,modn,title_module_w1000_modn,title,module,w1000,0.766088924963925,0.7823869047619048,0.65,0.6071212121212121,0.3166666666666666,0.8684090909090909,0.208,0.9289015151515152,0.116,0.9915909090909092
vscode,ticket,bge-large,modn,desc_file_w1000_modn,desc,file,w1000,0.0581655002042807,0.098547619047619,0.075,0.0406790348364668,0.0516666666666666,0.0600847235570196,0.037,0.0672127781469971,0.0265,0.0970796329409871
vscode,ticket,bge-large,modn,desc_module_w1000_modn,desc,module,w1000,0.7660363455988457,0.7816984126984127,0.645,0.6079545454545454,0.3133333333333333,0.8684469696969697,0.205,0.9206060606060606,0.1159999999999999,0.9915909090909092
vscode,ticket,bge-large,modn,comments_file_w1000_modn,comments,file,w1000,0.0606062889976781,0.1015119047619047,0.075,0.036932536237027,0.0533333333333333,0.0696861374385015,0.043,0.0863583096755378,0.0299999999999999,0.1116678682351048
vscode,ticket,bge-large,modn,comments_module_w1000_modn,comments,module,w1000,0.7657041847041846,0.7799285714285715,0.635,0.5979545454545455,0.3216666666666666,0.8796969696969696,0.209,0.932689393939394,0.1165,0.9920454545454546
vscode,ticket,bge-large,modn,title_file_all_modn,title,file,all,0.1691431738973132,0.2411984126984126,0.175,0.1067440268619852,0.12,0.1704030609303863,0.1009999999999999,0.221556142617835,0.072,0.2918513392922971
vscode,ticket,bge-large,modn,title_module_all_modn,title,module,all,0.6547453553391054,0.6709980158730159,0.505,0.4691666666666666,0.2733333333333334,0.745909090909091,0.1889999999999999,0.8434848484848484,0.115,0.9824242424242424
vscode,ticket,bge-large,modn,desc_file_all_modn,desc,file,all,0.1663602207720421,0.2317420634920635,0.155,0.0929740731315051,0.115,0.1802266031002906,0.092,0.2228714644129572,0.0675,0.3073665852262736
vscode,ticket,bge-large,modn,desc_module_all_modn,desc,module,all,0.6222963564213564,0.6336488095238095,0.475,0.4429545454545455,0.265,0.7159469696969697,0.186,0.8268181818181817,0.115,0.9894696969696968
vscode,ticket,bge-large,modn,comments_file_all_modn,comments,file,all,0.1867711872882301,0.2487876984126984,0.16,0.0960477806507218,0.1216666666666666,0.2214858425887838,0.099,0.2740765441898585,0.0705,0.331541746392374
vscode,ticket,bge-large,modn,comments_module_all_modn,comments,module,all,0.6423569624819625,0.6512162698412698,0.495,0.4629545454545454,0.2716666666666666,0.7342803030303031,0.1909999999999999,0.8422727272727272,0.117,0.9945454545454544
